"J1001","J1031","J1046","J1047","J1056","J1075","J1096","J1152","J1222","J1266","J1318","J1345","J1351","J1355","J1366","J1368","J1392","J1398","J1399","J1423","J145","J1458","J1463","J1506","J1529","J1532","J1602","J1618","J1623","J1627","J1631","J1633","J164","J1711","J1726","J1735","J1879","J1893","J1902","J1916","J1917","J1953","J1962","J1965","J1973","J1979","J2025","J2039","J2072","J2077","J2090","J2124","J2126","J2128","J2130","J2141","J2149","J2154","J2168","J2196","J2197","J2263","J2267","J2280","J229","J230","J2331","J2375","J2377","J2382","J2392","J2395","J2446","J2540","J2546","J2563","J2619","J2621","J2652A","J2661","J2710","J2782","J289","J2941","J2942","J295","J2952","J2961","J2969","J2984","J2986","J3019","J3085","J3126","J3295","J3369","J338","J3383","J3462","J3473","J3477","J3490","J3493","J3506","J3508","J3526","J3536","J3537","J3549","J3585","J3586","J3590","J3594","J3610","J3631","J3699","J3702","J3714","J3716","J3718","J3727","J3740","J3753","J3757","J3759","J3777","J3828","J3840","J3842","J3862","J3884","J3896","J3899","J3918","J3926","J3943","J3972","J3987","J4001","J4013","J4039","J4044","J4046","J4048","J4049","J4052","J4056","J4081","J4093","J4095","J41","J4109","J4111","J4112","J4138","J4151","J4161","J4162","J4180","J4189","J42","J4205","J4214","J4226","J4278","J4282","J4304","J4312","J4315","J4337","J4345","J446","J4474","J4513","J4514","J4515","J4521","J4535","J4539","J4557","J4558","J4562","J4566","J4569","J4572","J4573","J4574","J4576","J4580","J4581","J4587","J4591","J4592","J4596","J4601","J4605","J4624","J4630","J4634","J4643","J4644","J4645","J4646","J4648","J4651","J4652","J4658","J4660","J4680","J4686","J4688","J4692","J4713","J4715","J4725","J4727","J4728","J4732","J4733","J4747","J4749","J4752","J4754","J4757","J4758","J4770","J4777","J4778","J4782","J4796","J4797","J4798","J4801","J4802","J4806","J4812","J4814","J4836","J4840","J4848","J4851","J4878","J4912","J4916","J4920","J4922","J4924","J4945B","J4951","J4954","J4957","J4961","J4967","J4976","J4985","J4986","J4998","J4999","J5000","J5001","J5006","J5016","J5018","J5019","J5020","J5021","J5022","J5024","J5025","J5028","J5030","J5032","J5034","J5036","J5039","J5040","J5042","J5043","J5048","J5049","J505","J5051","J5052","J5053","J5056","J5057","J5058","J5061","J5063","J5064","J5068","J5071","J5072","J5074","J5075","J5081","J509","J516","J56","J587","J595","J618","J625","J745","J793","J831","J837","J843","J856","J889","J899","J933","J971","J972","J990"
0,0,0,0,0,0,0.0319148936170213,0,0.0102040816326531,0,0,0.0264900662251656,0.0116959064327485,0,0,0,0,0,0.015625,0,0.00680272108843537,0,0,0,0,0,0,0,0,0.00847457627118644,0.0204081632653061,0,0.0273972602739726,0,0,0.0124223602484472,0.0185185185185185,0,0,0,0,0.00584795321637427,0,0,0,0,0,0,0,0.185840707964602,0,0,0,0,0,0,0,0,0,0,0,0,0,0,0.00917431192660551,0,0.0238095238095238,0.0132450331125828,0,0,0,0,0,0,0,0,0.0227272727272727,0,0,0,0,0,0.0235294117647059,0,0,0,0,0,0.0185185185185185,0,0,0,0,0,0,0,0.0142857142857143,0.0377358490566038,0,0,0,0,0,0,0,0,0,0,0.0222222222222222,0,0,0,0,0,0,0,0,0,0,0,0,0.0144927536231884,0,0,0,0,0,0,0,0,0,0,0,0.0234375,0.0645161290322581,0,0,0,0,0,0,0,0,0,0,0,0,0,0,0,0.029585798816568,0,0,0.019047619047619,0,0,0,0,0,0.008,0.0163265306122449,0,0,0,0,0,0,0,0,0,0,0,0,0,0,0,0,0.0119047619047619,0,0,0,0,0,0,0,0,0,0,0.0304568527918782,0,0.0258064516129032,0,0,0,0.0141843971631206,0,0,0.0485436893203883,0.0135135135135135,0,0.0274725274725275,0,0,0,0.0224719101123595,0.00546448087431694,0,0,0.0106761565836299,0.00826446280991736,0,0,0,0,0,0,0.00543478260869565,0,0,0.0201342281879195,0,0,0,0,0.025,0,0,0,0.00303030303030303,0,0,0,0,0,0,0,0,0,0,0,0,0,0,0,0,0,0,0,0,0,0,0,0.0128205128205128,0,0,0,0,0,0,0,0,0,0,0,0,0,0,0,0,0,0,0,0,0,0,0,0,0,0,0,0,0,0,0,0,0,0,0.0144927536231884,0,0,0,0,0,0,0,0,0,0,0,0,0.0286885245901639,0,0,0,0,0.0194805194805195,0.0431654676258993,0,0,0,0,0,0,0,0
0,0,0,0,0,0,0,0,0,0,0,0,0,0,0,0,0,0,0,0,0,0,0,0,0,0,0,0,0,0,0,0,0,0,0,0,0,0,0.00613496932515337,0,0,0,0,0,0,0,0,0,0,0,0,0,0,0,0,0,0,0,0,0.0147058823529412,0.0434782608695652,0,0,0,0,0,0,0,0,0,0,0,0,0,0,0,0,0,0,0,0,0,0,0,0,0,0,0,0,0,0,0,0,0,0,0,0,0,0,0,0,0,0,0,0,0,0,0,0,0,0,0,0,0.0357142857142857,0,0,0,0,0,0,0,0,0.0147058823529412,0,0,0,0,0,0,0,0,0,0,0,0,0,0,0.0238095238095238,0,0,0,0,0,0,0,0,0,0,0,0,0,0,0,0,0,0,0,0,0,0,0,0,0,0,0,0,0,0,0,0,0,0,0,0,0,0,0,0,0,0,0,0,0,0,0,0,0,0,0,0,0,0,0,0,0,0,0,0,0,0,0,0,0.00760456273764259,0,0,0,0,0,0,0,0,0,0,0,0,0,0,0,0,0,0,0,0,0,0,0,0,0,0,0,0,0,0,0,0,0,0,0,0,0,0,0,0,0,0,0,0,0,0,0,0,0,0,0,0,0,0,0,0,0,0,0,0,0,0,0,0,0,0,0,0,0,0,0,0,0,0,0,0,0,0,0,0,0,0,0,0,0,0,0,0,0,0,0,0,0,0,0,0,0,0,0,0,0,0,0,0,0,0,0.032258064516129,0,0,0,0,0
0,0,0,0,0.024390243902439,0,0,0,0,0,0,0,0,0,0,0.0651685393258427,0,0,0,0,0,0,0,0,0.2,0.0177304964539007,0.0131004366812227,0.0324675324675325,0,0,0,0,0,0,0,0,0,0.00595238095238095,0.0525,0,0,0,0,0,0,0,0,0,0.0134680134680135,0,0,0.0372670807453416,0.0051150895140665,0,0.0667613636363636,0,0,0,0,0.0124223602484472,0,0.00789473684210526,0,0,0,0,0,0,0,0,0.0498915401301518,0,0,0.00304878048780488,0,0,0,0,0.0454545454545455,0,0,0,0,0.0315315315315315,0,0.0037593984962406,0.0160771704180064,0.00238095238095238,0,0,0,0,0.0385964912280702,0.024390243902439,0,0,0,0,0,0.0836734693877551,0,0,0,0,0,0.00371747211895911,0,0,0,0,0.00367647058823529,0,0.00555555555555556,0.00704225352112676,0,0,0,0,0,0,0,0,0.00307692307692308,0,0.0112359550561798,0,0,0.0226537216828479,0,0,0,0.0235294117647059,0,0,0,0,0,0,0,0,0.0164473684210526,0.0383480825958702,0.00641025641025641,0,0,0,0,0,0,0,0,0,0,0,0,0,0,0,0,0,0,0,0,0,0.00307692307692308,0.0260223048327138,0.0200573065902579,0,0,0,0.0550724637681159,0.0297029702970297,0,0,0,0,0.0531914893617021,0,0,0,0.00740740740740741,0.00754716981132075,0,0,0.0376811594202899,0,0,0.00554016620498615,0,0,0,0,0,0,0,0,0.00346020761245675,0,0,0,0,0.00421052631578947,0.00384615384615385,0,0,0,0,0,0,0,0,0,0,0.00324675324675325,0,0,0,0,0,0,0,0,0,0,0,0,0,0.0107142857142857,0.0369685767097967,0.00636942675159236,0.00380228136882129,0,0.019672131147541,0,0,0,0,0,0,0.00611620795107034,0,0,0,0,0,0.0148367952522255,0.0441988950276243,0,0,0,0,0.00315457413249211,0,0,0,0,0,0,0,0,0.00328947368421053,0,0,0,0,0,0,0,0,0,0,0,0.00466200466200466,0.00292397660818713,0.00344827586206897,0,0,0,0,0,0.00259067357512953,0,0,0,0,0,0,0,0,0,0,0,0,0,0,0,0,0,0,0,0,0,0.0111940298507463,0,0,0,0,0,0,0,0,0,0.00341296928327645,0.0205128205128205,0
0,0,0,0,0,0,0,0,0,0,0,0,0,0,0,0,0,0,0,0,0,0,0,0,0,0,0.004739336492891,0,0,0,0,0,0,0,0,0,0,0,0,0,0,0,0,0,0,0,0,0,0,0,0,0,0.0217391304347826,0,0,0,0,0,0,0.0136986301369863,0,0.00769230769230769,0,0,0,0,0,0,0,0,0,0,0,0,0,0,0,0,0,0,0,0,0,0,0,0,0,0.0180722891566265,0,0,0,0,0,0.0120481927710843,0,0,0,0,0,0,0,0,0,0,0,0,0,0,0,0,0,0,0,0,0,0,0,0,0,0.0212765957446809,0,0,0.0136986301369863,0,0.0188679245283019,0,0,0,0,0,0,0,0,0,0,0,0,0.0212765957446809,0,0,0,0,0.0163934426229508,0,0,0,0,0,0,0,0,0,0,0,0.00819672131147541,0,0,0,0,0,0,0,0,0,0.0136986301369863,0,0.00970873786407767,0,0,0,0,0,0,0,0,0,0,0,0,0,0,0,0,0.0142857142857143,0,0,0.0277777777777778,0,0,0,0,0,0,0,0,0,0,0,0,0,0,0.00446428571428571,0.00746268656716418,0,0,0,0,0,0,0,0,0,0,0.0178571428571429,0,0,0,0,0,0,0,0,0,0,0,0,0,0.0333333333333333,0.00324675324675325,0,0,0,0.0172413793103448,0,0,0,0,0,0,0,0,0,0,0,0,0,0,0,0,0,0,0,0,0,0,0,0,0,0.307692307692308,0,0,0,0,0,0,0,0,0,0,0,0,0,0.0112994350282486,0.0111111111111111,0.0263157894736842,0,0,0,0,0.0555555555555556,0.00746268656716418,0,0,0,0,0,0,0,0,0,0,0,0,0,0,0,0,0,0,0,0,0,0,0,0,0,0,0,0,0,0,0,0,0.0138888888888889,0
0,0,0.024390243902439,0,0,0,0,0,0,0,0,0,0,0,0,0.0440251572327044,0,0,0,0,0,0,0,0,0.0313390313390313,0.013986013986014,0.0222222222222222,0.0114942528735632,0.0141843971631206,0,0,0,0,0,0,0,0,0,0.0333333333333333,0,0,0,0,0,0,0,0,0,0.0324675324675325,0,0,0.0212765957446809,0.0161943319838057,0,0.0322033898305085,0,0,0,0,0.00546448087431694,0,0.0126050420168067,0,0,0,0,0,0,0,0,0.0555555555555556,0,0,0.00537634408602151,0,0,0,0,0.0201005025125628,0,0,0,0,0.025974025974026,0,0,0.0235294117647059,0.0108695652173913,0,0,0,0,0.0198675496688742,0.0104166666666667,0.00543478260869565,0.0161290322580645,0,0,0,0.0485175202156334,0,0,0,0,0,0,0,0,0,0,0.00769230769230769,0,0,0.0285714285714286,0,0,0,0,0,0.00636942675159236,0,0,0.010989010989011,0,0.0283018867924528,0,0,0.029585798816568,0,0,0,0.0510204081632653,0,0,0,0,0,0.0128205128205128,0,0,0.0308641975308642,0.05,0.00584795321637427,0,0,0,0,0,0,0,0,0.0210526315789474,0.0316455696202532,0,0.00865800865800866,0.0075187969924812,0,0,0,0,0,0,0,0,0.0395480225988701,0.0151515151515152,0.00943396226415094,0,0,0,0.0471698113207547,0.0240963855421687,0,0,0,0,0.113564668769716,0,0,0,0,0.016260162601626,0.00689655172413793,0,0.0285714285714286,0,0.00684931506849315,0.0091324200913242,0,0,0,0,0,0,0,0,0,0,0,0,0,0.0120845921450151,0.0133333333333333,0,0,0,0,0,0,0,0,0,0,0.0182926829268293,0,0,0,0,0,0,0,0,0,0,0,0,0,0.0291970802919708,0.00239234449760766,0.0175438596491228,0,0,0,0,0,0,0,0,0,0.0218579234972678,0,0,0,0,0,0,0.0260869565217391,0,0.0148148148148148,0,0,0.0114942528735632,0,0,0,0.00740740740740741,0,0,0,0,0.01875,0,0,0.00840336134453781,0.00819672131147541,0,0,0,0,0,0,0,0,0.005,0,0,0,0,0,0.0078125,0.00823045267489712,0,0,0,0,0,0,0.0128205128205128,0,0,0,0,0,0,0,0,0,0,0,0,0,0,0.0078125,0,0,0,0,0,0,0,0,0,0.00662251655629139,0.0199203187250996,0
0,0,0,0,0,0,0,0.0181818181818182,0.0135135135135135,0,0,0,0.00311526479750779,0,0,0,0,0,0,0,0,0,0,0,0,0,0,0,0,0.0106382978723404,0,0,0,0,0,0.0072463768115942,0.0117647058823529,0,0,0,0,0,0,0,0,0,0,0,0,0,0,0,0,0,0,0,0,0.027027027027027,0,0,0,0,0,0,0,0,0,0.0078125,0,0.0105263157894737,0,0,0,0,0,0,0,0,0,0,0,0.00980392156862745,0.00671140939597315,0,0,0,0,0,0,0,0,0,0,0,0,0,0,0,0,0,0,0,0,0,0,0,0,0,0,0,0,0,0,0,0,0,0,0,0,0,0,0,0,0,0,0,0,0,0,0,0,0,0,0.00943396226415094,0,0,0,0,0,0,0,0,0,0,0,0,0,0,0,0,0.00671140939597315,0,0,0.0375,0,0,0,0,0,0,0,0,0,0,0,0,0,0,0,0,0,0,0,0,0,0,0,0,0,0,0,0,0,0,0,0,0,0,0,0,0,0,0,0,0,0,0,0,0.0072992700729927,0,0.00574712643678161,0,0,0,0,0,0,0,0,0,0,0,0,0,0,0,0,0,0,0,0,0,0,0,0,0,0,0,0,0,0,0,0,0,0,0,0,0,0,0,0,0.0151515151515152,0,0,0,0,0,0,0,0,0,0,0,0,0,0,0,0,0,0,0,0,0,0,0,0,0,0,0,0,0,0,0,0,0,0,0,0,0,0,0,0,0,0,0,0,0,0,0,0,0,0,0,0,0,0,0,0,0,0,0.00888888888888889,0,0,0,0,0,0,0.0357142857142857,0,0,0.0121951219512195,0,0,0,0
0.0319148936170213,0,0,0,0,0,0,0,0,0,0,0.0823970037453183,0.0909090909090909,0.00540540540540541,0,0,0,0,0.0364583333333333,0,0.0367647058823529,0,0,0,0,0,0,0,0,0.012,0.0165745856353591,0,0.0145631067961165,0,0,0.0645161290322581,0.0338983050847458,0,0,0,0,0.108695652173913,0,0,0,0,0.0213903743315508,0,0,0.0428015564202335,0,0,0,0,0,0.00578034682080925,0.00606060606060606,0.0103092783505155,0,0,0,0,0,0,0.0472103004291846,0.00561797752808989,0.0377358490566038,0.0512820512820513,0,0.0452674897119342,0,0.00591715976331361,0.0112359550561798,0,0,0,0.00561797752808989,0,0,0.0465116279069767,0.00606060606060606,0,0.0807017543859649,0,0,0,0,0,0.0216216216216216,0,0.0144230769230769,0,0,0,0,0,0.0148514851485149,0.0161290322580645,0,0,0.00401606425702811,0.0110497237569061,0,0,0,0,0,0,0.00558659217877095,0,0,0,0,0,0,0,0,0,0.00537634408602151,0,0,0.0149253731343284,0,0,0,0,0,0,0,0,0,0,0,0.0557768924302789,0.00602409638554217,0,0,0,0,0,0,0,0,0,0,0,0,0,0,0,0.0405405405405405,0,0,0.0211864406779661,0,0,0.0161290322580645,0.00574712643678161,0,0.0236220472440945,0.0550964187327824,0.00448430493273543,0,0,0,0,0,0,0.00609756097560976,0,0,0,0,0,0,0,0,0.028169014084507,0,0,0,0,0,0,0,0,0,0,0.112211221122112,0,0.0280701754385965,0,0,0,0.0183823529411765,0.00561797752808989,0,0.0210970464135021,0.0533980582524272,0,0.0627615062761506,0,0,0.00609756097560976,0.00896860986547085,0.0635451505016722,0,0,0.0245098039215686,0.040650406504065,0.00609756097560976,0,0,0,0.0174418604651163,0,0,0,0,0.0214285714285714,0,0.00549450549450549,0,0,0,0,0,0,0.0021551724137931,0,0,0,0,0,0.0220994475138122,0,0,0,0,0,0,0,0,0,0,0,0,0,0,0,0,0,0,0,0,0,0,0,0,0,0,0,0,0,0,0,0,0,0,0,0,0,0,0.0040650406504065,0,0,0,0,0,0,0,0,0,0,0,0,0,0,0,0,0,0,0,0,0,0,0,0,0.00588235294117647,0,0.129032258064516,0,0,0,0,0.0777777777777778,0.0488721804511278,0.0274725274725275,0.0178571428571429,0,0,0.0376569037656904,0,0,0.0114285714285714
0,0,0,0,0,0.0181818181818182,0,0,0.0170940170940171,0,0,0.0233918128654971,0.00826446280991736,0,0,0,0.0588235294117647,0.0140845070422535,0,0.0185185185185185,0,0.0288461538461538,0.0121951219512195,0,0,0,0,0,0,0.0451127819548872,0,0.0185185185185185,0.0106382978723404,0,0,0,0,0,0,0.0404040404040404,0,0.0105263157894737,0.01,0,0.0374331550802139,0,0,0.0217391304347826,0,0,0,0,0,0,0,0,0,0,0.028169014084507,0,0,0,0,0,0.00775193798449612,0,0.00952380952380952,0,0.0151515151515152,0,0,0,0.03125,0,0,0,0,0,0,0.018348623853211,0,0.0425531914893617,0.0210526315789474,0,0,0,0,0,0.0135135135135135,0,0,0,0,0,0,0,0,0,0,0,0,0,0.0487804878048781,0,0,0,0.02,0,0.0153846153846154,0,0,0,0,0,0,0,0,0,0.0138888888888889,0,0,0.0112359550561798,0,0,0,0,0,0,0,0,0,0,0,0,0,0,0,0,0,0,0,0,0,0,0,0,0,0,0,0,0,0.008,0,0,0,0,0,0,0,0.00689655172413793,0,0.00917431192660551,0,0,0,0,0,0,0,0,0,0,0,0,0,0,0,0,0,0,0,0,0,0,0,0,0,0,0,0,0.00561797752808989,0,0,0,0,0.015625,0,0,0.00946372239747634,0,0.0102564102564103,0,0,0,0,0.0099009900990099,0,0,0.00996677740863787,0.0142857142857143,0,0,0,0,0,0,0.0199004975124378,0,0,0.00584795321637427,0,0.0147058823529412,0.0192307692307692,0.0151515151515152,0,0,0,0,0,0,0,0,0,0,0,0,0,0,0.0449438202247191,0,0,0.0277777777777778,0,0,0.03125,0,0,0.0535714285714286,0,0,0,0,0.0102040816326531,0,0,0,0,0,0,0,0,0,0,0,0,0,0,0,0,0,0,0,0,0,0,0,0,0,0,0,0,0,0,0,0,0,0,0,0,0,0,0,0,0,0,0,0.0188679245283019,0,0,0.0253164556962025,0.00743494423791822,0,0,0,0,0.00568181818181818,0,0.0138888888888889,0,0,0.016,0,0,0,0
0.0102040816326531,0,0,0,0,0.0135135135135135,0,0.0170940170940171,0,0,0,0,0,0,0,0,0.0138888888888889,0.0224719101123595,0,0,0,0.0495495495495495,0.0393258426966292,0,0,0,0,0,0,0.0193548387096774,0,0.0277777777777778,0,0,0.038961038961039,0,0,0,0,0.0368663594470046,0,0,0.0619469026548673,0,0.0191387559808612,0,0,0.038961038961039,0,0,0,0,0,0,0,0,0,0,0.0222222222222222,0,0,0,0,0,0,0,0,0,0,0,0,0,0,0,0,0.0256410256410256,0.0120481927710843,0.0192307692307692,0,0,0,0.0440251572327044,0,0,0,0,0,0,0,0,0.0175438596491228,0,0,0,0,0,0,0,0,0,0.0333333333333333,0,0.0606060606060606,0,0,0,0,0,0,0,0,0,0,0,0,0.0144927536231884,0.0144927536231884,0,0,0,0,0,0,0,0,0,0,0,0,0.0144927536231884,0,0,0,0,0,0,0,0,0,0,0,0,0,0,0,0,0,0.058252427184466,0.0135135135135135,0,0,0.013986013986014,0,0.00689655172413793,0.00546448087431694,0,0,0,0,0.0185185185185185,0,0.015748031496063,0,0,0,0,0,0.0357142857142857,0,0,0,0,0,0,0,0,0,0,0,0,0,0,0,0,0,0,0,0,0,0,0,0,0,0,0,0,0,0,0.00593471810089021,0,0,0,0,0,0,0.0045045045045045,0,0,0.0157232704402516,0,0,0,0,0,0,0,0.037037037037037,0,0,0,0,0,0,0,0,0,0,0,0,0,0,0,0,0,0,0,0,0,0.0275229357798165,0,0,0.04,0,0,0.0442477876106195,0,0,0,0,0,0,0.00793650793650794,0.0350877192982456,0,0,0,0,0,0,0,0,0,0,0,0,0,0,0,0,0,0,0,0,0,0,0,0,0,0,0,0,0,0,0,0,0,0,0.00925925925925926,0,0,0,0,0,0,0,0,0,0,0,0.0204081632653061,0,0,0,0,0,0,0,0,0,0,0.0895522388059701,0,0,0,0
0,0,0,0,0,0,0,0,0,0,0,0,0,0,0,0,0,0,0,0,0,0,0,0,0,0,0,0,0,0,0,0,0,0,0,0,0,0,0,0,0,0,0,0,0,0,0,0,0,0,0,0,0,0,0,0,0,0,0,0,0,0,0,0,0,0,0,0,0,0,0,0,0,0,0,0,0,0,0,0,0,0,0,0,0,0,0,0,0,0,0,0,0,0,0,0,0,0,0,0,0,0,0,0,0,0,0,0,0,0,0,0,0,0,0,0,0,0,0,0,0,0,0,0,0,0,0,0,0,0,0,0,0,0,0,0,0,0,0,0,0,0,0,0,0,0,0,0,0,0,0,0,0,0,0,0,0,0,0,0,0,0,0,0,0,0,0,0,0,0,0,0,0,0,0,0,0,0,0,0,0,0,0,0,0,0,0,0,0,0,0,0,0,0,0,0,0,0,0,0,0,0,0,0,0,0,0,0,0,0,0,0,0,0,0,0,0,0,0,0,0,0,0,0,0,0,0,0,0.00332225913621262,0,0,0,0,0,0,0,0,0,0,0,0,0,0,0,0,0,0,0,0,0,0,0,0,0,0,0,0,0,0,0,0,0,0,0,0,0,0,0,0,0,0,0,0,0,0,0,0,0,0,0,0,0,0,0,0,0,0,0,0,0,0,0,0,0,0,0,0,0,0,0,0,0,0,0,0,0,0,0,0,0,0,0,0,0,0
0,0,0,0,0,0,0,0,0,0,0,0,0,0,0,0,0,0,0,0,0,0,0,0,0,0,0,0,0,0,0,0,0,0,0,0,0,0,0,0,0,0,0,0,0,0,0,0,0,0,0,0,0.0075187969924812,0,0,0,0,0,0,0,0,0,0,0,0,0,0,0,0,0,0,0,0,0,0,0,0,0,0,0,0,0,0,0.00505050505050505,0,0,0,0,0,0,0,0,0,0,0,0,0,0,0,0,0,0,0,0,0,0,0,0,0,0,0,0,0,0,0,0,0,0,0,0,0,0,0,0,0,0,0,0,0,0,0,0,0,0,0,0,0,0,0,0,0,0,0,0,0.333333333333333,0,0,0,0,0,0,0,0,0,0,0,0,0,0,0,0,0,0,0,0,0,0,0,0,0,0,0,0,0,0,0,0,0,0,0,0,0,0,0,0,0,0,0,0,0,0,0,0,0,0,0,0,0,0,0,0,0.00460829493087558,0.00381679389312977,0,0,0,0,0,0,0,0,0,0,0,0,0,0,0,0,0,0,0,0,0,0,0,0,0,0.00332225913621262,0,0,0,0,0,0,0,0,0,0,0,0,0,0,0,0,0,0,0,0,0,0,0,0,0,0,0,0,0,0,0,0,0,0,0,0,0,0,0,0,0,0,0,0,0,0,0,0,0,0,0,0.0078740157480315,0,0,0,0,0,0,0,0,0,0,0,0,0,0,0,0,0,0,0,0,0,0,0,0.0555555555555556,0,0,0,0,0,0,0,0,0,0
0.0264900662251656,0,0,0,0,0,0.0823970037453183,0.0233918128654971,0,0,0,0,0.0677966101694915,0.0137931034482759,0,0,0,0,0.0191082802547771,0,0.0565217391304348,0,0,0,0,0,0,0,0,0.00943396226415094,0.013986013986014,0,0.0429447852760736,0,0,0.0403225806451613,0.0459183673469388,0,0,0,0,0.0809716599190283,0,0,0,0,0.027027027027027,0,0,0.0601851851851852,0,0,0,0,0,0,0,0.0194805194805195,0,0,0,0,0,0,0.0567010309278351,0,0.046242774566474,0.0782608695652174,0,0.0487804878048781,0,0,0,0,0,0,0,0,0,0.0628571428571429,0,0,0.0632411067193676,0,0,0,0,0,0.0204081632653061,0,0.0487804878048781,0,0,0,0,0,0.0246913580246914,0.0135135135135135,0,0,0.00956937799043062,0.0140845070422535,0,0,0,0,0,0,0.0143884892086331,0,0,0,0,0,0,0,0,0.00793650793650794,0.00680272108843537,0,0,0.0443037974683544,0,0,0,0,0,0,0,0,0,0,0,0.0134529147982063,0.0078740157480315,0.0134228187919463,0,0,0.0078740157480315,0,0,0,0,0,0,0,0,0,0,0,0.0466926070038911,0.005,0,0.0253807106598985,0,0,0.00671140939597315,0,0,0.0091324200913242,0.0617283950617284,0,0,0,0,0,0,0,0,0,0,0,0,0,0,0,0,0.0404624277456647,0,0,0,0,0,0,0,0,0,0,0.0530035335689046,0,0.032520325203252,0,0,0,0.0347826086956522,0.0144927536231884,0,0.015,0.0233160621761658,0,0.0707762557077626,0,0,0,0.0276243093922652,0.041044776119403,0,0,0.0243243243243243,0.0382775119617225,0,0,0,0,0.00740740740740741,0,0,0,0,0.024896265560166,0,0,0,0,0,0,0,0,0,0,0,0,0,0,0.00689655172413793,0,0,0,0,0,0,0,0,0,0,0,0,0,0,0,0,0,0,0,0,0,0,0,0,0,0,0,0,0,0,0,0,0,0,0,0,0,0,0,0,0,0,0,0,0,0,0,0,0,0,0,0,0,0,0,0,0,0,0,0,0,0,0,0.056,0,0.0778816199376947,0,0,0,0,0.0677966101694915,0.0714285714285714,0.0277777777777778,0.00763358778625954,0,0,0.0346534653465347,0,0,0.0072992700729927
0.0116959064327485,0,0,0,0,0.00311526479750779,0.0909090909090909,0.00826446280991736,0,0,0,0.0677966101694915,0,0.0119760479041916,0,0,0,0,0.0263157894736842,0.00626959247648903,0.087719298245614,0,0,0,0,0,0,0,0,0.0227272727272727,0.00900900900900901,0,0.019774011299435,0,0,0.108641975308642,0.0393700787401575,0,0,0,0,0.0878859857482185,0,0,0,0,0.0117994100294985,0,0,0.0447761194029851,0,0,0,0,0,0.00307692307692308,0,0.00869565217391304,0.0029585798816568,0,0,0,0,0.00316455696202532,0.0909090909090909,0,0.047887323943662,0.0502392344497608,0,0.100271002710027,0,0.00311526479750779,0.0152905198776758,0,0,0.00306748466257669,0,0,0,0.0501392757660167,0,0,0.0648148148148148,0,0,0,0,0,0.017910447761194,0.00630914826498423,0.0401146131805158,0,0,0,0,0,0.0258620689655172,0.0148809523809524,0,0,0.0100502512562814,0.0029940119760479,0,0,0,0,0,0,0.00302114803625378,0,0,0,0,0,0.00297619047619048,0,0,0.00315457413249211,0.0149700598802395,0,0,0.0229885057471264,0,0,0,0,0,0,0,0,0.0123839009287926,0,0,0.0583756345177665,0,0.00884955752212389,0,0,0,0.00316455696202532,0,0,0,0,0,0,0,0,0,0,0.0772833723653396,0,0,0.0234375,0,0,0.0118694362017804,0.00306748466257669,0,0.0351758793969849,0.150537634408602,0.0217391304347826,0,0,0,0,0,0,0.00316455696202532,0,0,0,0,0,0,0,0,0.0363128491620112,0,0,0,0,0,0,0,0,0,0,0.0964125560538117,0,0.0495283018867925,0,0,0,0.0463414634146341,0.00914634146341463,0,0.012853470437018,0.0408525754884547,0,0.0801963993453355,0,0,0,0.0134408602150538,0.032967032967033,0,0,0.0233393177737881,0.0355329949238579,0.00316455696202532,0,0,0,0.00306748466257669,0,0,0,0,0.108860759493671,0.00630914826498423,0.00600600600600601,0,0,0.00306748466257669,0,0,0,0.00162337662337662,0,0,0,0,0,0.0243161094224924,0,0,0,0,0,0,0,0,0,0,0,0,0,0,0,0,0,0,0,0,0,0,0,0,0,0,0,0,0,0,0,0,0,0,0,0,0,0,0.00503778337531486,0,0,0,0,0,0,0,0,0,0,0,0,0,0,0,0,0,0,0,0,0,0,0.00313479623824451,0,0,0,0.130526315789474,0.00314465408805031,0,0,0,0.070048309178744,0.0435835351089588,0.0119402985074627,0.0031055900621118,0,0,0.0335917312661499,0,0,0.00611620795107034
0,0,0,0,0,0,0.00540540540540541,0,0,0,0,0.0137931034482759,0.0119760479041916,0,0,0,0,0,0,0,0.00719424460431655,0,0,0,0,0,0,0,0,0,0.024390243902439,0,0.0307692307692308,0,0,0,0.0099009900990099,0,0,0,0,0,0,0,0,0,0,0,0,0.008,0,0,0,0,0,0,0,0,0,0,0,0,0,0,0.0303030303030303,0,0,0.00694444444444444,0,0,0,0,0,0,0,0,0,0,0,0,0,0,0.0184049079754601,0,0,0,0,0,0.0217391304347826,0,0.0454545454545455,0,0,0,0,0,0.0161290322580645,0.0217391304347826,0,0,0.00934579439252336,0,0,0,0,0,0,0,0,0,0,0,0,0,0,0,0,0,0.0227272727272727,0,0,0.0333333333333333,0,0,0,0,0,0,0,0,0,0,0,0,0,0,0,0,0,0,0,0,0,0,0,0,0,0,0,0,0.0121951219512195,0,0,0.0102040816326531,0,0,0,0,0,0,0.00416666666666667,0,0,0,0,0,0,0,0,0,0,0,0,0,0,0,0,0.0547945205479452,0,0,0,0,0,0,0,0,0,0,0.0372340425531915,0,0.00666666666666667,0,0,0,0.0305343511450382,0,0,0.0204081632653061,0.00343642611683849,0,0.00826446280991736,0,0,0,0,0.00571428571428571,0,0,0.0072992700729927,0.0178571428571429,0,0,0,0,0,0,0,0,0,0.0285714285714286,0,0,0,0,0,0,0,0,0,0,0,0,0,0,0,0,0,0,0,0,0,0,0,0,0,0,0,0,0,0,0,0,0,0,0,0,0,0,0,0,0,0,0,0,0,0,0,0,0,0,0,0,0,0,0,0,0,0,0,0,0,0,0,0,0,0,0,0,0,0,0,0,0,0,0,0,0,0,0.0357142857142857,0,0.0125,0,0,0,0,0.0205479452054795,0.0148148148148148,0,0,0,0,0.164835164835165,0,0,0
0,0,0,0,0,0,0,0,0,0,0,0,0,0,0,0,0,0,0,0,0,0,0,0,0,0,0,0,0,0,0,0,0,0,0,0,0,0,0,0,0,0,0,0,0,0,0,0,0,0,0,0,0,0,0,0,0,0,0,0,0,0,0,0,0,0,0,0,0,0,0,0,0,0,0,0,0,0,0,0,0,0,0,0.00505050505050505,0,0,0,0,0,0,0,0,0,0,0,0,0,0,0,0,0,0,0,0,0,0,0,0,0,0,0,0,0,0,0,0,0,0,0,0,0,0,0,0,0,0,0,0,0,0,0,0,0,0,0,0,0,0,0,0,0,0.0108695652173913,0,0,0,0,0,0,0,0,0,0,0,0,0,0,0,0,0,0,0,0,0,0,0,0,0,0,0,0,0,0,0,0,0,0,0,0,0,0,0,0,0,0,0,0,0,0,0,0,0,0,0,0,0,0,0,0,0,0,0,0.00460829493087558,0,0,0,0,0,0,0,0,0,0,0,0,0,0,0,0,0,0,0,0,0,0,0,0,0,0,0,0,0,0,0,0,0,0,0,0,0,0,0,0,0,0,0,0,0,0,0,0,0,0,0,0,0,0,0,0,0,0,0,0,0,0,0,0,0,0,0,0,0,0,0,0,0,0,0,0,0,0,0,0,0,0,0,0,0,0,0,0,0,0,0,0,0,0,0,0,0,0,0,0,0,0,0,0,0,0,0,0,0,0,0,0,0
0,0,0.0651685393258427,0,0.0440251572327044,0,0,0,0,0,0,0,0,0,0,0,0,0,0,0,0,0,0,0,0.0480549199084668,0.00836820083682008,0.0170316301703163,0.0149253731343284,0.00843881856540084,0,0,0,0,0,0,0,0,0.00689655172413793,0.179245283018868,0,0,0,0,0,0,0,0,0,0.00790513833992095,0,0,0.0212765957446809,0.029673590504451,0.00434782608695652,0.0538116591928251,0,0,0,0,0.0218978102189781,0.00858369098712446,0.0305810397553517,0,0,0,0,0,0,0,0,0.0305882352941176,0,0,0.00354609929078014,0,0,0,0,0.0310344827586207,0,0,0,0,0.0351758793969849,0.00467289719626168,0,0.00746268656716418,0.0107816711590297,0,0,0,0,0.0204081632653061,0.0211267605633803,0.0181159420289855,0,0,0,0,0.0385438972162741,0,0,0,0,0,0.00448430493273543,0,0,0,0.014018691588785,0.00888888888888889,0,0.00958466453674121,0.00840336134453781,0,0,0,0,0,0.016,0.00467289719626168,0,0.0144927536231884,0,0.0261437908496732,0,0,0.0227272727272727,0,0,0,0.0272108843537415,0,0,0,0,0,0.00793650793650794,0,0,0.0154440154440154,0.0372881355932203,0.0075187969924812,0,0,0,0,0,0,0,0,0.013986013986014,0.0196850393700787,0,0.0154320987654321,0.00436681222707424,0,0,0,0,0,0,0,0,0.0218978102189781,0.0087719298245614,0.0333333333333333,0,0,0,0.0426229508196721,0.0114068441064639,0,0.0136986301369863,0,0,0.0564705882352941,0,0,0,0.00444444444444444,0.00454545454545455,0.00833333333333333,0.00727272727272727,0.033112582781457,0,0,0.016025641025641,0,0,0,0,0,0,0,0,0,0,0,0,0,0.0286396181384248,0.0325379609544469,0,0,0,0,0,0,0,0,0,0,0.0115384615384615,0,0,0,0,0,0,0,0,0,0,0,0,0.0062111801242236,0.00851063829787234,0.0258964143426295,0.0112359550561798,0,0,0.0114503816793893,0,0,0,0,0,0,0.0253623188405797,0,0,0.014018691588785,0,0,0.00680272108843537,0.164912280701754,0,0,0,0,0.00740740740740741,0,0,0,0.00432900432900433,0.00442477876106195,0,0,0,0.0277777777777778,0,0.00448430493273543,0,0,0.00429184549356223,0,0.00431034482758621,0,0.00465116279069767,0,0,0.0131578947368421,0.00677966101694915,0,0,0,0,0,0.00446428571428571,0.0118694362017804,0,0,0,0,0,0,0.00395256916996047,0,0,0,0,0.00930232558139535,0,0,0,0,0.00462962962962963,0,0,0,0,0.00446428571428571,0,0.00869565217391304,0,0,0,0,0.0167364016736402,0,0,0.00813008130081301,0.032258064516129,0
0,0,0,0,0,0,0,0.0588235294117647,0.0138888888888889,0,0,0,0,0,0,0,0,0,0,0,0,0.00598802395209581,0,0,0,0,0,0,0,0,0,0,0,0,0,0,0,0,0,0,0,0,0,0,0,0,0,0,0,0,0,0,0,0,0,0,0,0,0,0,0,0,0,0,0,0,0.0169491525423729,0,0,0,0,0,0,0,0,0,0,0,0,0,0,0,0,0,0,0,0,0,0,0,0,0,0,0,0,0,0,0,0,0,0,0,0.0256410256410256,0,0,0,0,0,0,0,0,0,0,0,0,0,0,0,0,0,0,0,0,0,0,0,0,0,0,0,0,0,0,0,0,0,0,0,0,0,0,0,0,0,0,0,0,0,0,0,0,0.0126582278481013,0,0.0125,0,0,0,0,0,0.0101010101010101,0,0,0,0,0,0,0,0,0,0,0,0,0,0,0,0,0,0,0,0,0,0,0,0,0,0,0,0,0,0,0,0,0,0,0,0,0,0,0,0,0.00288184438040346,0,0,0,0,0,0,0,0.00389105058365759,0,0,0,0,0,0,0,0,0,0,0,0,0,0,0,0,0,0,0,0,0,0,0,0,0,0,0,0,0,0,0,0,0,0,0,0,0,0,0,0,0,0,0,0,0,0,0,0,0,0,0,0,0,0,0,0,0,0,0,0,0,0,0,0,0,0,0,0,0,0,0,0,0,0,0,0,0,0,0,0,0,0,0,0,0,0,0,0.142857142857143,0,0,0,0,0,0,0,0,0.00769230769230769,0,0,0,0,0,0,0,0,0
0,0,0,0,0,0,0,0.0140845070422535,0.0224719101123595,0,0,0,0,0,0,0,0,0,0,0,0,0.0163934426229508,0.0147058823529412,0,0,0,0,0,0,0.00909090909090909,0,0.0384615384615385,0,0,0.03125,0,0,0,0,0.0113636363636364,0,0,0.23728813559322,0,0.0246913580246914,0,0,0.036697247706422,0,0,0,0,0,0,0,0,0,0,0,0,0,0,0,0,0,0,0,0,0,0,0,0.037037037037037,0.027027027027027,0,0,0.03125,0.0277777777777778,0,0,0,0,0.043859649122807,0,0,0,0,0,0,0,0,0,0,0,0,0,0,0,0,0,0,0,0,0,0,0,0,0,0,0,0,0,0,0,0,0,0,0,0,0,0,0,0,0,0,0,0,0,0,0,0,0,0,0,0,0,0,0,0,0,0,0,0,0,0,0,0,0,0.0508474576271186,0,0,0,0,0,0,0,0,0,0,0,0,0,0,0.0227272727272727,0,0,0,0,0,0,0,0,0,0,0,0,0,0,0,0,0,0,0,0,0,0,0,0,0,0,0,0,0,0,0,0,0.0277777777777778,0,0,0,0,0,0,0,0,0,0,0,0,0,0,0,0,0,0,0,0,0.0350877192982456,0,0,0,0,0,0,0,0,0,0,0,0,0,0,0,0,0,0,0,0,0,0,0,0,0.0121951219512195,0,0,0.0142857142857143,0,0,0,0,0,0,0.0256410256410256,0.0289855072463768,0,0,0,0,0,0,0,0,0,0,0,0,0,0,0,0,0,0,0,0,0,0,0,0,0,0,0,0,0,0,0,0,0,0,0.0163934426229508,0,0,0,0,0,0,0,0,0,0,0,0.0392156862745098,0,0,0,0,0,0,0,0,0,0,0.0206185567010309,0,0,0,0
0.015625,0,0,0,0,0,0.0364583333333333,0,0,0,0,0.0191082802547771,0.0263157894736842,0,0,0,0,0,0,0,0.02,0,0,0,0,0,0,0,0,0.00813008130081301,0.0377358490566038,0,0,0,0,0.0306748466257669,0,0,0,0.0105820105820106,0,0.0290697674418605,0.0117647058823529,0,0.00561797752808989,0,0,0.0161290322580645,0,0.0451127819548872,0,0,0,0,0,0,0,0,0.0175438596491228,0,0,0,0,0,0.0267857142857143,0,0.0111111111111111,0,0,0.0245901639344262,0,0,0.02,0,0,0.0222222222222222,0.0204081632653061,0.0140845070422535,0,0.0105263157894737,0,0,0.0170454545454545,0,0,0,0,0,0,0,0,0,0,0,0,0,0.0133333333333333,0,0,0,0,0,0,0,0,0,0,0,0,0,0,0,0,0,0,0,0,0,0,0,0,0.0273972602739726,0,0,0,0,0,0,0,0,0.0222222222222222,0,0,0.0149253731343284,0.027027027027027,0,0,0,0,0,0,0,0,0,0,0,0,0,0,0,0.0228571428571429,0,0,0.00900900900900901,0,0,0.0169491525423729,0,0,0.0155038759689922,0.00395256916996047,0.021505376344086,0,0,0,0,0,0,0,0,0,0,0,0,0,0,0,0.0227272727272727,0,0,0,0,0,0,0,0,0,0,0.0297029702970297,0,0.00613496932515337,0,0,0,0.00680272108843537,0,0.015625,0,0.00993377483443709,0,0.00530503978779841,0,0,0,0.0105263157894737,0.0106951871657754,0,0,0.00696864111498258,0.00793650793650794,0,0,0,0,0,0,0.0106382978723404,0,0,0.00641025641025641,0,0,0,0,0,0,0,0,0,0,0,0,0,0,0,0,0,0,0,0,0,0,0,0,0,0,0,0,0,0,0,0,0,0,0,0,0,0,0,0,0,0,0,0,0,0,0,0,0,0,0,0,0,0,0,0,0,0,0,0,0,0,0,0,0,0,0,0,0,0,0,0,0,0,0,0,0.0540540540540541,0,0,0,0.024,0,0,0,0,0.0318471337579618,0.0273972602739726,0.0357142857142857,0,0,0.00900900900900901,0.0258620689655172,0,0,0
0,0,0,0,0,0,0,0.0185185185185185,0,0,0,0,0.00626959247648903,0,0,0,0,0,0,0,0.00819672131147541,0,0,0,0,0,0,0,0,0,0,0,0,0,0,0.0072992700729927,0,0,0,0,0,0,0,0,0,0,0,0.0105263157894737,0,0,0,0,0,0,0,0,0,0,0,0,0,0,0,0,0.0119047619047619,0,0,0,0,0,0,0,0.05,0,0,0,0,0,0,0,0,0,0,0,0,0,0,0,0,0,0,0,0,0,0,0,0,0,0,0,0.0111111111111111,0,0.025,0,0,0,0,0,0.05,0,0,0,0,0,0,0,0,0,0,0,0,0.0227272727272727,0,0,0,0,0,0,0,0,0,0,0,0,0,0.0333333333333333,0,0,0,0,0,0,0,0,0,0,0,0,0,0,0,0,0,0,0,0,0,0,0,0,0,0,0,0,0,0,0,0,0,0,0,0,0,0,0,0,0,0,0,0,0,0,0,0,0,0,0,0,0,0,0,0,0,0,0,0,0,0,0,0,0,0,0,0,0,0,0,0,0.00387596899224806,0,0,0,0,0,0,0,0,0,0,0,0,0,0,0,0,0,0,0,0,0,0,0,0,0,0,0,0,0,0,0,0,0,0,0,0,0,0,0,0,0,0,0,0,0,0,0,0,0,0,0,0,0,0,0,0,0,0,0,0,0,0,0,0,0,0,0,0,0,0,0,0,0,0,0,0,0,0,0,0,0,0,0,0,0,0,0,0,0,0,0,0,0,0,0,0,0,0,0,0,0,0,0,0,0,0
0.00680272108843537,0,0,0,0,0,0.0367647058823529,0,0,0,0,0.0565217391304348,0.087719298245614,0.00719424460431655,0,0,0,0,0.02,0.00819672131147541,0,0,0,0,0,0,0,0,0,0,0.0072992700729927,0,0.01875,0,0,0.0680851063829787,0.0531914893617021,0,0,0,0,0.0276679841897233,0,0,0,0,0.013986013986014,0,0,0.0325581395348837,0,0,0,0,0,0,0,0.00671140939597315,0,0,0,0,0,0,0.0153846153846154,0.0152671755725191,0.0545454545454545,0.0711111111111111,0,0.0297029702970297,0,0,0.0075187969924812,0,0,0,0,0,0,0.0654761904761905,0,0,0.0396825396825397,0,0,0,0,0,0.036231884057971,0.00833333333333333,0.0185185185185185,0,0,0,0,0,0.0258064516129032,0.00704225352112676,0,0,0.00492610837438424,0,0,0,0,0,0,0,0.0075187969924812,0,0,0,0,0,0,0,0,0,0.00714285714285714,0,0,0.0193548387096774,0,0,0,0,0,0,0,0,0.0078125,0,0,0.0478468899521531,0,0.00699300699300699,0,0,0,0,0,0,0,0,0,0,0,0,0,0,0.224299065420561,0,0,0.0372340425531915,0,0,0.0287769784172662,0.015748031496063,0,0.0239234449760766,0.0698412698412698,0.0289017341040462,0,0,0,0,0,0,0,0,0,0,0,0,0.00763358778625954,0,0,0.0484848484848485,0,0,0,0,0,0,0,0,0,0,0.043010752688172,0,0.051063829787234,0,0,0,0.0266666666666667,0.00757575757575758,0,0.0425531914893617,0.0291777188328912,0,0.0358744394618834,0,0,0,0.0718562874251497,0.0225563909774436,0,0,0.0191780821917808,0.00961538461538462,0,0,0,0,0,0,0,0,0,0.0212765957446809,0.00833333333333333,0,0,0,0,0,0,0,0,0,0,0,0,0,0.0072463768115942,0,0,0,0,0,0,0,0,0,0,0,0,0,0,0,0,0,0,0,0,0,0,0,0,0,0,0,0,0,0,0,0,0,0,0,0,0,0,0,0,0,0,0,0,0,0,0,0,0,0,0,0,0,0,0,0,0,0,0,0,0,0,0,0,0,0.0495356037151703,0,0,0,0,0.0515021459227468,0.0542986425339367,0.00714285714285714,0.00806451612903226,0,0,0.0412371134020619,0,0,0.0234375
0,0,0,0,0,0,0,0.0288461538461538,0.0495495495495495,0,0,0,0,0,0,0,0.00598802395209581,0.0163934426229508,0,0,0,0,0.0687022900763359,0,0,0,0,0,0,0.0454545454545455,0.00546448087431694,0.00595238095238095,0,0,0.0174418604651163,0,0,0,0,0.038961038961039,0,0,0.0386473429951691,0,0.0620689655172414,0,0,0.0669456066945607,0,0,0.00588235294117647,0,0,0,0,0.0175438596491228,0,0,0.016304347826087,0,0,0,0,0,0,0,0,0,0.0168539325842697,0,0,0.00591715976331361,0.00558659217877095,0,0,0.0174418604651163,0.0170454545454545,0.0414507772020725,0,0,0,0.0785123966942149,0.0065359477124183,0,0,0,0,0,0.00531914893617021,0,0.00476190476190476,0,0,0,0,0,0,0,0,0,0.037344398340249,0,0.0204081632653061,0,0.0121212121212121,0,0,0,0,0,0,0,0,0,0.00543478260869565,0,0,0,0,0,0,0,0,0,0,0,0,0,0,0,0,0,0,0,0,0.00529100529100529,0.00606060606060606,0,0.00602409638554217,0,0,0,0,0,0,0,0,0.02,0,0,0,0.00418410041841004,0.00480769230769231,0.00836820083682008,0,0,0,0,0,0.015625,0,0.00900900900900901,0.00537634408602151,0,0,0,0,0.0224719101123595,0,0,0,0,0,0,0.00564971751412429,0,0,0,0,0.0228571428571429,0,0,0.0105263157894737,0,0,0,0,0,0,0.00571428571428571,0,0,0,0,0,0.0112994350282486,0.00518134715025907,0.004149377593361,0.00696055684454756,0.0053475935828877,0,0,0,0,0,0.00632911392405063,0,0,0.0245098039215686,0,0,0,0,0,0,0,0.042483660130719,0,0,0,0,0,0,0.00555555555555556,0,0,0,0,0,0,0,0,0,0,0,0,0,0,0.0197044334975369,0,0,0.0135135135135135,0,0,0.23121387283237,0,0,0.0176470588235294,0,0,0,0,0.0441176470588235,0.00609756097560976,0,0,0,0,0,0,0,0,0,0,0,0,0,0,0,0,0,0,0,0,0,0,0,0,0,0,0,0,0,0,0,0,0,0,0,0,0,0,0,0,0,0,0,0,0,0.0372340425531915,0,0,0,0,0,0,0,0.00537634408602151,0,0,0.0807174887892377,0,0,0,0
0,0,0,0,0,0,0,0.0121951219512195,0.0393258426966292,0,0,0,0,0,0,0,0,0.0147058823529412,0,0,0,0.0687022900763359,0,0,0,0,0,0,0,0.0353535353535354,0,0,0,0,0.016,0,0,0,0,0.0461538461538462,0,0.0078125,0.0121212121212121,0,0.0743801652892562,0.00862068965517241,0,0.0952380952380952,0,0,0,0,0,0,0,0,0,0,0.0296296296296296,0,0,0,0,0,0.00512820512820513,0,0,0,0.0725806451612903,0,0,0,0,0,0,0,0.0155038759689922,0.02,0,0,0,0.0492610837438424,0.015625,0,0,0,0,0,0,0,0,0,0,0,0,0,0,0,0,0,0.0575916230366492,0,0.0201342281879195,0,0,0,0,0,0,0,0,0,0,0,0,0.00862068965517241,0,0,0,0,0,0,0,0,0,0,0,0,0,0,0,0,0,0,0,0.00709219858156028,0,0,0.00847457627118644,0,0,0,0,0,0,0,0,0.04,0,0,0,0.0105263157894737,0.00625,0.0104712041884817,0,0,0.00714285714285714,0,0,0.004739336492891,0,0.00571428571428571,0.0296296296296296,0,0,0,0.004739336492891,0.0151515151515152,0,0,0,0,0,0,0.015625,0,0,0,0,0.0234375,0,0,0,0,0,0,0,0.00458715596330275,0,0,0,0,0,0,0,0,0.00689655172413793,0.00518134715025907,0.0104712041884817,0,0,0,0,0,0,0,0,0,0.0335195530726257,0,0,0,0,0,0.00793650793650794,0,0.0669291338582677,0,0,0,0,0,0,0.0310077519379845,0,0,0,0,0,0,0,0,0,0,0,0,0.00862068965517241,0,0.00632911392405063,0,0,0.023121387283237,0,0,0.0185185185185185,0,0,0,0,0,0,0.00578034682080925,0.0443037974683544,0,0,0,0,0,0,0,0,0,0,0,0,0,0.00854700854700855,0,0,0,0,0,0,0,0,0,0,0,0,0,0,0,0,0,0,0,0,0,0,0,0,0,0,0,0,0,0,0,0,0.0352112676056338,0,0,0,0,0,0,0,0,0,0,0.0604395604395604,0.0101010101010101,0,0,0
0,0,0,0,0,0,0,0,0,0,0,0,0,0,0,0,0,0,0,0,0,0,0,0,0,0,0,0,0,0,0,0,0,0,0,0,0,0,0,0,0,0,0,0,0,0,0,0,0,0,0,0,0,0,0,0,0,0,0,0,0,0,0,0,0,0,0,0,0,0,0,0,0,0.0136986301369863,0.333333333333333,0,0,0,0,0,0,0,0,0.00495049504950495,0,0,0,0.00606060606060606,0,0,0,0,0,0,0,0,0,0,0,0,0,0,0,0,0,0,0,0.2,0,0,0,0,0.019047619047619,0,0,0,0,0,0,0,0,0,0.0142857142857143,0,0.00961538461538462,0,0,0,0,0,0,0,0.0666666666666667,0,0,0,0,0,0,0,0,0,0.0350877192982456,0,0,0,0,0,0,0,0,0,0,0,0.0169491525423729,0,0,0,0,0,0,0,0,0.0212765957446809,0,0,0,0,0,0,0,0,0,0,0,0,0,0,0,0,0,0,0,0,0.00980392156862745,0,0,0,0,0,0,0,0,0,0,0,0,0,0,0,0,0.00909090909090909,0.00754716981132075,0,0,0,0,0,0,0,0,0,0,0,0,0,0,0,0,0,0,0,0,0,0,0,0,0.037037037037037,0,0,0,0,0,0,0,0,0,0,0,0,0,0,0,0,0,0,0,0,0,0,0,0,0,0,0,0,0,0,0,0,0,0,0,0,0,0,0,0,0,0,0,0,0,0.0114942528735632,0,0,0,0,0,0.0666666666666667,0,0,0,0,0,0,0,0,0,0,0,0,0,0,0,0,0,0,0,0,0,0,0,0,0,0,0,0,0,0,0,0,0.0263157894736842,0,0
0,0,0.2,0,0.0313390313390313,0,0,0,0,0,0,0,0,0,0,0.0480549199084668,0,0,0,0,0,0,0,0,0,0.0149812734082397,0.0251716247139588,0.0307167235494881,0,0,0,0,0,0,0,0,0,0.00940438871473354,0.0602094240837696,0,0.00396825396825397,0,0,0,0,0,0,0,0.021505376344086,0,0,0.0258064516129032,0.00265957446808511,0,0.0606060606060606,0,0,0,0,0.00977198697068404,0,0.00824175824175824,0,0,0,0,0,0,0,0,0.0564334085778781,0,0,0.00320512820512821,0,0,0,0,0.0313479623824451,0,0,0,0,0.0255220417633411,0,0,0.0101010101010101,0.00247524752475248,0,0,0,0,0.0218978102189781,0.0126582278481013,0.00647249190938511,0,0,0,0,0.0842105263157895,0,0,0,0,0,0.00395256916996047,0,0,0,0,0.00390625,0,0.00289855072463768,0.00746268656716418,0,0,0,0,0,0.00353356890459364,0,0,0.00649350649350649,0,0.0177514792899408,0,0,0.0101010101010101,0,0,0,0.0184049079754601,0.00393700787401575,0,0,0,0,0.00353356890459364,0,0,0.0280701754385965,0.0306748466257669,0.00675675675675676,0,0,0,0.00409836065573771,0,0,0,0,0.00628930817610063,0,0,0.00279329608938547,0,0,0,0,0,0,0,0,0,0.00977198697068404,0.0196078431372549,0.0119047619047619,0,0,0,0.0265486725663717,0.0277777777777778,0,0,0,0,0.0620842572062084,0,0,0,0.00392156862745098,0.00803212851405622,0,0,0.027027027027027,0,0,0,0,0,0,0,0,0,0,0,0.00366300366300366,0,0,0,0,0.0087527352297593,0.00796812749003984,0,0,0,0,0,0,0,0,0,0,0.00342465753424658,0,0,0,0,0,0,0,0,0,0,0,0,0.00568181818181818,0.00754716981132075,0.0321969696969697,0.00334448160535117,0,0.00793650793650794,0.0243055555555556,0.00386100386100386,0,0,0,0,0,0.00967741935483871,0,0,0,0,0,0.0124223602484472,0.0372492836676218,0,0,0,0,0,0,0,0,0.00383141762452107,0.00390625,0,0,0,0.00347222222222222,0,0.00395256916996047,0,0.00403225806451613,0.0114942528735632,0,0,0,0,0,0,0.00484261501210654,0.0123839009287926,0,0,0,0,0,0,0.00542005420054201,0,0,0,0,0,0,0.00353356890459364,0,0,0,0,0,0,0,0,0,0,0,0,0,0,0.00393700787401575,0,0.00383141762452107,0,0,0,0,0.00367647058823529,0,0,0.0072463768115942,0.0213903743315508,0
0,0,0.0177304964539007,0,0.013986013986014,0,0,0,0,0,0,0,0,0,0,0.00836820083682008,0,0,0,0,0,0,0,0,0.0149812734082397,0,0.00434782608695652,0.118421052631579,0.0196078431372549,0,0,0,0,0,0,0,0,0.0294117647058824,0.0273224043715847,0,0,0,0,0,0,0,0,0,0.0625,0,0,0,0,0,0.0136986301369863,0,0,0,0,0,0,0.00671140939597315,0,0,0,0,0,0,0,0,0.0161943319838057,0,0,0.0212765957446809,0,0,0,0,0,0,0,0,0,0.00896860986547085,0,0,0,0.0053475935828877,0,0,0,0,0,0.00980392156862745,0,0,0,0,0,0.0136054421768707,0,0,0,0,0,0,0,0,0,0,0.0256410256410256,0,0,0,0,0,0,0,0,0,0,0,0.021978021978022,0,0,0,0,0.0246913580246914,0,0,0,0.0087719298245614,0,0,0,0,0,0.0307692307692308,0,0,0.0133333333333333,0.0170940170940171,0.0253164556962025,0,0,0,0,0,0,0,0,0.0198019801980198,0,0,0,0,0,0,0,0,0,0,0,0,0,0,0.025,0,0,0,0,0.0128205128205128,0,0,0,0,0.0194552529182879,0,0,0,0,0,0,0.0112359550561798,0.00806451612903226,0,0,0,0,0,0,0,0,0,0,0,0,0,0,0,0,0.00826446280991736,0.00347222222222222,0,0,0,0,0,0,0,0,0,0,0.0133333333333333,0,0,0,0,0,0,0,0,0,0,0,0,0,0,0.00923076923076923,0.0246913580246914,0,0,0,0,0,0,0,0,0,0,0,0,0,0,0,0.00925925925925926,0.013986013986014,0,0,0,0,0,0,0,0,0,0,0,0,0,0.0140845070422535,0,0,0,0,0,0,0,0,0,0,0,0.0050761421319797,0.0377358490566038,0,0,0,0,0,0.027027027027027,0,0,0,0,0,0,0,0,0,0,0,0,0,0,0,0,0,0,0,0,0,0,0,0,0,0,0,0,0,0,0,0,0,0.0185185185185185,0
0,0,0.0131004366812227,0.004739336492891,0.0222222222222222,0,0,0,0,0,0,0,0,0,0,0.0170316301703163,0,0,0,0,0,0,0,0,0.0251716247139588,0.00434782608695652,0,0.0115830115830116,0.0177777777777778,0,0,0,0,0,0,0,0,0.032967032967033,0.0167130919220056,0,0,0,0,0,0,0,0,0,0.00823045267489712,0,0,0.0109090909090909,0.0337423312883436,0.00454545454545455,0.0435435435435435,0,0,0,0,0.0112359550561798,0.00896860986547085,0.0447284345047923,0,0,0,0,0,0,0,0,0.00943396226415094,0,0,0.0186567164179104,0,0,0,0,0.0176056338028169,0,0,0,0,0.0360824742268041,0,0,0.0276679841897233,0.0428571428571429,0,0,0,0,0.00418410041841004,0.0108303249097473,0.00743494423791822,0.004739336492891,0,0,0,0.0171306209850107,0,0,0,0,0,0,0,0,0,0,0,0,0.0166112956810631,0.0087719298245614,0,0,0,0,0,0.00411522633744856,0,0,0.0188679245283019,0,0.037542662116041,0,0,0.00386100386100386,0,0,0,0.0138888888888889,0,0,0,0,0,0.012448132780083,0,0,0.00796812749003984,0.0313588850174216,0.0117647058823529,0,0,0,0,0,0,0,0,0.0181818181818182,0.0121951219512195,0,0.0357142857142857,0.0138248847926267,0,0,0,0,0,0,0,0.0122950819672131,0.0305343511450382,0,0.0344827586206897,0,0,0,0.0232558139534884,0.0078740157480315,0,0,0,0,0.0378250591016548,0,0,0,0.0140845070422535,0.00476190476190476,0.0131004366812227,0.0113636363636364,0.0202702702702703,0,0.0130434782608696,0.00986842105263158,0,0,0,0,0,0.00483091787439614,0,0,0,0,0,0,0,0.0604534005037783,0.0471910112359551,0,0,0,0,0,0,0,0,0.00478468899521531,0,0.0160642570281124,0,0,0,0,0,0,0,0,0,0,0,0,0.00964630225080386,0.00888888888888889,0.0243407707910751,0.0317460317460317,0.00483091787439614,0,0,0.0138248847926267,0,0,0,0,0,0.0340909090909091,0,0,0,0,0,0.00704225352112676,0.0125786163522013,0,0.0045045045045045,0.00483091787439614,0,0.0194552529182879,0,0,0,0.00909090909090909,0.00462962962962963,0,0.00471698113207547,0,0.0289256198347107,0,0.00943396226415094,0,0,0.00448430493273543,0,0.0045045045045045,0,0,0,0,0.00806451612903226,0.0034965034965035,0.0173160173160173,0,0,0,0,0.00467289719626168,0.0311526479750779,0,0,0,0,0,0,0.00826446280991736,0,0,0.00490196078431373,0,0.00485436893203883,0.0048780487804878,0.00490196078431373,0,0,0,0,0,0,0,0,0,0.0136986301369863,0,0,0,0,0.00865800865800866,0,0,0.0214592274678112,0.0426829268292683,0
0,0,0.0324675324675325,0,0.0114942528735632,0,0,0,0,0,0,0,0,0,0,0.0149253731343284,0,0,0,0,0,0,0,0,0.0307167235494881,0.118421052631579,0.0115830115830116,0,0.0121951219512195,0,0,0,0,0,0,0,0,0.00740740740740741,0.0186046511627907,0,0,0,0,0,0,0,0,0,0.0206185567010309,0,0,0.0153846153846154,0,0.0273972602739726,0.0378071833648393,0,0,0,0,0.00813008130081301,0,0.0225988700564972,0,0,0,0,0,0,0,0,0.0180505415162455,0,0,0.00793650793650794,0,0,0,0,0.0214285714285714,0,0,0,0,0.024,0,0,0,0.00921658986175115,0,0,0,0,0.0217391304347826,0.0307692307692308,0.016260162601626,0,0,0,0,0.0313479623824451,0,0,0,0,0,0,0,0,0,0,0.0142857142857143,0,0.00628930817610063,0.024390243902439,0,0,0,0,0,0.0208333333333333,0,0,0.0163934426229508,0,0.0193548387096774,0,0,0.0458715596330275,0,0,0,0.00689655172413793,0,0,0,0,0,0.0208333333333333,0,0,0.019047619047619,0.0273972602739726,0.0181818181818182,0,0,0,0.0172413793103448,0,0,0,0,0.0075187969924812,0.00980392156862745,0,0.00581395348837209,0,0,0,0,0,0,0,0,0,0,0.0136986301369863,0.0266666666666667,0,0,0,0.0253164556962025,0.0576923076923077,0,0.0153846153846154,0,0,0.0280701754385965,0,0,0,0,0,0.0117647058823529,0,0.0469798657718121,0,0,0,0,0,0,0,0,0,0,0,0,0,0,0,0,0.00732600732600733,0.00946372239747634,0,0,0,0,0,0,0,0,0,0,0.019047619047619,0,0,0,0,0,0,0,0,0,0,0,0,0.0120481927710843,0,0.00842696629213483,0.027027027027027,0,0,0.00925925925925926,0,0,0,0,0,0,0.0241935483870968,0,0,0,0,0,0.0218978102189781,0.0232558139534884,0,0.0131578947368421,0.0163934426229508,0,0.00869565217391304,0,0,0,0.0133333333333333,0,0,0,0,0.0198019801980198,0,0.0303030303030303,0.0344827586206897,0,0,0,0,0,0,0,0,0.0043859649122807,0,0,0,0,0,0,0,0.00543478260869565,0,0,0,0,0,0,0,0,0,0,0,0,0,0,0,0,0,0,0,0,0,0.0298507462686567,0,0,0,0,0,0,0.0235294117647059,0,0,0,0.0155440414507772,0
0,0,0,0,0.0141843971631206,0,0,0,0,0,0,0,0,0,0,0.00843881856540084,0,0,0,0,0,0,0,0,0,0.0196078431372549,0.0177777777777778,0.0121951219512195,0,0,0,0,0,0,0,0,0,0.0198019801980198,0,0,0,0,0,0,0,0,0,0,0.03125,0,0,0,0.00636942675159236,0,0.00584795321637427,0,0,0,0,0.0111111111111111,0,0.0136986301369863,0,0,0,0,0,0,0,0,0,0,0,0.010752688172043,0,0,0,0,0.00917431192660551,0,0,0,0,0.00904977375565611,0,0,0.0125,0.0276243093922652,0,0,0,0,0,0,0.0222222222222222,0,0,0,0,0,0,0,0,0,0,0,0,0,0,0,0,0,0.016,0,0,0,0,0,0,0.0317460317460317,0,0,0.0581395348837209,0,0.00806451612903226,0,0,0,0,0,0,0.00892857142857143,0,0,0,0,0,0.0317460317460317,0,0,0,0,0.0394736842105263,0,0,0,0,0,0,0,0,0.01,0,0,0.00719424460431655,0,0,0,0,0,0,0,0,0,0.0340909090909091,0,0.00833333333333333,0,0,0,0,0,0,0,0,0,0.00386100386100386,0,0,0,0,0,0,0.0114942528735632,0,0,0,0.024,0,0,0,0,0,0,0,0,0.0185185185185185,0,0,0,0,0.0168067226890756,0.028673835125448,0,0,0,0,0,0,0,0,0,0,0.0422535211267606,0,0,0,0,0,0,0,0,0,0,0,0,0.0150375939849624,0,0.00928792569659443,0.0253164556962025,0,0,0,0.025,0,0,0,0,0,0.032967032967033,0.0384615384615385,0,0,0,0,0,0.0214285714285714,0,0,0,0,0,0,0,0,0.0487804878048781,0.027027027027027,0.037037037037037,0.0303030303030303,0,0.0606060606060606,0,0,0,0,0,0,0,0,0,0,0,0.00512820512820513,0,0,0,0,0,0.0384615384615385,0.0285714285714286,0.0201342281879195,0,0,0,0,0,0,0,0.0333333333333333,0,0,0,0,0,0,0,0,0,0,0,0,0,0,0,0,0,0,0,0,0,0,0,0.0172413793103448,0.0124223602484472,0
0.00847457627118644,0,0,0,0,0.0106382978723404,0.012,0.0451127819548872,0.0193548387096774,0,0,0.00943396226415094,0.0227272727272727,0,0,0,0,0.00909090909090909,0.00813008130081301,0,0,0.0454545454545455,0.0353535353535354,0,0,0,0,0,0,0,0,0.0217391304347826,0,0,0,0.00452488687782805,0.0180722891566265,0,0,0.0425531914893617,0,0.00873362445414847,0.0144927536231884,0,0.0495495495495495,0,0.00869565217391304,0.0465116279069767,0,0.00520833333333333,0.0105263157894737,0,0,0,0,0,0,0,0,0,0,0,0,0,0,0,0,0.004739336492891,0,0.0170454545454545,0,0,0.00961538461538462,0,0,0,0,0.024390243902439,0,0.0135135135135135,0,0.0628571428571429,0.0219298245614035,0,0,0,0,0,0.00884955752212389,0,0.00740740740740741,0,0,0,0,0,0.00775193798449612,0.0178571428571429,0,0,0.0416666666666667,0.00934579439252336,0.0245901639344262,0,0,0,0,0,0.0194174757281553,0,0,0,0,0,0.00917431192660551,0.0112359550561798,0,0,0,0.0078125,0,0.0078125,0,0,0,0,0,0,0,0,0,0,0,0.00529100529100529,0,0.0087719298245614,0,0,0,0,0,0,0,0,0,0,0,0.0238095238095238,0.021505376344086,0,0.00431034482758621,0,0.0151515151515152,0,0,0,0,0,0,0.0220994475138122,0.00983606557377049,0.00675675675675676,0,0,0,0,0,0.00943396226415094,0,0,0,0,0,0,0,0,0,0.0285714285714286,0,0.00970873786407767,0,0,0,0,0,0,0,0,0.00769230769230769,0,0,0,0,0,0,0.00970873786407767,0,0.0182926829268293,0.0141242937853107,0,0.0164319248826291,0,0,0,0,0.00413223140495868,0,0,0.0208333333333333,0.00555555555555556,0.0112359550561798,0,0,0,0,0,0.0252100840336134,0,0,0.0144230769230769,0,0,0.010989010989011,0.00952380952380952,0,0,0,0,0.0025706940874036,0,0,0,0,0,0,0,0.0112359550561798,0.0112359550561798,0.0153846153846154,0,0,0.0416666666666667,0,0,0.037593984962406,0,0,0,0,0,0,0,0.0147058823529412,0,0,0,0,0,0,0,0,0,0,0,0,0,0,0.00934579439252336,0,0,0,0,0,0,0,0,0,0,0,0,0,0,0,0,0,0,0,0,0,0,0,0,0,0,0,0,0,0,0,0.0434782608695652,0.0130718954248366,0.010989010989011,0,0,0,0.00465116279069767,0.02,0.0181818181818182,0,0,0.0573248407643312,0.00581395348837209,0,0,0.0099009900990099
0.0204081632653061,0,0,0,0,0,0.0165745856353591,0,0,0,0,0.013986013986014,0.00900900900900901,0.024390243902439,0,0,0,0,0.0377358490566038,0,0.0072992700729927,0.00546448087431694,0,0,0,0,0,0,0,0,0,0,0,0,0,0.0132450331125828,0.0309278350515464,0,0,0,0,0.0062111801242236,0,0,0,0,0,0,0,0.0163934426229508,0,0,0,0,0,0,0,0.0196078431372549,0,0,0,0,0,0,0.0101010101010101,0,0.027027027027027,0.0514705882352941,0,0.0185185185185185,0,0,0.0285714285714286,0,0,0.0333333333333333,0,0,0,0,0,0,0.00613496932515337,0,0,0,0,0,0.0227272727272727,0,0,0,0,0,0,0,0.0166666666666667,0.0227272727272727,0,0,0,0,0,0,0,0,0,0,0.0285714285714286,0,0,0,0,0,0.0512820512820513,0,0,0,0.0238095238095238,0,0,0.0526315789473684,0,0,0,0,0,0,0,0,0.0689655172413793,0,0,0.00833333333333333,0,0.0222222222222222,0,0,0,0.05,0,0,0,0,0,0,0,0,0,0,0.00613496932515337,0,0,0.0104166666666667,0,0,0.0227272727272727,0,0,0.0357142857142857,0.00420168067226891,0.0126582278481013,0,0,0,0,0,0,0,0,0,0,0,0,0,0,0,0,0,0,0,0,0,0,0,0,0,0,0.00520833333333333,0,0,0,0,0,0,0,0,0.0208333333333333,0.00694444444444444,0,0.00831024930747922,0,0,0,0.0125,0.00578034682080925,0,0,0.00366300366300366,0.037037037037037,0,0,0,0,0.0333333333333333,0,0,0,0,0.0289855072463768,0,0,0,0,0,0,0,0,0,0,0,0,0,0,0.025,0,0,0,0,0,0,0,0,0,0,0,0,0,0,0,0,0,0,0,0,0,0,0,0,0,0,0,0,0,0,0,0,0,0,0,0,0,0,0,0,0,0,0,0,0,0,0,0,0,0,0,0,0,0,0,0,0,0,0,0,0,0.0434782608695652,0,0,0,0.0211864406779661,0,0,0,0,0.0137931034482759,0.0305343511450382,0,0,0,0,0.00970873786407767,0,0,0
0,0,0,0,0,0,0,0.0185185185185185,0.0277777777777778,0,0,0,0,0,0,0,0,0.0384615384615385,0,0,0,0.00595238095238095,0,0,0,0,0,0,0,0.0217391304347826,0,0,0,0,0.0666666666666667,0,0,0,0,0.00625,0,0,0,0,0.0205479452054795,0,0,0.0212765957446809,0,0,0,0,0,0,0,0,0,0,0,0,0,0,0,0,0,0,0,0,0,0,0,0,0,0,0,0.142857142857143,0.0526315789473684,0,0,0,0,0.0099009900990099,0,0,0,0,0,0,0,0,0,0,0,0,0,0,0,0,0,0,0.0111111111111111,0,0,0,0,0,0,0,0,0,0,0,0,0,0,0,0,0,0,0,0,0,0,0,0,0,0,0,0,0,0,0,0,0,0,0,0,0,0,0,0,0,0,0,0,0,0,0,0,0,0,0,0,0,0,0,0,0,0,0,0,0,0,0,0,0,0,0,0,0,0,0,0,0,0,0,0,0,0,0,0,0,0,0,0,0,0,0,0,0,0,0,0,0,0,0,0,0,0,0,0,0,0,0,0,0,0,0,0,0,0,0,0,0,0,0,0,0,0,0,0,0,0.142857142857143,0.0476190476190476,0,0,0,0,0,0,0,0,0,0,0,0,0,0,0,0,0,0.0153846153846154,0,0,0.0188679245283019,0,0,0,0,0,0,0,0,0,0,0,0,0,0,0,0,0,0,0,0,0,0,0,0,0,0,0,0,0,0,0,0,0,0,0,0,0,0,0,0,0,0,0,0,0,0,0,0,0,0,0,0,0,0,0,0,0,0,0,0,0,0,0,0,0,0.025,0,0,0,0
0.0273972602739726,0,0,0,0,0,0.0145631067961165,0.0106382978723404,0,0,0,0.0429447852760736,0.019774011299435,0.0307692307692308,0,0,0,0,0,0,0.01875,0,0,0,0,0,0,0,0,0,0,0,0,0,0,0.0113636363636364,0.0330578512396694,0,0,0,0,0.016304347826087,0,0,0,0,0,0,0,0.0275862068965517,0,0,0,0,0,0,0,0.0405405405405405,0,0,0,0,0,0,0.0330578512396694,0,0.01,0.0120481927710843,0,0.0305343511450382,0,0,0,0,0,0,0,0,0,0.0392156862745098,0,0,0.0441988950276243,0,0,0,0,0,0,0,0.0222222222222222,0,0,0,0,0,0.0487804878048781,0,0,0,0.00769230769230769,0,0,0,0,0,0,0,0.0166666666666667,0,0,0,0,0,0,0,0,0,0,0,0,0.0365853658536585,0,0,0,0,0,0,0,0,0.037037037037037,0,0,0.020979020979021,0,0.0142857142857143,0,0,0,0,0,0,0,0,0,0,0,0,0,0,0.0216216216216216,0,0,0.0338983050847458,0,0,0,0,0,0.0291970802919708,0.0645161290322581,0.0294117647058824,0,0,0,0,0,0,0,0,0,0,0,0,0,0,0,0.0309278350515464,0,0,0,0,0,0,0,0,0,0,0.0234741784037559,0.0178571428571429,0.029585798816568,0,0,0,0.0394736842105263,0,0,0.00819672131147541,0.00961538461538462,0,0.0401069518716578,0,0,0,0.0192307692307692,0.0101522842639594,0,0,0.0101351351351351,0.0300751879699248,0,0,0,0,0,0,0,0,0,0.0372670807453416,0,0.032258064516129,0,0,0,0,0,0,0,0,0,0,0,0,0.0153846153846154,0,0,0,0,0,0,0,0,0,0,0,0,0,0,0,0,0,0,0,0,0,0,0,0,0,0,0,0,0,0,0,0,0,0,0,0,0,0,0,0,0,0,0,0,0,0,0,0,0,0,0,0,0,0,0,0,0,0,0,0,0,0,0,0.0196078431372549,0,0.027027027027027,0,0,0,0,0.146666666666667,0.0191082802547771,0.0303030303030303,0,0,0,0.0078125,0,0,0.0175438596491228
0,0,0,0,0,0,0,0,0,0,0,0,0,0,0,0,0,0,0,0,0,0,0,0,0,0,0,0,0,0,0,0,0,0,0,0,0,0,0,0,0,0,0,0,0,0,0,0,0,0,0,0,0,0,0,0,0,0,0,0,0,0.00813008130081301,0,0,0,0,0,0,0,0,0,0,0,0,0,0,0,0,0,0,0,0,0,0,0,0,0,0,0,0,0,0,0,0,0,0,0,0,0,0,0,0,0,0,0,0,0,0,0,0,0,0,0,0,0,0,0,0,0,0,0,0,0,0,0,0,0,0,0,0,0,0,0,0,0,0,0,0,0,0,0,0,0,0,0,0,0,0,0,0,0,0,0,0,0,0,0,0,0,0,0,0,0,0,0,0,0,0,0,0,0,0,0,0,0,0,0,0,0,0,0,0,0,0,0,0,0,0,0,0,0,0,0,0,0,0,0,0,0,0,0,0,0,0,0,0,0,0,0,0,0,0,0,0,0,0,0,0,0,0,0,0,0,0,0,0,0,0,0,0,0,0,0,0,0,0,0,0,0,0,0,0,0,0,0,0,0,0,0,0,0,0,0,0,0,0,0,0,0,0,0,0,0,0,0,0,0,0,0,0,0,0,0,0,0,0,0,0,0,0,0,0,0,0,0,0,0,0,0,0,0,0,0,0,0,0,0,0,0,0,0,0,0,0,0,0,0,0,0,0,0,0,0,0,0
0,0,0,0,0,0,0,0,0.038961038961039,0,0,0,0,0,0,0,0,0.03125,0,0,0,0.0174418604651163,0.016,0,0,0,0,0,0,0,0,0.0666666666666667,0,0,0,0,0,0,0,0.0182926829268293,0,0.00657894736842105,0.0689655172413793,0,0.00649350649350649,0,0,0.02,0,0,0,0,0,0,0,0,0,0,0,0,0,0,0,0,0,0,0,0,0,0,0,0,0,0,0,0.0476190476190476,0.0833333333333333,0,0,0,0,0.0188679245283019,0,0,0,0,0,0,0,0,0,0,0,0,0,0,0,0,0,0,0.0210526315789474,0,0.0217391304347826,0,0,0,0,0,0,0,0,0,0,0,0,0,0,0,0,0,0,0,0,0,0,0,0,0,0,0,0,0,0,0,0,0,0,0,0,0,0,0,0,0,0,0,0,0,0,0,0,0,0,0,0,0,0,0,0,0,0,0.0142857142857143,0,0,0,0,0,0,0,0,0,0,0,0,0,0,0,0,0,0,0,0,0,0,0,0,0,0,0,0,0,0,0,0,0,0,0,0,0,0,0,0,0,0,0,0,0,0,0.00378787878787879,0,0,0,0,0,0,0,0,0,0,0,0,0,0,0,0,0,0,0,0,0,0,0,0,0,0,0,0,0,0,0,0,0.0285714285714286,0,0,0.0169491525423729,0,0,0,0,0,0,0,0,0,0,0,0,0,0,0,0,0,0,0,0,0,0,0,0,0,0,0,0,0,0,0,0,0,0,0,0,0,0,0,0,0,0,0,0,0,0,0,0,0,0,0,0,0,0,0,0,0,0,0,0,0,0,0,0,0,0.0232558139534884,0,0,0,0
0.0124223602484472,0,0,0,0,0.0072463768115942,0.0645161290322581,0,0,0,0,0.0403225806451613,0.108641975308642,0,0,0,0,0,0.0306748466257669,0.0072992700729927,0.0680851063829787,0,0,0,0,0,0,0,0,0.00452488687782805,0.0132450331125828,0,0.0113636363636364,0,0,0,0.0923076923076923,0,0,0,0,0.0416666666666667,0,0,0,0,0.00628930817610063,0,0.0116279069767442,0.0533333333333333,0.00719424460431655,0,0,0,0,0,0,0.03125,0.00645161290322581,0,0,0,0,0,0.0390243902439024,0.034965034965035,0.0384615384615385,0.040650406504065,0,0.0469483568075117,0,0.0072463768115942,0.00675675675675676,0,0,0,0.00680272108843537,0,0,0.0210526315789474,0,0,0.0297397769516729,0,0,0,0,0,0.0193548387096774,0,0.0404624277456647,0,0,0,0,0,0.0419161676646707,0.00636942675159236,0,0,0.0138888888888889,0,0,0.0138888888888889,0,0,0,0,0.0136054421768707,0,0,0,0,0,0,0,0,0,0.0196078431372549,0,0,0.0359281437125748,0,0,0.00431034482758621,0,0,0,0,0,0.0140845070422535,0,0,0.0588235294117647,0,0.06,0,0,0.00740740740740741,0,0,0,0,0,0,0,0,0,0.0145985401459854,0,0.0452830188679245,0,0,0.0344827586206897,0,0,0.0128205128205128,0.0140845070422535,0,0.0132743362831858,0.0507462686567164,0.0211640211640212,0,0,0,0,0.00881057268722467,0.00666666666666667,0,0,0,0,0,0,0.00684931506849315,0.0072992700729927,0,0.0162162162162162,0,0,0,0,0,0,0,0,0,0.00425531914893617,0.0408163265306122,0.00694444444444444,0.0355731225296443,0,0,0,0.0379746835443038,0.0136986301369863,0,0.00476190476190476,0.0440414507772021,0.0129032258064516,0.0529801324503311,0,0,0,0.0210526315789474,0.0323741007194245,0,0,0.0211081794195251,0.0368663594470046,0,0,0,0,0.00699300699300699,0,0,0,0,0.0365853658536585,0.0149253731343284,0,0,0,0,0,0,0,0,0,0,0,0,0,0.0476190476190476,0,0,0,0,0,0,0,0,0,0,0,0,0,0,0,0,0,0,0,0,0,0,0,0,0,0,0,0,0,0,0,0,0,0,0,0,0,0,0,0,0,0,0,0,0,0,0,0,0,0,0,0,0,0,0,0,0,0,0,0,0,0.00735294117647059,0,0.00719424460431655,0,0.0858895705521472,0,0,0,0,0.0569105691056911,0.0333333333333333,0.04,0,0,0,0.00930232558139535,0,0,0
0.0185185185185185,0,0,0,0,0.0117647058823529,0.0338983050847458,0,0,0,0,0.0459183673469388,0.0393700787401575,0.0099009900990099,0,0,0,0,0,0,0.0531914893617021,0,0,0,0,0,0,0,0,0.0180722891566265,0.0309278350515464,0,0.0330578512396694,0,0,0.0923076923076923,0,0,0,0,0,0.018348623853211,0,0,0,0,0.0288461538461538,0,0,0.010989010989011,0.0116279069767442,0,0,0,0,0,0,0,0,0,0,0,0,0,0.0126582278481013,0.0326086956521739,0.0303030303030303,0.0357142857142857,0,0.0365853658536585,0,0,0,0,0,0,0,0,0,0.00714285714285714,0,0,0.0275229357798165,0,0,0,0,0,0.0396039603960396,0.0121951219512195,0.0241935483870968,0,0,0,0,0,0.0521739130434783,0.0294117647058824,0,0,0.0121951219512195,0,0,0.021978021978022,0,0,0,0,0.0212765957446809,0,0,0,0,0,0,0,0,0,0,0,0,0.0256410256410256,0,0,0,0,0,0,0,0,0.0111111111111111,0,0,0.0168539325842697,0,0.0392156862745098,0,0,0,0,0,0,0,0,0,0,0,0,0.0117647058823529,0,0.032258064516129,0,0,0.0261437908496732,0,0,0,0,0,0.0114942528735632,0.0602836879432624,0.0144927536231884,0,0,0,0,0,0,0,0,0,0,0,0,0,0,0,0.0714285714285714,0,0,0,0,0,0,0,0,0,0,0.0585774058577406,0,0.0398009950248756,0,0,0,0.0489130434782609,0.0106382978723404,0,0.025974025974026,0.0324483775811209,0,0.06,0,0,0,0.0291970802919708,0.0308370044052863,0,0,0.0308641975308642,0.0424242424242424,0,0,0,0,0.0111111111111111,0,0,0,0,0.0575916230366492,0,0.0206185567010309,0,0,0.0111111111111111,0,0,0,0,0,0,0,0,0,0.0631578947368421,0,0,0,0,0,0,0,0,0,0,0,0,0,0,0,0,0,0,0,0,0,0,0,0,0,0,0,0,0,0,0,0,0,0,0,0,0,0,0,0,0,0,0,0,0,0,0,0,0,0,0,0,0,0,0,0,0,0,0,0,0,0,0,0.0116279069767442,0,0.0451388888888889,0,0,0,0,0.035,0.0317460317460317,0.03,0,0,0,0.0379746835443038,0,0,0
0,0,0.00595238095238095,0,0,0,0,0,0,0,0,0,0,0,0,0.00689655172413793,0,0,0,0,0,0,0,0,0.00940438871473354,0.0294117647058824,0.032967032967033,0.00740740740740741,0.0198019801980198,0,0,0,0,0,0,0,0,0,0.00420168067226891,0,0,0,0,0,0,0,0,0,0.0170940170940171,0,0,0.00662251655629139,0.0292682926829268,0.021505376344086,0.00886524822695036,0,0,0,0,0.00699300699300699,0,0.0578947368421053,0,0,0,0,0,0,0,0,0,0,0,0.0208333333333333,0.0125,0,0,0,0.00617283950617284,0,0,0,0,0.037593984962406,0,0,0.0151515151515152,0.0622222222222222,0,0,0,0,0.00884955752212389,0.0131578947368421,0.0583941605839416,0,0,0,0,0.00576368876080692,0,0,0,0,0,0,0,0,0,0,0,0.0119047619047619,0.0285714285714286,0.00970873786407767,0,0,0,0,0,0.0350877192982456,0,0,0.0359712230215827,0,0.0532544378698225,0,0,0.0075187969924812,0,0,0,0,0.0113636363636364,0,0,0,0,0.0350877192982456,0,0,0,0.0429447852760736,0.0476190476190476,0.0128205128205128,0,0,0,0,0,0,0,0.0476190476190476,0.00819672131147541,0,0.0376344086021505,0.010752688172043,0,0,0,0,0,0,0,0.0707964601769911,0.00699300699300699,0.010752688172043,0.00578034682080925,0,0,0,0.00552486187845304,0,0,0,0,0,0.0129449838187702,0,0,0,0,0,0.0392156862745098,0.0522388059701493,0.00571428571428571,0,0,0.0284090909090909,0,0,0,0,0,0,0,0,0.0188679245283019,0,0,0,0,0.0611510791366906,0.0559006211180124,0,0,0,0,0,0,0,0,0,0,0.0241935483870968,0,0,0,0,0,0,0,0,0,0,0,0,0.0273224043715847,0,0.02710027100271,0.0551181102362205,0,0,0,0,0,0,0,0,0,0.05,0,0,0,0,0,0.00628930817610063,0.0155440414507772,0,0,0,0.0128205128205128,0.0381679389312977,0,0,0,0.0105263157894737,0.0111111111111111,0,0.0235294117647059,0,0.0603448275862069,0.0126582278481013,0.0114942528735632,0,0,0,0,0.0210526315789474,0,0,0,0.0126582278481013,0.0163265306122449,0.00625,0.00925925925925926,0.0116279069767442,0,0,0,0,0.0353535353535354,0,0,0.0128205128205128,0.0120481927710843,0,0,0.0172413793103448,0,0.0126582278481013,0,0.0120481927710843,0,0,0,0,0,0,0,0,0,0,0,0,0.0212765957446809,0,0,0,0,0.0388349514563107,0,0,0.037037037037037,0.136842105263158,0
0,0.00613496932515337,0.0525,0,0.0333333333333333,0,0,0,0,0,0,0,0,0,0,0.179245283018868,0,0,0,0,0,0,0,0,0.0602094240837696,0.0273224043715847,0.0167130919220056,0.0186046511627907,0,0,0,0,0,0,0,0,0,0.00420168067226891,0,0,0,0,0,0,0,0,0,0,0.01,0,0,0.00858369098712446,0.00684931506849315,0,0.0499194847020934,0,0,0,0,0.0133928571428571,0.00552486187845304,0.0142857142857143,0.00613496932515337,0,0,0,0,0,0,0,0.0294117647058824,0,0,0.00436681222707424,0,0,0,0,0.00819672131147541,0,0,0,0,0.0345821325648415,0,0,0.014018691588785,0.00625,0,0,0,0,0.0260416666666667,0.021551724137931,0.0133333333333333,0,0,0,0,0.0409638554216867,0,0,0,0,0,0,0,0,0,0,0.0116279069767442,0,0.0154440154440154,0.016304347826087,0,0,0,0,0,0.0100502512562814,0,0,0.00442477876106195,0,0.0275590551181102,0,0,0.00930232558139535,0,0,0,0.0246913580246914,0,0,0,0,0,0.0100502512562814,0,0,0.00961538461538462,0.0411522633744856,0,0,0,0,0,0,0,0,0,0.00423728813559322,0,0,0.0072992700729927,0.00568181818181818,0,0,0,0,0,0,0,0.00492610837438424,0.00888888888888889,0.0114285714285714,0.0158102766798419,0,0,0,0.0515873015873016,0.00471698113207547,0,0.0119760479041916,0,0,0.0393700787401575,0,0,0,0.00581395348837209,0.00598802395209581,0,0,0.01171875,0,0,0,0,0,0,0,0,0,0,0,0,0,0,0,0,0.0134048257372654,0.0143884892086331,0,0,0,0,0,0,0,0,0,0,0.00478468899521531,0,0,0,0,0,0,0,0,0,0,0,0,0.00743494423791822,0,0.0266666666666667,0.0235849056603774,0.00609756097560976,0,0.0192307692307692,0,0,0,0,0,0,0.0176991150442478,0,0,0,0,0,0.00413223140495868,0.0608365019011407,0,0,0.00609756097560976,0,0,0,0,0,0,0,0.00613496932515337,0,0,0,0,0,0,0,0,0,0,0,0,0,0,0.0121951219512195,0,0,0,0,0,0,0,0.00699300699300699,0,0,0,0,0,0,0,0,0,0,0,0.00613496932515337,0,0,0,0,0,0,0,0,0,0.00584795321637427,0,0,0,0,0,0,0,0,0,0,0.0346020761245675,0
0,0,0,0,0,0,0,0.0404040404040404,0.0368663594470046,0,0,0,0,0,0,0,0,0.0113636363636364,0.0105820105820106,0,0,0.038961038961039,0.0461538461538462,0,0,0,0,0,0,0.0425531914893617,0,0.00625,0,0,0.0182926829268293,0,0,0,0,0,0,0.00336700336700337,0.0247524752475248,0,0.0380622837370242,0,0,0.0555555555555556,0,0,0.01875,0,0,0,0,0.00606060606060606,0,0,0.0467836257309941,0,0,0,0,0,0,0,0,0,0.00581395348837209,0,0,0.0062111801242236,0.00584795321637427,0,0,0.0121212121212121,0.0178571428571429,0.0265957446808511,0,0,0,0.0811965811965812,0.0135135135135135,0,0,0,0,0,0.00555555555555556,0,0,0,0,0,0,0,0,0,0,0,0.0386266094420601,0,0.0212765957446809,0,0,0,0,0,0,0,0,0,0,0,0,0,0,0,0,0,0,0,0,0,0,0,0,0,0,0,0,0,0,0,0,0,0.0128205128205128,0,0,0,0,0,0,0,0,0,0,0.0103092783505155,0,0,0,0.00869565217391304,0.0100502512562814,0.00431034482758621,0,0.00584795321637427,0.00555555555555556,0,0,0.0202429149797571,0,0.00465116279069767,0.0112994350282486,0,0,0,0,0.0116279069767442,0,0,0,0,0,0,0.0119047619047619,0,0,0,0.00641025641025641,0.0118343195266272,0,0,0,0,0,0,0,0,0,0,0,0,0,0,0,0,0,0,0.00471698113207547,0,0,0,0,0,0,0.00323624595469256,0,0,0.0148514851485149,0,0,0,0,0,0,0,0.0578231292517007,0.00641025641025641,0,0,0,0,0,0,0,0,0,0,0.00219298245614035,0,0,0,0,0,0.00568181818181818,0,0,0,0.0101522842639594,0,0,0.0235849056603774,0,0,0.00985221674876847,0,0,0,0,0,0,0.00943396226415094,0.0148514851485149,0,0,0,0,0,0,0,0,0,0,0,0,0,0,0,0,0,0,0,0,0,0,0,0,0,0,0,0,0,0,0,0,0,0,0,0,0,0,0,0,0,0,0,0,0,0,0.0331491712707182,0,0,0,0.00641025641025641,0,0,0,0,0,0,0.0401785714285714,0.00840336134453781,0,0,0
0,0,0,0,0,0,0,0,0,0,0,0,0,0,0,0,0,0,0,0,0,0,0,0,0.00396825396825397,0,0,0,0,0,0,0,0,0,0,0,0,0,0,0,0,0,0,0,0,0,0,0,0,0,0,0,0,0,0.00200400801603206,0,0,0,0,0.0135135135135135,0,0.00763358778625954,0,0,0,0,0,0,0,0,0,0,0,0.012987012987013,0,0,0,0,0,0,0,0,0,0,0,0,0,0.0119047619047619,0,0,0,0,0,0,0.0704225352112676,0,0,0,0,0,0,0,0,0,0,0,0,0,0,0,0,0.0666666666666667,0.00909090909090909,0,0,0,0,0,0,0,0,0,0,0,0.0186915887850467,0,0,0,0,0,0,0,0,0,0,0,0,0,0,0,0,0,0,0,0,0,0,0,0,0,0,0,0,0,0,0,0,0,0,0,0,0,0,0,0,0,0,0,0,0,0,0,0,0,0,0,0,0,0,0,0,0,0.0277777777777778,0,0,0,0,0,0,0,0,0,0,0,0,0,0,0,0,0,0,0.018018018018018,0.0111940298507463,0,0,0,0,0,0,0,0,0,0,0,0,0,0,0,0,0,0,0,0,0,0,0,0,0,0.00323624595469256,0.015625,0,0,0,0,0,0,0,0,0,0,0,0,0,0,0,0,0,0,0,0,0,0,0,0,0,0,0,0,0,0,0,0,0,0,0,0,0,0,0,0,0,0,0,0,0,0,0,0,0,0,0,0,0,0,0,0,0,0,0,0,0,0,0,0,0,0,0,0,0,0,0,0,0,0,0,0,0,0,0,0,0,0,0.0238095238095238,0.00684931506849315,0
0.00584795321637427,0,0,0,0,0,0.108695652173913,0.0105263157894737,0,0,0,0.0809716599190283,0.0878859857482185,0,0,0,0,0,0.0290697674418605,0,0.0276679841897233,0,0.0078125,0,0,0,0,0,0,0.00873362445414847,0.0062111801242236,0,0.016304347826087,0,0.00657894736842105,0.0416666666666667,0.018348623853211,0,0,0.00336700336700337,0,0,0,0,0.00350877192982456,0,0,0,0,0.0292887029288703,0,0,0,0,0,0.00662251655629139,0,0.0235294117647059,0,0,0,0,0,0,0.0571428571428571,0,0.0102040816326531,0.0392156862745098,0,0.0357142857142857,0,0,0.00636942675159236,0,0,0,0,0,0,0.0252525252525253,0,0,0.0671641791044776,0,0,0,0,0,0,0,0.0216216216216216,0,0,0,0,0,0.0110497237569061,0,0,0,0.00440528634361234,0.00625,0,0.0130718954248366,0,0,0,0,0,0,0,0,0,0,0.00617283950617284,0,0,0.00699300699300699,0.0122699386503067,0,0,0.0167597765363128,0,0,0,0,0,0,0,0,0.0132450331125828,0,0,0.0384615384615385,0,0.05,0,0,0,0,0,0,0,0,0,0,0,0,0.00680272108843537,0,0.025089605734767,0,0,0.037914691943128,0,0,0.00602409638554217,0.00657894736842105,0,0.0484581497797357,0.019774011299435,0.0253807106598985,0,0,0,0,0,0,0,0,0,0,0,0,0,0.00684931506849315,0,0.0154639175257732,0,0,0,0,0,0,0,0,0,0,0.0535117056856187,0,0.0304182509505703,0,0,0,0.0240963855421687,0,0,0.0045662100456621,0.03,0,0.0274841437632135,0,0,0.00704225352112676,0.015,0.0385964912280702,0,0,0.0127877237851662,0.0263157894736842,0,0,0,0,0.00657894736842105,0,0.00337837837837838,0,0,0.056,0,0.00625,0,0,0.00657894736842105,0,0,0,0,0,0,0,0,0,0,0,0,0,0,0,0,0,0,0,0,0,0,0,0,0,0,0,0.00526315789473684,0,0,0,0,0,0,0,0,0,0,0,0,0,0,0,0,0,0,0,0,0,0,0,0,0,0,0,0,0,0,0,0,0,0,0,0,0,0,0,0,0,0,0,0,0,0.00675675675675676,0,0.0614035087719298,0.00694444444444444,0,0,0,0.0803212851405622,0.0532786885245902,0.0443037974683544,0,0,0,0.036697247706422,0,0,0
0,0,0,0,0,0,0,0.01,0.0619469026548673,0,0,0,0,0,0,0,0,0.23728813559322,0.0117647058823529,0,0,0.0386473429951691,0.0121212121212121,0,0,0,0,0,0,0.0144927536231884,0,0,0,0,0.0689655172413793,0,0,0,0,0.0247524752475248,0,0,0,0,0.0483870967741935,0,0,0.0215827338129496,0,0.00649350649350649,0,0,0,0,0,0,0,0,0,0,0,0,0,0,0,0,0,0,0.0149253731343284,0,0,0.0178571428571429,0.0151515151515152,0,0,0,0,0.0232558139534884,0,0,0,0.0422535211267606,0,0,0,0,0,0,0,0,0.0208333333333333,0,0,0,0,0,0,0,0,0,0.0148148148148148,0,0.0116279069767442,0,0,0,0,0,0,0,0,0,0,0,0,0,0,0,0,0,0,0,0,0,0,0,0,0,0,0,0,0,0,0,0,0,0,0,0,0,0,0,0,0,0,0,0,0.0340909090909091,0,0,0,0,0,0,0,0,0,0,0,0.0137931034482759,0,0.018348623853211,0.0422535211267606,0,0,0,0,0,0,0,0,0,0,0,0,0,0,0,0,0,0,0,0,0,0,0,0,0,0,0,0,0,0,0,0,0,0,0,0,0,0,0,0,0,0,0,0,0,0.0166666666666667,0,0,0,0,0,0,0,0.0456852791878173,0,0,0,0,0,0,0,0,0,0,0,0,0,0,0,0,0,0,0,0,0,0.0217391304347826,0,0,0.0181818181818182,0,0.0196078431372549,0.0101010101010101,0,0,0,0,0,0,0.00925925925925926,0.0204081632653061,0.0196078431372549,0,0,0,0,0,0,0,0,0,0,0,0,0,0,0,0,0,0,0,0,0,0,0,0,0,0,0,0,0,0,0,0,0,0.0111111111111111,0,0,0,0,0,0,0,0,0,0,0,0.0379746835443038,0,0,0,0,0,0,0,0,0,0,0.040650406504065,0,0,0,0
0,0,0,0,0,0,0,0,0,0,0,0,0,0,0,0,0,0,0,0,0,0,0,0,0,0,0,0,0,0,0,0,0,0,0,0,0,0,0,0,0,0,0,0,0,0,0,0,0,0,0.142857142857143,0,0,0,0,0,0,0,0,0,0,0,0,0,0,0,0,0,0,0,0,0,0,0,0,0,0,0,0,0,0,0,0,0,0,0,0,0,0,0,0,0,0,0,0,0,0,0,0,0,0,0,0,0,0,0,0,0,0,0,0,0,0,0,0,0,0,0,0,0,0,0,0,0,0,0,0,0,0,0,0,0,0,0,0,0,0,0,0,0,0,0,0,0,0,0,0,0,0,0,0,0,0,0,0,0,0,0,0,0,0,0,0,0,0,0,0,0,0,0,0,0,0,0,0,0,0,0,0,0,0,0,0,0,0,0,0,0,0,0,0,0,0,0,0,0,0,0,0,0,0,0,0,0,0,0,0,0,0,0,0,0,0,0,0,0,0.00645161290322581,0,0,0,0,0,0,0,0,0,0,0,0,0,0,0,0,0,0,0,0,0,0,0,0,0,0,0,0,0,0,0,0,0,0,0,0,0,0,0,0,0,0,0,0,0,0,0,0,0,0,0,0,0,0,0,0,0,0,0,0,0,0,0,0,0,0,0,0,0,0,0,0,0,0,0,0,0,0,0,0,0,0,0,0,0,0,0,0,0,0,0,0,0,0,0,0,0,0
0,0,0,0,0,0,0,0.0374331550802139,0.0191387559808612,0,0,0,0,0,0,0,0,0.0246913580246914,0.00561797752808989,0,0,0.0620689655172414,0.0743801652892562,0,0,0,0,0,0,0.0495495495495495,0,0.0205479452054795,0,0,0.00649350649350649,0,0,0,0,0.0380622837370242,0,0.00350877192982456,0.0483870967741935,0,0,0,0,0.0829493087557604,0,0,0.00666666666666667,0,0,0,0,0.0065359477124183,0,0,0.0182926829268293,0,0,0,0,0,0,0,0,0,0.0125786163522013,0,0,0,0.00628930817610063,0,0,0,0.00632911392405063,0.0402298850574713,0,0,0,0.0758928571428571,0.00699300699300699,0,0,0,0,0,0,0,0,0,0,0,0,0,0,0,0,0,0.0267857142857143,0,0,0,0,0,0.00694444444444444,0,0,0,0,0,0,0,0.00609756097560976,0.00694444444444444,0,0,0.0121212121212121,0,0,0,0,0,0,0,0,0,0,0,0,0,0,0,0,0,0,0,0.00684931506849315,0,0,0,0,0,0,0,0,0.010989010989011,0.00671140939597315,0,0,0.0045662100456621,0.0106951871657754,0,0.00387596899224806,0,0.00595238095238095,0,0,0.00418410041841004,0,0,0.00602409638554217,0,0,0,0,0,0,0,0,0,0,0,0,0,0,0,0,0,0,0,0,0,0,0,0,0.0040650406504065,0,0,0,0,0,0,0,0,0,0,0.00242130750605327,0,0,0,0,0,0,0,0,0,0.0101522842639594,0,0,0,0,0,0,0,0.0346020761245675,0,0,0,0,0,0.00684931506849315,0.0125786163522013,0,0,0,0,0.00225225225225225,0,0,0,0,0,0,0,0,0.00694444444444444,0.0108108108108108,0,0,0.0199004975124378,0,0,0.0320855614973262,0,0.00383141762452107,0,0,0,0,0.01,0.0157894736842105,0,0,0,0,0,0,0,0,0,0,0,0,0,0,0,0,0,0,0,0,0,0,0,0,0,0,0,0,0,0,0,0,0,0,0,0,0,0,0,0,0,0,0,0,0,0,0.0115606936416185,0,0,0,0,0,0,0,0,0,0,0.0625,0,0,0,0
0,0,0,0,0,0,0,0,0,0,0,0,0,0,0,0,0,0,0,0,0,0,0.00862068965517241,0,0,0,0,0,0,0,0,0,0,0,0,0,0,0,0,0,0,0,0,0,0,0,0,0.010989010989011,0,0,0,0,0,0,0,0,0,0,0.0434782608695652,0,0,0,0,0,0,0,0,0,0,0,0,0,0,0,0,0,0,0,0,0,0,0,0,0,0,0,0,0,0,0,0,0,0,0,0,0,0,0,0,0,0,0,0,0,0,0,0,0,0,0,0,0,0,0,0,0,0,0,0,0,0,0,0,0,0,0,0,0,0,0,0,0,0,0,0,0,0,0,0,0,0,0,0,0,0,0,0,0,0,0,0,0,0,0,0,0,0,0,0,0,0,0,0,0,0,0,0,0,0,0,0,0,0,0,0,0,0,0,0,0,0,0,0,0,0,0,0,0,0,0,0,0,0,0,0,0,0,0,0,0,0,0,0,0,0,0,0,0,0,0,0,0,0,0,0,0,0,0,0,0,0,0,0,0,0,0,0,0,0,0,0,0,0,0,0,0,0,0,0,0,0,0,0,0,0,0,0,0,0,0,0,0,0,0,0,0,0,0,0,0,0,0,0,0,0,0,0,0,0,0,0,0,0,0,0,0,0,0,0,0,0,0,0,0,0,0,0,0,0,0,0,0,0,0,0,0,0,0,0,0,0,0,0,0,0,0,0,0,0,0,0.012987012987013,0,0,0,0
0,0,0,0,0,0,0.0213903743315508,0,0,0,0,0.027027027027027,0.0117994100294985,0,0,0,0,0,0,0,0.013986013986014,0,0,0,0,0,0,0,0,0.00869565217391304,0,0,0,0,0,0.00628930817610063,0.0288461538461538,0,0,0,0,0,0,0,0,0,0,0,0,0.00769230769230769,0,0,0,0,0,0,0,0.0172413793103448,0,0,0,0,0,0,0,0,0.0246913580246914,0.0204081632653061,0,0,0,0,0,0,0,0,0,0,0,0.0114942528735632,0.0357142857142857,0.00813008130081301,0.00588235294117647,0,0,0,0,0,0.0196078431372549,0,0,0,0,0,0,0,0.0149253731343284,0,0,0,0,0,0,0,0,0,0,0,0.0238095238095238,0,0,0,0,0,0,0,0,0,0,0,0,0,0,0,0,0,0,0,0,0,0,0,0,0,0,0,0,0,0,0,0,0,0,0,0,0,0,0,0,0,0.00588235294117647,0,0,0.0196078431372549,0,0,0,0,0,0,0.0165289256198347,0,0,0,0,0,0,0,0,0,0,0,0,0,0,0,0,0.0123456790123457,0,0,0,0,0,0,0,0,0,0,0.0101010101010101,0,0.012987012987013,0,0,0,0.0218978102189781,0,0,0.00961538461538462,0.0171232876712329,0,0.0192307692307692,0,0,0,0.0232558139534884,0.0225988700564972,0,0,0.0144404332129964,0.0258620689655172,0,0,0,0,0,0,0,0,0,0.0347222222222222,0,0.0222222222222222,0,0,0,0,0,0,0,0,0,0,0,0,0,0,0,0,0,0,0,0,0,0,0,0,0,0,0,0,0,0,0,0,0,0,0,0,0,0,0,0,0,0,0,0,0,0,0,0,0,0,0,0,0,0,0,0,0,0,0,0,0,0,0,0,0,0,0,0,0,0,0,0,0,0,0,0,0,0,0.0163934426229508,0,0,0,0,0.0065359477124183,0.00709219858156028,0,0,0,0.00970873786407767,0.018348623853211,0,0,0
0,0,0,0,0,0,0,0.0217391304347826,0.038961038961039,0,0,0,0,0,0,0,0,0.036697247706422,0.0161290322580645,0.0105263157894737,0,0.0669456066945607,0.0952380952380952,0,0,0,0,0,0,0.0465116279069767,0,0.0212765957446809,0,0,0.02,0,0,0,0,0.0555555555555556,0,0,0.0215827338129496,0,0.0829493087557604,0.010989010989011,0,0,0,0,0,0,0,0,0,0.01,0,0,0.0178571428571429,0,0,0,0,0,0,0,0,0,0.0188679245283019,0,0,0,0.00943396226415094,0,0,0.0099009900990099,0.0192307692307692,0.0578512396694215,0,0,0,0.0930232558139535,0.0173160173160173,0,0,0,0,0,0,0,0,0,0,0,0,0,0,0,0,0,0.0172413793103448,0,0.0241935483870968,0,0.010752688172043,0,0,0,0,0,0,0,0,0,0,0.010989010989011,0,0,0,0,0,0,0,0,0,0,0,0,0,0,0,0,0,0,0,0,0.0108695652173913,0,0,0,0,0,0,0,0,0,0,0.0155038759689922,0,0,0,0.00602409638554217,0.00740740740740741,0,0,0,0.00869565217391304,0,0,0.00537634408602151,0,0,0.027027027027027,0,0,0,0,0,0,0,0,0,0,0,0,0,0,0,0,0.0192307692307692,0,0,0.0170940170940171,0,0,0,0,0,0,0.00980392156862745,0,0,0,0,0,0.0192307692307692,0.0168067226890756,0,0.00277777777777778,0,0,0,0,0,0,0.00409836065573771,0,0,0.0147058823529412,0,0,0,0,0,0,0,0.055793991416309,0,0,0,0,0,0.010752688172043,0,0,0,0,0,0,0,0,0,0,0,0,0,0,0,0.0151515151515152,0,0,0.0482758620689655,0,0,0.0294117647058824,0,0,0,0,0,0,0.00675675675675676,0.0294117647058824,0,0,0,0,0,0,0,0,0,0,0,0,0,0,0,0,0,0,0,0,0,0,0,0,0,0,0,0,0,0,0,0,0,0,0,0,0,0,0,0,0,0,0,0,0,0,0.0166666666666667,0,0,0,0,0,0,0,0.00884955752212389,0,0,0.0700636942675159,0.00574712643678161,0,0,0
0,0,0.0134680134680135,0,0.0324675324675325,0,0,0,0,0,0,0,0,0,0,0.00790513833992095,0,0,0,0,0,0,0,0,0.021505376344086,0.0625,0.00823045267489712,0.0206185567010309,0.03125,0,0,0,0,0,0,0.0116279069767442,0,0.0170940170940171,0.01,0,0,0,0,0,0,0,0,0,0,0,0,0.0176991150442478,0.0175438596491228,0.0175438596491228,0.0191570881226054,0,0,0,0,0,0,0.00613496932515337,0,0,0,0,0,0,0,0,0.0192307692307692,0,0,0.00917431192660551,0,0,0,0,0.0327868852459016,0,0,0,0,0,0,0,0,0.00497512437810945,0,0,0,0,0.0131578947368421,0.0446428571428571,0.0384615384615385,0,0,0,0,0.0162866449511401,0,0,0,0,0,0,0,0,0,0,0,0,0.00704225352112676,0,0,0,0,0,0,0.0253164556962025,0.024390243902439,0,0.019047619047619,0,0.00714285714285714,0,0,0.0319148936170213,0,0,0,0.0078125,0.0196078431372549,0,0,0,0,0,0,0,0.0112359550561798,0.047244094488189,0.021505376344086,0,0,0,0,0,0,0,0,0.0173913043478261,0.0117647058823529,0,0.0196078431372549,0,0,0,0,0,0,0,0,0.0120481927710843,0.019047619047619,0.0178571428571429,0.0300751879699248,0,0,0,0.0283687943262411,0.0333333333333333,0,0.0208333333333333,0,0,0.0147058823529412,0,0,0,0.0192307692307692,0,0,0.00970873786407767,0.0220588235294118,0,0,0.00699300699300699,0,0,0,0,0,0,0,0,0,0,0,0,0,0.0117647058823529,0.00664451827242525,0,0,0,0,0,0,0,0,0,0,0.0344827586206897,0,0,0,0,0,0,0,0,0,0,0,0,0.0134228187919463,0,0.0118343195266272,0,0,0,0,0,0,0,0,0,0,0.00917431192660551,0,0,0,0,0,0.0165289256198347,0.0392156862745098,0,0,0,0,0.0102040816326531,0,0,0,0,0.0188679245283019,0,0,0,0.0238095238095238,0,0,0,0,0.0166666666666667,0,0.0169491525423729,0,0,0,0,0.0143540669856459,0.00813008130081301,0,0,0,0,0,0.0196078431372549,0,0,0,0.024390243902439,0,0,0,0,0,0,0,0,0,0,0,0,0,0,0,0,0,0,0,0,0,0,0,0,0,0.0294117647058824,0,0,0.0135135135135135,0.0170454545454545,0
0.185840707964602,0,0,0,0,0,0.0428015564202335,0,0,0,0,0.0601851851851852,0.0447761194029851,0.008,0,0,0,0,0.0451127819548872,0,0.0325581395348837,0,0,0,0,0,0,0,0,0.00520833333333333,0.0163934426229508,0,0.0275862068965517,0,0,0.0533333333333333,0.010989010989011,0,0,0,0,0.0292887029288703,0.00649350649350649,0,0,0,0.00769230769230769,0,0,0,0,0,0,0,0,0.00884955752212389,0,0.0461538461538462,0,0,0,0,0,0,0.0279329608938547,0.00847457627118644,0.0666666666666667,0.0460829493087558,0,0.043010752688172,0,0.00917431192660551,0.0169491525423729,0,0,0.0087719298245614,0.00847457627118644,0,0,0.00609756097560976,0,0,0.0508474576271186,0,0,0,0,0,0.032,0.00943396226415094,0.0202702702702703,0.00961538461538462,0,0,0,0,0.0283687943262411,0.032,0,0,0,0.0165289256198347,0,0.00862068965517241,0,0,0,0,0.0344827586206897,0,0,0,0,0,0.016260162601626,0,0,0,0.00793650793650794,0,0,0.0285714285714286,0,0,0,0,0,0,0,0,0,0,0,0.025,0.019047619047619,0.0236220472440945,0,0,0,0,0,0,0,0,0,0,0,0,0,0,0.0508474576271186,0,0,0.0342857142857143,0,0,0,0,0,0.0309278350515464,0.0487012987012987,0.0123456790123457,0,0,0,0,0,0,0,0,0,0,0,0,0,0,0,0.0324675324675325,0,0,0,0,0,0,0,0,0,0,0.0736434108527132,0,0.0355555555555556,0,0,0,0.0235849056603774,0.00847457627118644,0,0.04,0.0218579234972678,0.0078740157480315,0.0491803278688525,0,0,0,0.0122699386503067,0.0238095238095238,0,0,0.0170454545454545,0,0,0,0,0,0,0,0,0,0,0.036697247706422,0.00943396226415094,0,0,0,0.0087719298245614,0,0,0,0,0,0,0,0,0,0,0,0,0,0,0,0,0,0,0,0,0,0,0,0,0,0,0,0,0,0,0,0,0,0,0,0,0,0,0,0,0,0,0,0,0,0,0,0,0,0,0,0,0,0,0,0,0,0,0,0,0,0,0,0,0,0,0,0,0,0,0,0.00934579439252336,0,0,0,0.0483870967741935,0,0,0,0,0.0596330275229358,0.0735294117647059,0,0,0,0,0.0386740331491713,0,0,0.0263157894736842
0,0,0,0,0,0,0,0,0,0,0,0,0,0,0,0,0,0,0,0,0,0.00588235294117647,0,0,0,0,0,0,0,0.0105263157894737,0,0,0,0,0,0.00719424460431655,0.0116279069767442,0,0,0.01875,0,0,0,0.142857142857143,0.00666666666666667,0,0,0,0,0,0,0,0,0,0,0,0,0,0,0,0,0,0,0,0,0,0,0,0,0,0,0,0,0,0,0,0,0,0,0,0,0,0,0,0,0,0,0,0,0,0,0,0,0,0,0,0,0,0,0,0,0,0,0,0,0,0,0,0,0,0,0,0,0,0,0,0,0,0,0,0,0,0,0,0,0,0,0,0,0,0,0,0,0,0,0,0,0,0,0,0,0,0,0,0,0,0,0,0,0,0,0,0,0.0120481927710843,0,0,0,0,0,0,0,0,0,0,0,0,0,0,0,0,0,0,0,0,0,0,0,0,0,0.0476190476190476,0,0,0,0,0,0,0,0,0,0,0,0,0,0,0,0.0476190476190476,0,0,0.00727272727272727,0,0,0,0,0,0,0,0,0,0.00384615384615385,0,0,0,0,0,0,0,0.0125,0,0,0,0,0,0,0,0,0,0,0,0,0,0,0,0,0,0,0,0,0,0,0,0,0,0,0,0.0181818181818182,0,0,0,0,0,0,0,0.0181818181818182,0,0,0,0,0,0,0,0,0,0,0,0,0,0,0,0,0,0,0,0,0,0,0,0,0,0,0,0,0,0,0,0,0,0,0,0,0,0,0,0,0,0,0,0,0,0,0.0857142857142857,0,0,0,0,0,0,0,0,0,0,0,0.0111111111111111,0,0,0
0,0,0.0372670807453416,0,0.0212765957446809,0,0,0,0,0,0,0,0,0,0,0.0212765957446809,0,0,0,0,0,0,0,0,0.0258064516129032,0,0.0109090909090909,0.0153846153846154,0,0,0,0,0,0,0,0,0,0.00662251655629139,0.00858369098712446,0,0,0,0,0,0,0,0,0,0.0176991150442478,0,0,0,0.00975609756097561,0,0.0886319845857418,0,0,0,0,0,0,0.0154639175257732,0,0,0,0,0,0,0,0,0.0170648464163823,0,0,0,0,0,0,0,0.0324675324675325,0,0,0,0,0.0149253731343284,0,0,0.0236220472440945,0.00427350427350427,0,0,0,0,0.00917431192660551,0,0.00714285714285714,0,0,0,0,0.0207100591715976,0,0,0,0,0,0.024390243902439,0,0,0,0,0,0,0,0,0,0,0,0,0,0,0,0,0.0218978102189781,0,0.0116279069767442,0,0,0.04,0,0,0,0.0253164556962025,0,0,0,0,0,0.00884955752212389,0,0,0.025,0.0246913580246914,0,0,0,0,0,0,0,0,0,0,0.00847457627118644,0,0,0,0,0,0,0,0,0,0,0.00862068965517241,0.0144927536231884,0.0112359550561798,0.0119047619047619,0,0,0,0.0853658536585366,0,0,0.0123456790123457,0,0,0.0131147540983607,0,0,0,0,0,0.0099009900990099,0,0.0238095238095238,0,0.00980392156862745,0.0114285714285714,0,0,0,0,0,0,0,0,0,0,0,0,0,0.0104166666666667,0.00598802395209581,0,0,0,0,0,0,0,0,0,0,0,0,0,0,0,0,0,0,0,0,0,0,0,0,0,0.00536193029490617,0.00775193798449612,0,0,0.016260162601626,0,0,0,0,0,0,0.0141843971631206,0,0,0,0,0,0.00645161290322581,0.00523560209424084,0,0.0333333333333333,0,0,0,0,0,0,0,0,0,0,0,0.0170940170940171,0,0,0,0,0.010752688172043,0,0,0,0,0,0,0.00409836065573771,0.0129032258064516,0,0,0,0,0,0,0,0,0,0,0,0,0,0,0,0,0,0,0,0,0,0,0,0,0,0,0,0,0,0,0,0,0,0,0,0,0,0,0,0.00952380952380952,0
0,0,0.0051150895140665,0.0217391304347826,0.0161943319838057,0,0,0,0,0,0.0075187969924812,0,0,0,0,0.029673590504451,0,0,0,0,0,0,0,0,0.00265957446808511,0,0.0337423312883436,0,0.00636942675159236,0,0,0,0,0,0,0,0,0.0292682926829268,0.00684931506849315,0,0,0,0,0,0,0,0,0,0.0175438596491228,0,0,0.00975609756097561,0,0.0204081632653061,0.028006589785832,0,0,0,0,0.0257731958762887,0,0.040650406504065,0,0,0,0,0,0,0,0,0.00280898876404494,0,0,0.0253807106598985,0,0,0,0,0.013953488372093,0,0,0,0,0.034375,0,0,0,0.0613718411552347,0,0,0,0,0.00595238095238095,0,0.0204081632653061,0,0,0,0,0.00248138957816377,0,0,0,0,0,0,0,0,0,0,0,0.00719424460431655,0.0538116591928251,0,0,0,0,0,0,0.0297619047619048,0,0,0.0101522842639594,0,0.0309734513274336,0,0,0.0161290322580645,0,0,0,0.00454545454545455,0.00699300699300699,0,0,0,0,0.0176470588235294,0,0,0,0.0135135135135135,0.0331491712707182,0,0.0149253731343284,0,0,0,0,0,0,0.0346534653465347,0.00564971751412429,0,0.0247933884297521,0,0,0,0,0,0,0,0,0.0114942528735632,0.0101522842639594,0,0.0269058295964126,0,0,0,0.025974025974026,0,0,0.0217391304347826,0,0,0.0137741046831956,0,0,0,0.00694444444444444,0,0.0125786163522013,0.0315789473684211,0.00434782608695652,0,0.0125,0.0305676855895196,0,0,0,0,0,0,0,0,0.0316455696202532,0,0,0,0,0.0638297872340425,0.0646900269541779,0,0,0,0,0,0,0,0,0,0,0.0282485875706215,0,0,0,0,0,0,0,0,0,0,0,0,0.00829875518672199,0,0.0382775119617225,0.0271739130434783,0,0.0214285714285714,0,0.00675675675675676,0,0,0,0,0,0.0466321243523316,0,0,0,0,0,0.00467289719626168,0.0161943319838057,0,0,0,0,0.0159574468085106,0,0,0.0150375939849624,0.00666666666666667,0,0.00740740740740741,0.0142857142857143,0,0.0289017341040462,0,0.00704225352112676,0,0,0,0,0.00662251655629139,0.0141843971631206,0.00746268656716418,0,0,0.0167224080267559,0.00934579439252336,0.0123456790123457,0,0,0,0,0.0140845070422535,0.04,0,0,0,0.0072463768115942,0,0,0.00581395348837209,0,0,0,0,0,0,0,0,0,0,0,0,0,0,0,0,0.0134228187919463,0,0,0,0,0.0062111801242236,0,0,0.0182926829268293,0.0343511450381679,0
0,0,0,0,0,0,0,0,0,0,0,0,0,0,0,0.00434782608695652,0,0,0,0,0,0,0,0,0,0,0.00454545454545455,0.0273972602739726,0,0,0,0,0,0,0,0,0,0.021505376344086,0,0,0,0,0,0,0,0,0,0,0.0175438596491228,0,0,0,0.0204081632653061,0,0,0,0,0,0,0,0,0.0687022900763359,0,0,0,0,0,0,0,0,0,0,0,0.0117647058823529,0,0,0,0,0.0099009900990099,0,0,0,0,0.00467289719626168,0,0,0,0.0113636363636364,0,0,0,0,0,0.021978021978022,0,0,0,0,0,0,0,0,0,0,0,0,0,0,0,0,0,0,0.00847457627118644,0,0,0,0,0,0,0,0,0,0.0246913580246914,0,0,0,0,0,0,0,0,0,0,0,0,0,0,0.0178571428571429,0,0,0,0.00925925925925926,0,0,0,0,0,0,0,0,0,0,0,0,0.0153846153846154,0,0,0,0,0,0,0,0,0,0.0121951219512195,0,0.018018018018018,0,0,0,0.00833333333333333,0,0,0.0416666666666667,0,0,0.00398406374501992,0,0,0,0,0,0.0227272727272727,0.0126582278481013,0.0087719298245614,0,0.0222222222222222,0.0169491525423729,0,0,0,0,0,0.05,0,0,0,0,0,0,0,0.012987012987013,0.0072202166064982,0,0,0,0,0,0,0,0,0,0,0.0153846153846154,0,0,0,0,0,0,0,0,0,0,0,0,0,0,0.00632911392405063,0.0138888888888889,0,0.0384615384615385,0,0,0,0,0,0,0,0,0,0,0,0,0,0,0.00746268656716418,0,0,0,0,0.0273972602739726,0,0,0,0.0294117647058824,0,0,0,0,0,0,0,0,0,0,0,0.0285714285714286,0,0,0,0,0.0053475935828877,0,0.0212765957446809,0,0,0,0,0,0.00699300699300699,0,0,0,0,0,0,0,0,0,0,0,0,0,0,0,0,0,0,0,0,0,0,0,0.0294117647058824,0,0,0,0,0,0,0,0,0.00649350649350649,0
0,0,0.0667613636363636,0,0.0322033898305085,0,0,0,0,0,0,0,0,0,0,0.0538116591928251,0,0,0,0,0,0,0,0,0.0606060606060606,0.0136986301369863,0.0435435435435435,0.0378071833648393,0.00584795321637427,0,0,0,0,0,0,0,0,0.00886524822695036,0.0499194847020934,0,0.00200400801603206,0,0,0,0,0,0,0,0.0191570881226054,0,0,0.0886319845857418,0.028006589785832,0,0,0,0,0,0,0.00541516245487365,0.00589390962671906,0.021630615640599,0,0,0,0,0,0,0,0,0.0671641791044776,0,0,0.00900900900900901,0,0,0,0,0.0285714285714286,0,0,0,0,0.047112462006079,0.00203665987780041,0.00201207243460765,0.0186219739292365,0.0171606864274571,0,0,0,0,0.0353634577603143,0.0161290322580645,0.00540540540540541,0,0,0,0,0.07475317348378,0,0,0,0,0,0.0100806451612903,0,0,0,0,0.008,0,0.00168918918918919,0.0177165354330709,0,0,0,0,0,0.00759013282732448,0,0,0.0182815356489945,0.00203665987780041,0.0350262697022767,0,0,0.0399239543726236,0,0,0,0.035778175313059,0,0,0,0,0,0.00950570342205323,0,0,0.0227272727272727,0.0448028673835125,0.00553505535055351,0,0,0,0.00203665987780041,0,0,0.00203665987780041,0,0.0125,0.00186915887850467,0,0.0133779264214047,0.0099601593625498,0,0,0,0,0,0,0,0.00564971751412429,0.0127272727272727,0.00795228628230616,0.0244328097731239,0,0,0,0.0549645390070922,0.0264650283553875,0,0.00200803212851406,0,0,0.0755555555555556,0,0,0,0.00399201596806387,0.00606060606060606,0.00776699029126214,0,0.0424778761061947,0,0.00970873786407767,0.0136518771331058,0,0,0,0,0,0,0,0,0.00385356454720617,0,0,0,0,0.0290697674418605,0.0272851296043656,0,0,0,0,0,0,0,0,0,0,0.0150375939849624,0,0,0,0,0,0,0,0,0,0,0,0,0.00501672240802676,0.00390625,0.0299089726918075,0.011090573012939,0.00202429149797571,0.002,0.018796992481203,0,0,0,0,0,0,0.0163339382940109,0,0.00181488203266788,0,0,0,0.00880281690140845,0.041025641025641,0,0.0323886639676113,0,0,0.00919117647058824,0,0,0,0.00992063492063492,0,0,0,0,0.00562851782363977,0,0.002,0.00203252032520325,0.00404858299595142,0.00788954635108481,0,0,0,0,0,0,0.0060790273556231,0.0213523131672598,0,0,0.00203665987780041,0,0,0,0.00815660685154975,0,0,0,0,0,0,0.00188679245283019,0,0,0,0,0,0,0,0,0,0,0,0,0,0,0.00199600798403194,0,0.00196850393700787,0,0,0,0,0.00580270793036751,0,0,0.00382409177820268,0.0362438220757825,0
0,0,0,0,0,0,0.00578034682080925,0,0,0,0,0,0.00307692307692308,0,0,0,0,0,0,0,0,0.0175438596491228,0,0,0,0,0,0,0,0,0,0,0,0,0,0,0,0,0,0.00606060606060606,0,0.00662251655629139,0,0,0.0065359477124183,0,0,0.01,0,0.00884955752212389,0,0,0,0,0,0,0,0,0,0,0,0,0,0,0,0,0,0,0,0,0,0,0,0,0,0,0.0416666666666667,0.0217391304347826,0,0,0,0,0.0065359477124183,0,0,0,0,0,0,0,0,0,0,0,0,0,0.02,0,0,0,0,0,0,0.0454545454545455,0,0,0,0,0,0,0,0,0,0,0,0,0,0,0,0,0,0,0,0,0,0,0,0,0,0,0,0,0,0,0,0.0285714285714286,0,0,0,0,0,0,0,0,0,0,0,0,0,0,0,0,0,0,0,0,0,0,0,0,0,0,0,0,0,0,0,0,0.1,0,0,0,0,0,0,0,0,0,0,0,0,0,0,0,0,0,0,0,0,0,0,0,0,0,0,0,0,0,0,0,0,0,0,0,0,0,0,0,0.00380228136882129,0,0,0,0,0,0,0,0.0248447204968944,0,0,0,0,0,0,0,0,0,0,0,0.0032258064516129,0,0,0,0,0,0,0,0,0,0,0,0,0,0,0,0,0,0,0,0,0,0,0,0,0,0,0,0,0,0,0,0,0,0,0,0,0,0,0,0,0,0,0,0,0,0,0,0,0,0,0,0,0,0,0,0,0,0,0,0,0,0,0,0,0,0,0,0,0,0,0,0,0,0,0,0,0,0,0,0,0,0.0116279069767442,0,0,0,0
0,0,0,0,0,0,0.00606060606060606,0,0,0,0,0,0,0,0,0,0,0,0,0,0,0,0,0,0,0,0,0,0,0,0,0,0,0,0,0,0,0,0,0,0,0,0,0,0,0,0,0,0,0,0,0,0,0,0,0,0,0,0,0,0,0,0,0,0,0,0,0.00806451612903226,0,0,0,0,0,0,0,0,0,0,0,0,0,0,0.00689655172413793,0,0,0,0,0,0,0,0,0,0,0,0,0,0,0,0,0,0,0,0,0,0,0,0,0,0,0,0,0,0,0,0,0,0,0,0,0,0,0,0,0,0,0,0,0,0,0,0,0,0,0,0,0,0,0,0,0,0,0,0,0,0,0,0,0,0,0,0,0,0,0,0,0,0,0,0,0,0,0,0,0,0,0,0,0,0,0,0,0,0,0,0,0,0,0.0178571428571429,0,0,0,0,0,0,0,0,0,0,0,0,0,0,0,0,0,0,0,0,0,0,0,0,0,0,0,0.00645161290322581,0,0,0,0,0,0,0,0,0,0,0,0,0,0,0,0,0,0,0,0,0,0,0,0,0,0,0,0,0,0,0,0,0,0,0,0,0,0,0,0,0,0,0,0,0,0,0,0,0,0,0,0,0,0,0,0,0,0,0,0,0,0,0,0,0,0,0,0,0,0,0,0,0,0,0,0,0,0,0,0,0,0,0,0,0,0,0,0,0,0,0,0,0,0,0,0,0,0,0,0.0078125,0.00862068965517241,0,0,0,0,0,0,0,0
0,0,0,0,0,0.027027027027027,0.0103092783505155,0,0,0,0,0.0194805194805195,0.00869565217391304,0,0,0,0,0,0,0,0.00671140939597315,0,0,0,0,0,0,0,0,0,0.0196078431372549,0,0.0405405405405405,0,0,0.03125,0,0,0,0,0,0.0235294117647059,0,0,0,0,0.0172413793103448,0,0,0.0461538461538462,0,0,0,0,0,0,0,0,0,0,0,0,0,0,0,0.0217391304347826,0,0.0333333333333333,0,0.00826446280991736,0,0,0,0,0,0.0238095238095238,0,0,0,0.021978021978022,0,0,0,0,0,0,0,0,0,0,0.025974025974026,0,0,0,0,0,0.0138888888888889,0,0,0,0,0,0,0,0,0,0,0,0.0434782608695652,0,0,0,0,0,0,0,0,0,0,0,0,0.0140845070422535,0,0,0,0,0,0,0,0,0,0,0,0.0152671755725191,0,0.0545454545454545,0,0,0,0,0,0,0,0,0,0,0,0,0.027027027027027,0,0.0292397660818713,0,0,0.0283018867924528,0,0,0,0,0,0.024,0.0286885245901639,0.010989010989011,0,0,0,0,0,0,0,0,0,0,0,0,0,0,0,0,0,0,0,0,0,0,0,0,0,0,0.0512820512820513,0.0232558139534884,0.0387096774193548,0,0,0,0.0507246376811594,0,0,0,0.023728813559322,0,0.010752688172043,0,0,0,0.0333333333333333,0,0,0,0.00704225352112676,0.00813008130081301,0,0,0,0,0,0,0,0,0,0,0,0,0,0,0,0,0,0,0,0,0,0,0,0,0.0392156862745098,0,0,0,0,0,0,0,0,0,0,0,0,0,0,0,0,0,0,0,0,0,0,0,0,0,0,0,0,0,0,0,0,0,0,0,0,0,0,0,0,0,0,0,0,0,0,0,0,0,0,0,0,0,0,0,0,0,0,0,0,0,0,0,0,0,0.00796812749003984,0,0,0,0,0.0127388535031847,0.00684931506849315,0,0,0,0,0,0,0,0.0227272727272727
0,0,0,0,0,0,0,0.028169014084507,0.0222222222222222,0,0,0,0.0029585798816568,0,0,0,0,0,0.0175438596491228,0,0,0.016304347826087,0.0296296296296296,0,0,0,0,0,0,0,0,0,0,0,0,0.00645161290322581,0,0,0,0.0467836257309941,0,0,0,0,0.0182926829268293,0.0434782608695652,0,0.0178571428571429,0,0,0,0,0,0,0,0,0,0,0,0,0,0,0,0,0,0,0,0,0.0526315789473684,0,0,0.0357142857142857,0,0,0,0,0.027027027027027,0.0169491525423729,0,0.0120481927710843,0,0.0434782608695652,0.0182926829268293,0,0,0,0,0,0,0,0,0,0,0,0,0,0,0,0,0,0.0283018867924528,0,0,0,0,0,0,0,0,0,0,0,0,0,0,0,0,0,0,0,0,0,0,0,0,0,0,0,0,0,0,0,0,0,0,0,0,0,0.04,0,0,0,0,0,0,0,0,0.0161290322580645,0,0,0,0,0,0,0,0.0263157894736842,0.0212765957446809,0,0,0,0,0.0121951219512195,0,0,0,0,0,0,0,0,0,0,0,0,0,0,0,0,0,0,0,0,0,0,0,0,0,0,0,0,0,0,0,0,0,0,0,0,0.00687285223367698,0,0,0,0,0,0,0,0,0,0,0,0,0,0,0,0,0,0.0113636363636364,0,0,0,0,0.024390243902439,0,0,0,0,0,0,0,0,0,0,0,0,0,0,0,0,0.0153846153846154,0,0,0,0,0,0.0140845070422535,0,0,0,0,0,0,0.0125,0.0285714285714286,0,0,0,0,0,0,0,0,0,0,0,0,0,0,0,0,0,0,0,0,0,0,0,0,0,0,0,0,0,0,0,0,0,0,0,0,0,0,0,0,0,0,0,0,0,0,0,0,0,0,0,0,0,0,0.0222222222222222,0,0,0.0309278350515464,0.00943396226415094,0,0,0
0,0.0147058823529412,0.0124223602484472,0.0136986301369863,0.00546448087431694,0,0,0,0,0,0,0,0,0,0,0.0218978102189781,0,0,0,0,0,0,0,0,0.00977198697068404,0,0.0112359550561798,0.00813008130081301,0.0111111111111111,0,0,0,0,0,0,0,0,0.00699300699300699,0.0133928571428571,0,0.0135135135135135,0,0,0,0,0,0,0,0,0,0,0,0.0257731958762887,0,0.00541516245487365,0,0,0,0,0,0.0116279069767442,0.0441988950276243,0,0,0,0,0,0,0,0,0.0104529616724739,0,0,0.0227272727272727,0,0,0,0,0,0,0,0,0,0.0193050193050193,0,0,0.00826446280991736,0.00442477876106195,0,0,0,0,0,0.0215827338129496,0.0152671755725191,0.0136986301369863,0,0,0.0149253731343284,0.0150602409638554,0,0,0,0,0,0,0,0,0,0.0147058823529412,0,0,0.024390243902439,0,0,0,0,0,0,0.0192307692307692,0,0,0.03125,0,0.0184049079754601,0,0,0,0,0,0,0,0.0131578947368421,0,0,0,0,0.00952380952380952,0,0,0,0.0128205128205128,0.0434782608695652,0,0,0,0,0,0,0,0,0.0364963503649635,0.00909090909090909,0,0.0402298850574713,0.025,0,0,0,0,0,0,0,0.0186915887850467,0.0393700787401575,0.0379746835443038,0.0125,0,0,0,0.0119047619047619,0.0172413793103448,0,0,0,0,0.00668896321070234,0,0,0,0.012987012987013,0,0.0217391304347826,0.015748031496063,0.0186335403726708,0,0.0326086956521739,0.0180722891566265,0,0,0,0,0.0147058823529412,0,0,0,0.0105263157894737,0,0,0,0,0.0328467153284672,0.0445859872611465,0,0,0,0,0,0,0,0,0,0,0.0176991150442478,0,0,0,0,0,0,0,0,0,0,0,0,0.0292397660818713,0,0.0308988764044944,0.00826446280991736,0,0,0.00862068965517241,0.025,0,0,0,0,0,0.0384615384615385,0,0,0.0147058823529412,0,0,0,0.010989010989011,0,0,0,0,0.0163934426229508,0,0,0,0,0,0,0.0135135135135135,0,0.0373831775700935,0.0149253731343284,0.027027027027027,0,0,0.0117647058823529,0,0.0240963855421687,0,0,0.0422535211267606,0,0.0304347826086957,0,0.0210526315789474,0.0135135135135135,0,0,0,0,0.0211640211640212,0,0,0,0.0285714285714286,0,0,0.00952380952380952,0,0,0,0,0,0,0,0,0,0,0,0,0,0,0,0,0.024390243902439,0,0,0,0,0.0106382978723404,0,0,0.0309278350515464,0.0303030303030303,0
0,0.0434782608695652,0,0,0,0,0,0,0,0,0,0,0,0,0,0.00858369098712446,0,0,0,0,0,0,0,0,0,0,0.00896860986547085,0,0,0,0,0,0,0,0,0,0,0,0.00552486187845304,0,0,0,0,0,0,0,0,0,0,0,0,0,0,0,0.00589390962671906,0,0,0,0,0.0116279069767442,0,0.00699300699300699,0,0,0,0,0,0,0,0,0,0,0,0.0112359550561798,0,0,0,0,0,0,0,0,0,0,0,0,0,0.0167597765363128,0,0,0,0,0,0,0,0,0,0,0,0,0,0,0,0,0,0,0,0,0,0,0,0,0.0165289256198347,0,0,0,0,0,0,0,0,0,0.0116279069767442,0,0,0,0,0,0,0,0,0,0,0,0,0,0,0.0166666666666667,0,0,0,0.00892857142857143,0,0,0,0,0,0,0,0,0,0.0319148936170213,0.0645161290322581,0,0.00740740740740741,0,0,0,0,0,0,0,0,0.032258064516129,0.0116279069767442,0,0.00862068965517241,0,0,0.0454545454545455,0.00806451612903226,0,0,0,0,0,0.0118577075098814,0,0,0,0.03125,0,0,0,0,0,0.0204081632653061,0.00813008130081301,0,0,0,0,0,0,0,0,0,0,0,0,0,0.0214592274678112,0.0107142857142857,0,0,0,0,0,0,0,0,0,0,0.0144927536231884,0,0,0,0,0,0,0,0,0,0,0,0,0.0155038759689922,0,0.00311526479750779,0.0131578947368421,0,0,0,0,0,0,0,0,0,0.0227272727272727,0,0,0,0,0,0,0,0,0.0256410256410256,0,0,0.0128205128205128,0,0,0,0,0,0,0,0,0.0476190476190476,0,0,0,0,0,0,0,0,0,0,0,0,0,0,0,0,0,0,0,0.0136986301369863,0.0476190476190476,0,0,0,0,0,0,0,0,0,0,0,0,0,0,0,0.0434782608695652,0,0,0,0,0,0,0,0,0,0,0,0,0,0,0.0185185185185185,0.00632911392405063,0
0,0,0.00789473684210526,0.00769230769230769,0.0126050420168067,0,0,0,0,0,0,0,0,0,0,0.0305810397553517,0,0,0,0,0,0,0,0,0.00824175824175824,0.00671140939597315,0.0447284345047923,0.0225988700564972,0.0136986301369863,0,0,0,0,0.00813008130081301,0,0,0,0.0578947368421053,0.0142857142857143,0,0.00763358778625954,0,0,0,0,0,0,0,0.00613496932515337,0,0,0.0154639175257732,0.040650406504065,0.0687022900763359,0.021630615640599,0,0,0,0,0.0441988950276243,0.00699300699300699,0,0,0,0,0,0,0,0,0,0.00289017341040462,0,0,0.0105263157894737,0,0,0,0,0.00970873786407767,0,0,0,0,0.0321543408360129,0,0,0.0228571428571429,0.0597014925373134,0,0,0,0,0.00632911392405063,0.0101522842639594,0.021505376344086,0,0,0,0,0.00254452926208651,0,0,0,0,0,0,0,0,0,0,0,0.00775193798449612,0.0321100917431193,0.00675675675675676,0,0,0,0,0,0.0448717948717949,0,0,0.05,0,0.0420560747663551,0,0,0.00561797752808989,0,0,0,0.0144230769230769,0.0075187969924812,0,0,0,0,0.01875,0,0,0,0.0238095238095238,0.0350877192982456,0.00813008130081301,0,0.00813008130081301,0,0,0,0,0,0.0418848167539267,0.0306748466257669,0,0.0818181818181818,0.0145985401459854,0,0,0,0,0,0,0,0.031055900621118,0.0384615384615385,0.0072463768115942,0.0233644859813084,0,0,0,0.0271493212669683,0,0,0.00769230769230769,0,0,0.0257879656160458,0,0,0,0,0,0.0134228187919463,0.0391061452513966,0.0184331797235023,0,0.0201342281879195,0.0272727272727273,0,0,0,0,0,0.00793650793650794,0,0,0.02,0,0,0,0,0.0559006211180124,0.0635359116022099,0,0,0,0,0,0,0,0,0.0078125,0,0.0238095238095238,0,0,0,0,0,0,0,0,0,0,0,0.00793650793650794,0.0130434782608696,0.0138888888888889,0.0417690417690418,0.028735632183908,0,0,0.0116279069767442,0.0145985401459854,0,0,0,0,0,0.032258064516129,0,0,0,0,0,0.0148514851485149,0.0168776371308017,0,0,0,0.00813008130081301,0.0225988700564972,0,0,0.00806451612903226,0.0143884892086331,0,0,0.00763358778625954,0,0.0434782608695652,0.00806451612903226,0.0230769230769231,0,0,0,0,0.00709219858156028,0.0152671755725191,0,0,0,0.0103092783505155,0.0198019801980198,0.0131578947368421,0,0,0,0,0.0075187969924812,0.0460251046025105,0,0,0,0.0238095238095238,0,0,0.00617283950617284,0,0,0,0,0,0.00806451612903226,0,0,0,0,0,0,0,0,0,0,0.0217391304347826,0,0,0,0,0.0133333333333333,0,0,0.0261437908496732,0.0398406374501992,0
0,0,0,0,0,0,0,0,0,0,0,0,0,0,0,0,0,0,0,0,0,0,0,0,0,0,0,0,0,0,0,0,0,0,0,0,0,0,0.00613496932515337,0,0,0,0,0,0,0,0,0,0,0,0,0,0,0,0,0,0,0,0,0,0,0,0,0,0,0,0,0,0,0,0,0,0,0,0,0,0,0,0,0,0,0,0,0,0,0,0,0.00613496932515337,0,0,0,0,0,0,0,0,0,0,0,0,0,0,0,0,0,0,0,0,0,0,0,0,0,0,0,0,0,0,0,0,0,0,0.0147058823529412,0,0.00980392156862745,0,0,0,0,0,0,0,0,0,0,0,0,0,0,0,0,0,0,0,0,0,0,0,0,0,0,0,0,0,0,0,0,0,0,0,0,0,0,0.0222222222222222,0.0147058823529412,0,0.0102040816326531,0,0,0,0,0,0,0,0,0,0,0,0,0,0,0,0,0,0,0,0,0,0,0,0,0,0,0,0,0,0,0,0,0,0,0.0045662100456621,0,0,0,0,0,0,0,0,0,0,0,0,0,0,0,0,0,0,0,0,0,0,0,0,0,0,0,0,0,0,0,0.0555555555555556,0,0,0,0,0,0,0,0,0,0,0,0,0,0,0,0,0,0,0,0,0,0,0,0,0,0,0,0,0,0,0,0,0,0,0,0,0,0,0,0,0,0,0,0,0,0,0,0,0,0,0,0,0,0,0,0,0,0,0,0,0,0,0,0,0,0,0,0,0,0,0,0,0,0,0,0,0,0,0,0,0
0,0,0,0,0,0,0,0,0,0,0,0,0.00316455696202532,0,0,0,0,0,0,0,0,0,0,0,0,0,0,0,0,0,0,0,0,0,0,0,0,0,0,0,0,0,0,0,0,0,0,0,0,0,0,0,0,0,0,0,0,0,0,0,0,0,0,0,0,0,0,0,0,0,0,0,0,0,0,0,0,0,0,0,0,0,0,0,0,0,0,0,0,0,0,0,0,0,0,0,0,0,0,0,0,0,0,0,0,0,0,0,0,0,0,0,0,0,0,0,0,0,0,0,0,0,0,0,0,0,0,0,0,0,0,0,0,0,0,0,0,0,0,0,0,0,0,0,0,0,0,0,0,0,0.00694444444444444,0,0,0,0,0,0,0,0,0,0.0045662100456621,0,0,0,0,0,0,0,0,0,0,0,0,0,0,0,0,0,0,0,0,0,0,0,0,0,0,0,0,0,0,0,0,0,0,0,0,0,0,0,0,0,0,0,0,0,0,0,0,0,0,0,0,0,0,0,0,0,0,0,0,0,0,0,0,0,0,0,0,0,0,0,0,0,0,0,0,0,0,0,0,0,0,0,0,0,0,0,0,0,0,0,0,0,0,0,0,0,0,0,0,0,0,0,0,0,0,0,0,0,0,0,0,0,0,0,0,0,0,0,0,0,0,0,0,0,0,0,0,0,0,0,0,0,0,0,0,0,0,0,0.00452488687782805,0,0,0,0,0,0,0,0,0,0,0,0,0,0
0.00917431192660551,0,0,0,0,0,0.0472103004291846,0.00775193798449612,0,0,0,0.0567010309278351,0.0909090909090909,0.0303030303030303,0,0,0,0,0.0267857142857143,0.0119047619047619,0.0153846153846154,0,0.00512820512820513,0,0,0,0,0,0,0,0.0101010101010101,0,0.0330578512396694,0,0,0.0390243902439024,0.0126582278481013,0,0,0,0,0.0571428571428571,0,0,0,0,0,0,0,0.0279329608938547,0,0,0,0,0,0,0,0,0,0,0,0,0,0,0,0,0.0303030303030303,0.015,0,0.0897435897435897,0,0,0.0105263157894737,0,0,0.0111111111111111,0,0,0,0.0601503759398496,0,0,0.0275229357798165,0,0,0,0,0,0.00961538461538462,0.0121951219512195,0.040983606557377,0,0,0,0,0,0.0803571428571429,0.00961538461538462,0,0,0.00606060606060606,0,0,0.0108695652173913,0,0,0,0,0.0105263157894737,0,0,0,0,0,0.01,0,0,0.025,0.0198019801980198,0,0,0.0169491525423729,0,0,0,0,0,0,0,0,0,0,0,0.0402298850574713,0,0.0192307692307692,0,0,0,0,0,0,0,0,0,0,0,0,0,0,0.0135746606334842,0,0,0.0194805194805195,0,0,0.00961538461538462,0,0,0.0173410404624277,0.023972602739726,0.00719424460431655,0,0,0,0,0,0,0,0,0,0,0,0,0,0,0,0.00746268656716418,0,0,0,0,0,0,0,0,0,0,0.0242914979757085,0.010989010989011,0.0195121951219512,0,0,0,0.0157894736842105,0.0106382978723404,0,0,0.0115606936416185,0,0.029126213592233,0,0,0,0,0.0173913043478261,0,0,0.0151975683890578,0.0424242424242424,0,0,0,0,0,0,0,0,0,0.0202020202020202,0.0121951219512195,0,0,0,0,0,0,0,0,0,0,0,0,0,0,0,0,0,0,0,0,0,0,0,0,0,0,0,0,0,0,0,0,0,0,0,0,0,0,0,0,0,0,0,0,0,0,0,0,0,0,0,0,0,0,0,0,0,0,0,0,0,0,0,0,0,0,0,0,0,0,0,0,0,0,0,0.0120481927710843,0,0,0,0.0524475524475524,0,0,0,0,0.0615384615384615,0.015625,0.03,0,0,0,0.0379746835443038,0,0,0
0,0,0,0,0,0,0.00561797752808989,0,0,0,0,0,0,0,0,0,0,0,0,0,0.0152671755725191,0,0,0,0,0,0,0,0,0,0,0,0,0,0,0.034965034965035,0.0326086956521739,0,0,0,0,0,0,0,0,0,0,0,0,0.00847457627118644,0,0,0,0,0,0,0,0.0217391304347826,0,0,0,0,0,0,0,0,0,0.0147058823529412,0,0,0,0,0,0,0,0,0,0,0,0.0133333333333333,0,0,0.0127388535031847,0,0,0,0,0,0,0,0,0,0,0,0,0,0.0566037735849057,0,0,0,0,0,0,0.037037037037037,0,0,0,0,0,0,0,0,0,0,0,0,0,0,0.027027027027027,0,0,0.0185185185185185,0,0,0,0,0,0,0,0,0.04,0,0,0,0.0588235294117647,0,0,0,0,0,0,0,0,0,0,0,0,0,0,0,0,0,0,0,0,0,0,0,0,0.018348623853211,0.00862068965517241,0,0,0,0,0,0,0,0,0,0,0,0,0,0,0,0,0,0,0,0,0,0,0,0,0,0,0,0.010752688172043,0.0384615384615385,0.0140845070422535,0,0,0,0,0,0,0,0.0178571428571429,0,0.0141242937853107,0,0,0,0,0,0,0,0.0112781954887218,0.019047619047619,0,0,0,0,0,0,0,0,0,0.0148148148148148,0,0,0,0,0,0,0,0,0,0,0,0,0,0,0,0,0,0,0,0,0,0,0,0,0,0,0,0,0,0,0,0,0,0,0,0,0,0,0,0,0,0,0,0,0,0,0,0,0,0,0,0,0,0,0,0,0,0,0,0,0,0,0,0,0,0,0,0,0,0,0,0,0,0,0,0,0,0,0,0,0.0128755364806867,0,0,0,0,0.0142857142857143,0.015625,0.027027027027027,0,0,0,0,0,0,0.037037037037037
0.0238095238095238,0,0,0,0,0,0.0377358490566038,0.00952380952380952,0,0,0,0.046242774566474,0.047887323943662,0,0,0,0.0169491525423729,0,0.0111111111111111,0,0.0545454545454545,0,0,0,0,0,0,0,0,0,0.027027027027027,0,0.01,0,0,0.0384615384615385,0.0303030303030303,0,0,0,0,0.0102040816326531,0,0,0,0,0.0246913580246914,0,0,0.0666666666666667,0,0,0,0,0,0,0,0,0,0,0,0,0,0,0.0303030303030303,0,0,0.0591715976331361,0,0.0354609929078014,0,0.0163934426229508,0.0140845070422535,0,0,0,0,0,0,0.00862068965517241,0,0,0.0204081632653061,0,0,0,0,0,0.191176470588235,0.0172413793103448,0.03,0,0,0,0,0,0.0210526315789474,0,0,0,0.00709219858156028,0,0,0,0,0,0,0,0.0140845070422535,0,0,0,0,0,0,0,0,0.0175438596491228,0.0128205128205128,0,0,0.032258064516129,0,0,0,0,0,0,0,0,0.0151515151515152,0,0,0.0466666666666667,0,0,0,0,0.0172413793103448,0,0,0,0,0,0,0,0,0,0,0,0.0309278350515464,0,0,0.0230769230769231,0,0,0.0125,0.0151515151515152,0,0.0133333333333333,0.0299625468164794,0.0175438596491228,0,0,0,0,0,0,0,0,0,0,0,0,0,0,0,0.0373831775700935,0,0,0,0,0,0,0,0,0,0,0.045662100456621,0.0149253731343284,0,0,0,0,0.0242424242424242,0,0,0.0151515151515152,0.01875,0,0.0256410256410256,0,0,0,0.0173913043478261,0.0194174757281553,0,0,0.00323624595469256,0.00680272108843537,0,0,0,0,0,0,0,0,0,0.00564971751412429,0.0172413793103448,0,0,0,0,0,0,0,0,0,0,0,0,0,0,0,0,0,0,0,0,0,0,0,0,0,0,0,0,0,0,0,0,0,0,0,0,0,0,0,0,0,0,0,0,0,0,0,0,0,0,0,0,0,0,0,0,0,0,0,0,0,0,0,0,0,0,0,0,0,0,0,0,0,0,0,0,0,0,0,0.0413533834586466,0,0,0,0,0.0578034682080925,0.0301204819277108,0,0,0,0,0.0144927536231884,0,0,0.0298507462686567
0.0132450331125828,0,0,0,0,0.0078125,0.0512820512820513,0,0,0,0,0.0782608695652174,0.0502392344497608,0.00694444444444444,0,0,0,0,0,0,0.0711111111111111,0,0,0,0,0,0,0,0,0.004739336492891,0.0514705882352941,0,0.0120481927710843,0,0,0.040650406504065,0.0357142857142857,0,0,0,0,0.0392156862745098,0,0,0,0,0.0204081632653061,0,0,0.0460829493087558,0,0,0,0,0,0,0.00806451612903226,0.0333333333333333,0,0,0,0,0,0,0.015,0.0147058823529412,0.0591715976331361,0,0,0.0289855072463768,0,0.0078125,0.0072463768115942,0,0,0.0075187969924812,0,0,0,0.0165745856353591,0.00806451612903226,0,0.0308880308880309,0,0,0,0,0,0.0136986301369863,0.008,0.0303030303030303,0.00813008130081301,0,0,0,0,0.0123456790123457,0.00680272108843537,0,0,0,0.0142857142857143,0,0.00740740740740741,0,0,0,0,0.0296296296296296,0,0,0,0,0,0.0140845070422535,0,0,0,0.020979020979021,0,0,0.0584415584415584,0,0,0,0,0,0,0,0,0,0,0,0.0467289719626168,0,0.0136054421768707,0,0,0,0,0,0,0,0,0,0,0,0,0,0,0.0809716599190283,0,0,0.0309278350515464,0,0,0.0206896551724138,0.0075187969924812,0,0.0330188679245283,0.0555555555555556,0.0280898876404494,0,0,0,0,0,0,0,0,0,0,0,0,0,0,0,0.0229885057471264,0,0,0,0,0,0,0,0,0,0,0.0609318996415771,0,0.0285714285714286,0,0,0,0.0630630630630631,0.0147058823529412,0,0.0523560209424084,0.048,0.0208333333333333,0.0589569160997732,0,0,0,0.0514285714285714,0.0297397769516729,0,0,0.0272479564032698,0.0238095238095238,0,0,0,0,0.0151515151515152,0,0,0,0,0.0425531914893617,0,0.00709219858156028,0,0,0,0,0,0,0.004739336492891,0,0,0,0,0,0.0140845070422535,0.00813008130081301,0,0,0,0,0,0,0,0,0,0,0,0,0,0,0,0,0,0,0,0,0,0,0,0,0,0,0,0,0,0,0,0,0,0,0,0,0,0,0,0,0,0,0,0,0,0,0,0,0,0,0,0,0,0,0,0,0,0,0,0,0,0,0.00775193798449612,0,0.0683229813664596,0,0,0,0,0.0330578512396694,0.272727272727273,0.00689655172413793,0,0,0,0.00975609756097561,0,0,0.0225563909774436
0,0,0,0,0,0,0,0.0151515151515152,0,0,0,0,0,0,0,0,0,0,0,0,0,0.0168539325842697,0.0725806451612903,0,0,0,0,0,0,0,0,0,0,0,0,0,0,0,0,0.00581395348837209,0,0,0.0149253731343284,0,0.0125786163522013,0,0,0.0188679245283019,0,0,0,0,0,0,0,0,0,0,0.0526315789473684,0,0,0,0,0,0,0,0,0,0,0,0,0,0,0,0,0,0.0666666666666667,0.0188679245283019,0,0,0,0.027027027027027,0,0,0,0,0,0,0,0,0,0,0,0,0,0,0,0,0,0,0.0198019801980198,0,0,0,0,0,0,0,0,0,0,0,0,0,0,0,0,0,0,0,0,0,0,0,0,0,0,0,0,0,0,0,0,0,0,0,0,0,0,0,0,0,0,0,0,0,0,0,0,0,0,0,0,0,0,0,0,0,0,0,0,0,0,0,0,0,0,0.0294117647058824,0,0,0,0,0,0,0,0,0,0,0,0,0,0,0,0,0,0,0,0,0,0,0,0,0,0,0,0.032258064516129,0,0,0.0034965034965035,0,0,0,0,0,0,0,0,0,0,0,0,0,0,0,0,0,0.0177514792899408,0,0,0,0,0,0,0,0,0,0,0,0,0,0,0,0,0,0,0,0,0,0.0526315789473684,0,0,0.0263157894736842,0,0,0.0153846153846154,0,0,0,0,0,0,0,0,0,0,0,0,0,0,0,0,0,0,0,0,0,0,0,0,0,0,0,0,0,0,0,0,0,0,0,0,0,0,0,0,0,0,0,0,0,0,0,0,0,0,0,0,0,0,0.0212765957446809,0,0,0,0,0,0,0,0,0,0,0.010752688172043,0,0,0,0
0,0,0,0,0,0.0105263157894737,0.0452674897119342,0,0,0,0,0.0487804878048781,0.100271002710027,0,0,0,0,0,0.0245901639344262,0,0.0297029702970297,0,0,0,0,0,0,0,0,0.0170454545454545,0.0185185185185185,0,0.0305343511450382,0,0,0.0469483568075117,0.0365853658536585,0,0,0,0,0.0357142857142857,0,0,0,0,0,0,0,0.043010752688172,0,0,0,0,0,0,0,0.00826446280991736,0,0,0,0,0,0,0.0897435897435897,0,0.0354609929078014,0.0289855072463768,0,0,0,0,0.00952380952380952,0,0,0.01,0,0,0,0.0486111111111111,0,0,0.04,0,0,0,0,0,0.0176991150442478,0.0108695652173913,0.0223880597014925,0,0,0,0,0,0.031496062992126,0.0267857142857143,0,0,0.0114942528735632,0,0,0.00980392156862745,0,0,0,0,0,0,0,0,0,0,0.00909090909090909,0,0,0.010989010989011,0.00892857142857143,0,0,0.0317460317460317,0,0,0,0,0,0,0,0,0.0202020202020202,0,0,0.0494505494505494,0,0.00869565217391304,0,0,0,0,0,0,0,0,0,0,0,0,0,0,0.0446428571428571,0,0,0.0308641975308642,0,0,0,0,0,0.0108695652173913,0.0439189189189189,0.0135135135135135,0,0,0,0,0,0,0,0,0,0,0,0,0,0,0,0.0211267605633803,0,0,0,0,0,0,0,0,0,0,0.0395256916996047,0.0099009900990099,0.0138888888888889,0,0,0,0.0252525252525253,0,0,0.00598802395209581,0.0198300283286119,0,0.0260047281323877,0,0,0,0.00666666666666667,0.0209205020920502,0,0,0.0177514792899408,0.0111111111111111,0,0,0,0,0,0,0,0,0,0.029126213592233,0.0108695652173913,0.00925925925925926,0,0,0,0,0,0,0,0,0,0,0,0,0.00909090909090909,0,0,0,0,0,0,0,0,0,0,0,0,0,0,0,0,0,0.0072463768115942,0,0,0,0,0,0,0,0,0,0,0,0,0,0,0,0,0,0,0,0,0,0,0,0,0,0,0,0,0,0,0,0,0,0,0,0,0,0,0,0,0,0,0,0.010752688172043,0,0,0,0.0724137931034483,0,0,0,0,0.0533980582524272,0.0353535353535354,0.0272727272727273,0,0,0,0.0116279069767442,0,0,0.0198019801980198
0,0,0.0498915401301518,0,0.0555555555555556,0,0,0,0,0,0,0,0,0,0,0.0305882352941176,0,0,0,0,0,0,0,0,0.0564334085778781,0.0161943319838057,0.00943396226415094,0.0180505415162455,0,0,0,0,0,0,0,0,0,0,0.0294117647058824,0,0,0,0,0,0,0,0,0,0.0192307692307692,0,0,0.0170648464163823,0.00280898876404494,0,0.0671641791044776,0,0,0,0,0.0104529616724739,0,0.00289017341040462,0,0,0,0,0,0,0,0,0,0,0,0.00687285223367698,0,0,0,0,0.0582191780821918,0,0,0,0,0.0119904076738609,0,0.00873362445414847,0.0144927536231884,0,0,0,0,0,0.015625,0.0273972602739726,0,0.00432900432900433,0,0,0,0.13013698630137,0,0,0,0,0,0.012987012987013,0,0,0,0,0.00851063829787234,0,0.00617283950617284,0.00806451612903226,0,0,0,0,0,0,0,0,0.0104529616724739,0,0.0285714285714286,0,0,0.0606060606060606,0,0,0,0.0263157894736842,0,0,0,0,0,0,0,0,0.0263157894736842,0.0226537216828479,0.0036101083032491,0,0,0,0,0,0,0,0,0,0,0,0,0,0,0,0,0,0,0,0,0,0.00346020761245675,0.00418410041841004,0.00628930817610063,0,0,0,0.0445859872611465,0.037593984962406,0,0,0,0,0.0625,0,0,0,0,0.0131578947368421,0,0,0.0189873417721519,0,0,0.00306748466257669,0,0,0,0,0,0,0,0,0,0,0,0,0,0,0,0,0,0,0,0,0,0,0,0,0,0.00367647058823529,0,0,0,0,0,0,0,0,0,0,0,0,0.003003003003003,0.00816326530612245,0.0154738878143133,0.003584229390681,0,0,0.00732600732600733,0,0,0,0,0,0,0,0,0,0,0,0,0.0166112956810631,0.0239520958083832,0,0.00413223140495868,0,0,0,0,0,0,0,0,0,0,0,0.00749063670411985,0,0,0.00444444444444444,0,0.0166666666666667,0,0,0,0,0,0,0.0076530612244898,0.00326797385620915,0,0,0,0,0,0,0,0,0,0,0,0,0,0.0114942528735632,0,0,0,0,0,0,0,0,0,0,0,0,0,0,0.0129310344827586,0,0,0,0,0,0,0,0,0,0,0.0197183098591549,0
0,0,0,0,0,0,0.00591715976331361,0,0,0,0,0,0.00311526479750779,0,0,0,0,0.037037037037037,0,0,0,0.00591715976331361,0,0,0,0,0,0,0,0,0,0,0,0,0,0.0072463768115942,0,0,0,0.0062111801242236,0,0,0.0178571428571429,0,0,0,0,0,0,0.00917431192660551,0,0,0,0,0,0,0,0,0.0357142857142857,0,0,0,0,0,0,0,0.0163934426229508,0.0078125,0,0,0,0,0,0,0,0.0625,0,0,0,0,0,0,0.00671140939597315,0,0,0,0,0,0,0,0,0,0,0,0,0,0,0,0,0,0,0,0,0,0,0,0,0,0,0,0,0,0,0,0,0,0,0,0,0,0,0,0,0,0,0,0,0,0,0,0,0,0,0.00943396226415094,0,0,0,0,0,0,0,0,0,0,0,0,0,0,0,0,0,0,0,0,0,0,0,0,0,0,0.00446428571428571,0,0,0,0,0,0,0,0,0,0,0,0,0,0,0,0,0,0,0,0,0,0,0,0,0,0,0,0,0,0,0,0,0,0,0,0,0,0,0,0,0,0,0,0,0,0,0,0,0,0,0,0,0,0,0,0.00625,0,0,0,0,0,0,0,0,0,0,0,0,0,0,0,0,0,0,0,0,0,0.0208333333333333,0,0,0,0,0,0,0,0,0,0,0,0,0,0,0,0,0,0,0,0,0,0,0,0,0,0,0,0,0,0,0,0,0,0,0,0,0,0,0,0,0,0,0,0,0,0,0,0,0,0,0,0,0,0,0,0,0,0,0,0,0.0277777777777778,0,0,0,0,0,0,0.00833333333333333,0,0,0,0,0,0,0,0
0,0,0,0,0,0,0.0112359550561798,0.03125,0,0,0,0,0.0152905198776758,0,0,0,0,0.027027027027027,0.02,0.05,0.0075187969924812,0.00558659217877095,0,0,0,0,0,0,0,0.00961538461538462,0.0285714285714286,0,0,0,0,0.00675675675675676,0,0,0,0.00584795321637427,0,0.00636942675159236,0.0151515151515152,0,0.00628930817610063,0,0,0.00943396226415094,0,0.0169491525423729,0,0,0,0,0,0,0,0,0,0,0,0,0,0,0.0105263157894737,0,0.0140845070422535,0.0072463768115942,0,0.00952380952380952,0,0,0,0,0,0,0,0,0,0,0,0.036697247706422,0.0256410256410256,0,0,0,0,0,0,0,0.0161290322580645,0,0,0,0,0,0,0,0,0,0.02,0,0,0,0,0,0,0,0,0,0,0,0,0,0,0,0,0,0,0,0,0,0,0,0,0,0,0,0,0,0.0384615384615385,0,0,0,0,0,0,0,0,0.0625,0,0,0,0,0,0,0,0,0.0476190476190476,0,0.00628930817610063,0,0,0.0108695652173913,0,0,0.025,0,0,0.0181818181818182,0.00427350427350427,0.0133333333333333,0,0,0,0,0,0,0,0,0,0,0,0,0,0,0,0,0,0,0,0,0,0,0,0,0,0,0.0161290322580645,0,0,0,0,0,0.015748031496063,0,0,0,0.00704225352112676,0,0,0,0,0,0,0,0,0,0.00371747211895911,0.00934579439252336,0,0,0,0,0,0,0,0,0,0.0147058823529412,0,0,0,0,0,0,0,0,0,0,0,0,0,0,0,0,0,0,0,0,0,0.0131578947368421,0,0,0.015625,0,0,0,0,0,0,0,0,0,0,0,0,0,0,0,0,0,0,0,0,0,0,0,0,0,0,0,0,0,0,0,0,0,0,0,0,0,0,0,0,0,0,0,0,0,0,0,0,0,0,0,0,0,0,0.0217391304347826,0.0171673819742489,0,0,0,0,0,0.00769230769230769,0.0263157894736842,0,0,0,0,0,0,0
0,0,0.00304878048780488,0,0.00537634408602151,0,0,0,0,0,0,0,0,0,0,0.00354609929078014,0,0,0,0,0,0,0,0.0136986301369863,0.00320512820512821,0.0212765957446809,0.0186567164179104,0.00793650793650794,0.010752688172043,0,0,0,0,0,0,0,0,0.0208333333333333,0.00436681222707424,0,0.012987012987013,0,0,0,0,0,0,0,0.00917431192660551,0,0,0,0.0253807106598985,0.0117647058823529,0.00900900900900901,0,0,0,0,0.0227272727272727,0.0112359550561798,0.0105263157894737,0,0,0,0,0,0,0,0,0.00687285223367698,0,0,0,0.0140845070422535,0,0,0,0.0131578947368421,0,0,0,0,0.04296875,0,0,0.0245901639344262,0.0648148148148148,0,0,0,0,0.0194174757281553,0.0431654676258993,0.0542635658914729,0,0,0,0.0142857142857143,0.0119047619047619,0,0,0,0,0,0.0128205128205128,0,0,0,0,0,0.0133333333333333,0.212765957446809,0,0,0,0,0,0,0.00925925925925926,0,0,0.0305343511450382,0.0144927536231884,0.069620253164557,0,0,0.016260162601626,0,0,0,0.0194805194805195,0.0256410256410256,0,0,0,0,0.0186915887850467,0,0,0,0.0522875816993464,0.0512820512820513,0,0,0,0,0,0,0,0,0.0740740740740741,0.0363636363636364,0,0.0952380952380952,0,0,0,0,0,0,0,0,0.00900900900900901,0.0150375939849624,0.0119047619047619,0.0248447204968944,0,0,0.0289855072463768,0.00581395348837209,0.00833333333333333,0,0,0,0,0.0133333333333333,0,0,0,0.0125,0,0.0543478260869565,0.03125,0.0245398773006135,0,0.0103092783505155,0.0177514792899408,0,0,0,0,0.0140845070422535,0,0,0,0,0,0,0,0,0.0671641791044776,0.0711974110032362,0,0,0,0.0144927536231884,0,0,0,0,0.0135135135135135,0,0.0442477876106195,0,0,0,0,0,0,0,0,0,0,0,0.0138888888888889,0.0591715976331361,0,0.0164835164835165,0.0416666666666667,0,0.0533333333333333,0.00840336134453781,0.0119047619047619,0,0,0,0,0,0.037593984962406,0,0,0,0,0,0.0134228187919463,0.00537634408602151,0,0,0,0,0.0241935483870968,0,0,0,0,0.0379746835443038,0,0.012987012987013,0.0144927536231884,0.027027027027027,0,0.025974025974026,0,0.0136986301369863,0.0229885057471264,0,0.0232558139534884,0,0,0.0266666666666667,0,0.00418410041841004,0.0201342281879195,0.0101010101010101,0.012987012987013,0,0,0,0.0126582278481013,0.0208333333333333,0.0144927536231884,0,0,0,0,0,0.00925925925925926,0,0,0.0144927536231884,0,0,0,0.0144927536231884,0,0,0,0,0,0,0,0.0126582278481013,0,0.0481927710843374,0,0,0,0,0.0208333333333333,0,0,0.0510204081632653,0.035,0
0,0,0,0,0,0,0,0,0,0,0,0,0,0,0,0,0,0,0,0,0,0,0,0.333333333333333,0,0,0,0,0,0,0,0,0,0,0,0,0,0.0125,0,0,0,0,0,0,0,0,0,0,0,0,0,0,0,0,0,0,0,0,0,0,0,0,0,0,0,0,0,0,0,0,0,0,0,0.0140845070422535,0,0,0,0,0,0,0,0,0,0.005,0,0,0,0,0,0,0,0,0,0,0.0144927536231884,0,0,0,0,0,0,0,0,0,0,0,0,0,0,0,0,0,0,0,0,0,0,0,0,0.0238095238095238,0,0,0.0147058823529412,0,0,0,0,0,0,0,0,0,0,0,0,0,0,0,0,0,0,0.0106382978723404,0,0,0,0,0,0,0,0,0,0,0,0,0.0172413793103448,0,0,0,0,0,0,0,0,0,0,0,0,0,0,0,0,0,0,0,0,0,0,0,0,0,0,0,0,0,0,0,0,0,0,0,0,0,0,0,0,0,0,0,0,0,0,0.0045662100456621,0.00378787878787879,0,0,0,0,0,0,0,0,0,0,0,0,0,0,0,0,0,0,0,0,0,0,0,0,0,0,0,0,0,0,0,0,0,0,0,0,0,0,0,0,0,0,0,0,0,0,0,0,0,0,0,0,0,0,0,0,0,0,0,0,0,0,0,0,0,0,0,0,0,0,0,0,0,0,0,0,0,0,0,0,0,0,0,0,0,0,0,0,0,0,0,0,0,0,0,0,0,0,0,0,0,0,0,0,0,0,0,0,0,0,0,0
0,0,0,0,0,0,0,0,0.0256410256410256,0,0,0,0.00306748466257669,0,0,0,0,0.03125,0.0222222222222222,0,0,0.0174418604651163,0,0,0,0,0,0,0,0,0.0333333333333333,0.142857142857143,0,0,0.0476190476190476,0,0,0,0,0.0121212121212121,0,0,0,0,0,0,0,0.0099009900990099,0,0.0087719298245614,0,0,0,0,0,0,0,0.0238095238095238,0,0,0,0,0,0,0.0111111111111111,0,0,0.0075187969924812,0,0.01,0,0.0625,0,0,0,0,0.04,0,0,0.0140845070422535,0,0.00934579439252336,0,0,0,0,0,0,0,0,0,0,0,0,0,0,0.0196078431372549,0,0,0,0,0,0,0,0,0,0,0,0,0,0,0,0,0,0,0,0,0,0,0,0,0,0,0,0,0,0,0,0,0,0,0,0,0,0,0,0,0,0,0,0,0,0,0,0,0,0,0.02,0,0,0,0,0,0.0114942528735632,0,0,0,0,0,0,0.00436681222707424,0,0,0,0,0,0,0,0,0,0,0,0,0,0,0,0,0,0,0,0,0,0,0,0,0,0,0,0,0,0,0,0,0,0,0,0,0,0,0.0294117647058824,0,0,0,0,0,0.00609756097560976,0,0,0,0,0,0,0,0,0,0,0.00606060606060606,0,0,0,0,0.0344827586206897,0,0,0,0,0,0,0,0,0,0,0,0,0,0,0,0,0,0,0,0.0285714285714286,0,0,0.0169491525423729,0,0,0,0,0,0,0,0.0344827586206897,0,0,0,0,0,0,0,0,0,0,0,0,0,0,0,0,0,0,0,0,0,0,0,0,0,0,0,0,0,0,0,0,0,0,0,0,0,0,0,0,0,0,0,0.0714285714285714,0,0,0.024390243902439,0,0,0,0,0,0,0.008,0,0,0,0.0114942528735632,0,0,0,0
0.0227272727272727,0,0,0,0,0,0.00561797752808989,0,0.0120481927710843,0,0,0,0,0,0,0,0,0.0277777777777778,0.0204081632653061,0,0,0.0170454545454545,0.0155038759689922,0,0,0,0,0,0,0,0,0.0526315789473684,0,0,0.0833333333333333,0.00680272108843537,0,0,0,0.0178571428571429,0,0,0,0,0.00632911392405063,0,0,0.0192307692307692,0,0.00847457627118644,0,0,0,0,0,0.0416666666666667,0,0,0.027027027027027,0,0,0,0,0,0,0,0,0,0.0666666666666667,0,0,0,0,0,0,0.04,0,0,0,0,0,0.0275229357798165,0,0,0,0,0,0,0,0,0,0,0,0,0,0,0,0.0256410256410256,0,0,0,0,0.0408163265306122,0,0,0,0,0,0,0,0,0,0,0,0.0285714285714286,0,0,0,0,0,0,0,0,0,0,0,0,0,0,0,0,0,0,0,0,0,0,0,0,0,0,0,0,0,0,0,0,0.0377358490566038,0,0,0,0,0,0,0,0,0,0,0,0,0,0,0,0,0,0,0,0,0,0,0,0,0,0,0,0,0,0,0,0,0,0,0,0,0,0,0,0,0,0,0.00699300699300699,0,0,0,0,0,0,0,0.00352112676056338,0,0.00279329608938547,0,0,0,0,0,0,0,0.00373134328358209,0,0,0,0,0,0,0,0.0179640718562874,0,0,0,0,0,0,0,0,0,0,0,0,0,0,0,0,0,0,0,0,0,0,0,0,0.027027027027027,0,0,0.0158730158730159,0,0,0,0,0,0,0,0.0158730158730159,0,0,0,0,0,0,0,0,0,0,0,0,0,0,0,0,0,0,0,0,0,0,0,0,0,0,0,0,0,0,0,0,0,0,0,0,0,0,0,0,0,0,0,0,0,0,0,0.00425531914893617,0,0,0,0,0,0,0,0,0,0.010989010989011,0,0,0,0
0,0,0,0,0,0,0,0,0.0192307692307692,0,0,0,0,0,0,0,0,0,0.0140845070422535,0,0,0.0414507772020725,0.02,0,0,0,0,0,0,0.024390243902439,0,0,0,0,0,0,0,0,0,0.0265957446808511,0,0,0.0232558139534884,0,0.0402298850574713,0,0,0.0578512396694215,0,0,0,0,0,0,0,0.0217391304347826,0,0,0.0169491525423729,0,0,0,0,0,0,0,0,0,0.0188679245283019,0,0,0,0,0,0,0,0,0,0,0,0,0.0634920634920635,0,0,0,0,0,0,0,0,0,0,0,0,0,0,0,0,0,0,0.00819672131147541,0,0.028169014084507,0,0,0,0,0,0,0,0,0,0,0,0,0,0,0,0,0.0131578947368421,0,0,0,0,0,0,0,0,0,0,0,0,0,0,0,0,0,0,0,0,0,0,0,0,0,0,0,0.0547945205479452,0,0,0,0,0,0,0,0,0,0,0,0.0230769230769231,0,0,0,0,0,0,0,0.0185185185185185,0,0,0,0,0,0,0.02,0,0,0,0,0,0,0,0,0,0,0,0,0,0,0,0,0,0,0,0,0,0.0151515151515152,0,0,0,0,0,0,0,0,0,0,0,0.00344827586206897,0,0,0,0,0,0,0,0.032258064516129,0,0,0,0,0,0,0.0384615384615385,0,0,0,0,0,0,0,0,0,0,0,0,0,0,0.0256410256410256,0,0,0.0208333333333333,0,0,0.0617283950617284,0,0,0.0222222222222222,0,0,0,0,0.0238095238095238,0,0,0,0,0,0,0,0,0,0,0,0,0,0,0,0,0,0,0,0,0,0,0,0,0,0,0,0,0,0,0,0,0,0,0,0,0,0,0,0,0,0,0,0,0,0,0,0,0,0,0,0,0,0,0,0,0,0.0178571428571429,0,0,0,0
0,0,0.0454545454545455,0,0.0201005025125628,0,0,0,0,0,0,0,0,0,0,0.0310344827586207,0,0,0,0,0,0,0,0,0.0313479623824451,0,0.0176056338028169,0.0214285714285714,0.00917431192660551,0,0,0,0,0,0,0,0,0.00617283950617284,0.00819672131147541,0,0,0,0,0,0,0,0,0,0.0327868852459016,0,0,0.0324675324675325,0.013953488372093,0.0099009900990099,0.0285714285714286,0,0,0,0,0,0,0.00970873786407767,0,0,0,0,0,0,0,0,0.0582191780821918,0,0,0.0131578947368421,0,0,0,0,0,0,0,0,0,0.014336917562724,0,0,0.0143884892086331,0.00819672131147541,0,0,0,0,0.0168067226890756,0.0125786163522013,0,0.021978021978022,0,0,0,0.0379008746355685,0,0,0,0,0,0.043956043956044,0,0,0,0,0.0425531914893617,0,0.016304347826087,0.018348623853211,0,0,0,0,0,0,0,0,0.0134228187919463,0,0.00543478260869565,0,0,0.0291970802919708,0,0,0,0.0297619047619048,0,0,0,0,0,0,0,0,0.0806451612903226,0.0473372781065089,0.0145985401459854,0,0,0,0,0,0,0,0,0.00625,0,0,0.0101010101010101,0.01,0,0,0,0,0,0,0,0,0.00666666666666667,0,0.0284090909090909,0,0,0,0.0216216216216216,0.062015503875969,0,0,0,0,0.032258064516129,0,0,0,0,0,0,0.0136986301369863,0.0223463687150838,0,0,0.032967032967033,0,0,0,0,0,0,0,0,0,0,0,0,0,0.00332225913621262,0.00579710144927536,0,0,0,0,0,0,0,0,0,0,0,0,0,0,0,0,0,0,0,0,0,0,0,0,0.00934579439252336,0.0184696569920844,0.00714285714285714,0,0,0.0303030303030303,0,0,0,0,0,0,0,0,0,0,0,0,0,0.0304568527918782,0,0.00970873786407767,0,0,0,0,0,0,0,0,0,0,0,0.00775193798449612,0,0,0,0,0.00961538461538462,0,0,0,0,0,0,0,0,0.00869565217391304,0,0,0,0.0116279069767442,0,0.004739336492891,0,0,0,0,0,0,0.0245901639344262,0,0,0,0,0,0,0,0,0,0,0,0,0,0,0,0,0,0,0,0,0,0,0,0,0,0.0136363636363636,0
0,0,0,0,0,0,0.0465116279069767,0.018348623853211,0,0,0,0.0628571428571429,0.0501392757660167,0,0,0,0,0,0.0105263157894737,0,0.0654761904761905,0,0,0,0,0,0,0,0,0.0135135135135135,0,0,0.0392156862745098,0,0,0.0210526315789474,0.00714285714285714,0,0,0,0,0.0252525252525253,0,0,0,0,0.0114942528735632,0,0,0.00609756097560976,0,0,0,0,0,0,0,0.021978021978022,0.0120481927710843,0,0,0,0,0,0.0601503759398496,0.0133333333333333,0.00862068965517241,0.0165745856353591,0,0.0486111111111111,0,0,0,0,0,0.0140845070422535,0,0,0,0,0,0,0.0301507537688442,0,0,0,0,0,0.0238095238095238,0,0.0285714285714286,0,0,0,0,0,0.02,0.0117647058823529,0,0,0.00684931506849315,0.0126582278481013,0,0,0,0,0,0,0,0,0,0,0,0,0,0,0,0,0.0120481927710843,0,0,0.01,0,0,0,0,0,0,0,0,0.0140845070422535,0,0,0.0657894736842105,0,0.0116279069767442,0,0,0.0158730158730159,0,0,0,0,0,0,0,0,0,0,0,0.0199004975124378,0,0,0.0072992700729927,0,0,0,0,0,0.00641025641025641,0.0181818181818182,0.0254237288135593,0,0,0,0,0,0,0,0,0,0,0,0,0,0,0,0.0545454545454545,0,0,0,0,0,0,0,0,0,0,0.012987012987013,0.0138888888888889,0.021505376344086,0,0,0,0.0357142857142857,0,0,0.0072463768115942,0.0216049382716049,0,0.0227272727272727,0,0,0.0163934426229508,0.0166666666666667,0.0436893203883495,0,0,0.00318471337579618,0.02,0,0,0,0,0.0140845070422535,0,0,0,0,0.0223463687150838,0,0,0,0,0,0,0,0,0,0,0,0,0,0,0,0,0,0,0,0,0,0,0,0,0,0,0,0,0,0,0,0,0.00917431192660551,0,0,0,0,0,0,0,0,0,0,0,0,0,0,0,0,0,0,0,0,0,0,0,0,0,0,0,0,0,0,0,0,0,0,0,0,0,0,0,0,0,0,0,0,0,0,0,0.040590405904059,0,0,0,0,0.0217391304347826,0.0292397660818713,0.037037037037037,0,0,0,0.0283687943262411,0,0,0
0,0,0,0,0,0,0.00606060606060606,0,0,0,0,0,0,0,0,0,0,0,0,0,0,0,0,0,0,0,0,0,0,0,0,0,0,0,0,0,0,0,0,0,0,0,0,0,0,0,0.0357142857142857,0,0,0,0,0,0,0,0,0,0,0,0,0,0,0,0,0,0,0,0,0.00806451612903226,0,0,0,0,0,0,0,0,0,0,0,0,0,0,0,0,0,0,0,0,0,0,0,0,0,0,0,0,0,0,0,0,0,0,0,0,0,0,0,0,0,0,0,0,0,0,0,0,0,0,0,0,0,0,0,0,0,0,0,0,0,0,0,0,0,0,0,0,0,0,0,0,0,0,0,0,0,0,0,0,0,0,0,0,0,0,0,0,0,0,0,0,0,0,0,0,0,0,0,0,0,0,0,0,0,0,0,0,0,0,0,0,0,0,0,0,0,0,0,0,0.00574712643678161,0,0.00769230769230769,0,0,0,0.0087719298245614,0,0,0,0,0,0,0,0,0,0,0,0,0,0,0,0,0,0,0,0,0,0,0,0,0,0,0,0,0,0,0,0,0,0,0,0,0,0,0,0,0,0,0,0,0,0,0,0,0,0,0,0,0,0,0,0,0,0,0,0,0,0,0,0,0,0,0,0,0,0,0,0,0,0,0,0,0,0,0,0,0,0,0,0,0,0,0,0,0,0,0,0,0,0,0,0,0,0,0,0,0,0,0,0,0,0.00904977375565611,0,0,0,0,0,0.00862068965517241,0,0,0,0,0,0,0,0
0,0,0,0,0,0.00980392156862745,0,0.0425531914893617,0.0440251572327044,0,0,0,0,0,0,0,0,0.043859649122807,0,0,0,0.0785123966942149,0.0492610837438424,0,0,0,0,0,0,0.0628571428571429,0,0.0099009900990099,0,0,0.0188679245283019,0,0,0,0,0.0811965811965812,0,0,0.0422535211267606,0,0.0758928571428571,0,0.00813008130081301,0.0930232558139535,0,0,0,0,0,0,0,0,0,0,0.0434782608695652,0,0,0,0,0,0,0,0,0,0.027027027027027,0,0,0,0.036697247706422,0,0,0.00934579439252336,0.0275229357798165,0.0634920634920635,0,0,0,0,0.0126050420168067,0,0,0,0,0,0,0,0.0140845070422535,0,0,0,0,0,0,0,0,0,0.0338983050847458,0,0.0152671755725191,0,0.0101010101010101,0,0.0103092783505155,0,0,0,0,0,0,0,0,0,0,0,0,0,0,0,0,0,0,0,0,0,0,0,0,0,0,0,0,0.00819672131147541,0.0102040816326531,0,0.0101010101010101,0,0,0,0,0,0,0,0,0.0458015267175573,0,0,0,0.0116959064327485,0.00709219858156028,0.00578034682080925,0,0,0,0,0,0.0211640211640212,0,0.0129032258064516,0.00840336134453781,0,0,0,0,0.055045871559633,0,0,0,0,0,0,0.018348623853211,0,0,0,0,0.037037037037037,0,0,0,0,0,0,0,0,0,0,0,0,0,0,0,0.00900900900900901,0,0,0.0110192837465565,0,0,0,0,0,0,0,0,0,0.0233236151603499,0,0,0,0,0,0.00934579439252336,0,0.037037037037037,0,0,0,0,0,0,0.00884955752212389,0,0,0,0,0,0,0,0,0,0,0,0,0,0,0.0294117647058824,0,0,0.0326797385620915,0,0,0.0579710144927536,0,0,0.0392156862745098,0,0,0,0.0197368421052632,0.020979020979021,0,0,0,0,0,0,0,0,0,0,0,0,0,0,0,0,0,0,0,0,0,0,0,0,0,0,0,0,0,0,0,0,0,0,0,0,0,0,0,0,0,0,0,0,0,0,0.040650406504065,0,0,0,0,0,0,0,0.00840336134453781,0,0,0.0807453416149068,0.0111731843575419,0,0,0
0.0235294117647059,0,0,0,0,0.00671140939597315,0.0807017543859649,0.0210526315789474,0,0,0,0.0632411067193676,0.0648148148148148,0.0184049079754601,0,0,0,0,0.0170454545454545,0,0.0396825396825397,0.0065359477124183,0.015625,0,0,0,0,0,0,0.0219298245614035,0.00613496932515337,0,0.0441988950276243,0,0,0.0297397769516729,0.0275229357798165,0,0,0.0135135135135135,0,0.0671641791044776,0,0,0.00699300699300699,0,0.00588235294117647,0.0173160173160173,0,0.0508474576271186,0,0,0,0,0,0.0065359477124183,0.00689655172413793,0,0.0182926829268293,0,0,0,0,0,0.0275229357798165,0.0127388535031847,0.0204081632653061,0.0308880308880309,0,0.04,0,0.00671140939597315,0.0256410256410256,0,0,0,0,0,0,0.0301507537688442,0,0.0126050420168067,0,0,0,0,0,0,0.0119760479041916,0.00684931506849315,0.0268817204301075,0,0,0,0,0,0.0393258426966292,0.0242424242424242,0,0,0,0,0.00558659217877095,0.00641025641025641,0,0,0.00694444444444444,0,0,0,0,0,0,0,0.0122699386503067,0,0,0,0.0182926829268293,0,0,0.0165745856353591,0,0,0,0,0,0,0,0,0,0,0,0.0251046025104603,0,0,0,0,0,0,0,0,0,0,0,0,0,0.00546448087431694,0,0,0.0285714285714286,0,0,0.0231481481481481,0,0,0.00595238095238095,0,0,0.0256410256410256,0.0341880341880342,0.0251256281407035,0,0,0,0,0,0,0.00694444444444444,0,0,0,0,0,0.00636942675159236,0,0,0.0418848167539267,0,0,0,0,0,0,0,0,0,0,0.0566666666666667,0.012987012987013,0.0263157894736842,0,0,0,0.0158102766798419,0,0,0.0230414746543779,0.0324189526184539,0,0.0360934182590234,0,0,0,0.0148514851485149,0.0240549828178694,0,0,0.0153061224489796,0.0350877192982456,0,0,0,0,0,0,0,0.00694444444444444,0,0.0191570881226054,0.00684931506849315,0.0124223602484472,0,0,0,0,0,0,0,0,0,0,0,0,0.00609756097560976,0,0,0,0,0,0,0,0,0,0,0,0,0,0,0,0,0,0.00520833333333333,0,0,0,0,0,0,0,0,0,0,0,0,0,0,0,0,0,0,0,0,0.00888888888888889,0,0,0,0,0,0,0,0,0,0,0,0,0,0,0,0,0,0,0,0,0,0,0,0,0.0202702702702703,0,0.0703812316715543,0,0,0,0,0.0711462450592885,0.065843621399177,0.0121212121212121,0.00666666666666667,0,0.027906976744186,0.0604651162790698,0,0,0.0129032258064516
0,0,0.0315315315315315,0,0.025974025974026,0,0,0,0,0,0.00505050505050505,0,0,0,0.00505050505050505,0.0351758793969849,0,0,0,0,0,0,0,0.00495049504950495,0.0255220417633411,0.00896860986547085,0.0360824742268041,0.024,0.00904977375565611,0,0,0,0,0,0,0,0,0.037593984962406,0.0345821325648415,0,0,0,0,0,0,0,0,0,0,0,0,0.0149253731343284,0.034375,0.00467289719626168,0.047112462006079,0,0,0,0,0.0193050193050193,0,0.0321543408360129,0,0,0,0,0,0,0,0,0.0119904076738609,0,0,0.04296875,0.005,0,0,0,0.014336917562724,0,0,0,0,0,0,0.00490196078431373,0.175925925925926,0.0286532951289398,0,0,0,0,0.012987012987013,0.0185873605947955,0.0192307692307692,0,0,0,0,0.0399113082039911,0,0,0,0,0,0,0,0,0,0,0,0.00490196078431373,0.0344827586206897,0.00448430493273543,0,0,0,0,0,0.0347826086956522,0,0,0.0153846153846154,0,0.0530035335689046,0,0,0.00793650793650794,0,0,0,0.0177935943060498,0.0145631067961165,0,0,0,0,0.00847457627118644,0,0,0.0164609053497942,0.0469314079422383,0.0285714285714286,0.00505050505050505,0.005,0,0,0,0,0,0,0.0185873605947955,0.00413223140495868,0,0.0574324324324324,0.00469483568075117,0,0,0,0,0,0,0,0.0211864406779661,0.0114942528735632,0.014218009478673,0.0315789473684211,0,0,0,0.0413793103448276,0.0121457489878543,0,0,0,0,0.0285035629453682,0,0,0,0.00478468899521531,0.00985221674876847,0.00892857142857143,0.0275590551181102,0.0313588850174216,0,0.0133928571428571,0.00668896321070234,0,0,0,0,0,0.00497512437810945,0,0,0.00440528634361234,0,0,0,0,0.0586734693877551,0.0407239819004525,0,0,0,0,0,0,0,0,0,0,0.0291666666666667,0,0,0,0,0,0,0,0,0,0,0,0,0.0131578947368421,0.0091324200913242,0.0246406570841889,0.0119521912350598,0,0.00483091787439614,0,0,0,0,0,0,0,0.0190839694656489,0.0050251256281407,0,0,0,0,0.0256410256410256,0.0293159609120521,0,0,0.01,0.00505050505050505,0.0118577075098814,0,0,0,0.0140845070422535,0,0.005,0,0,0.00829875518672199,0,0,0,0.00495049504950495,0.00460829493087558,0,0,0.00483091787439614,0,0.0048780487804878,0,0.00271739130434783,0.0218181818181818,0.0132743362831858,0.00485436893203883,0,0,0,0.00966183574879227,0.0188087774294671,0,0,0,0,0,0,0.00847457627118644,0.00492610837438424,0,0,0.00492610837438424,0,0,0,0,0,0.005,0,0,0,0,0.00480769230769231,0,0.00934579439252336,0,0,0,0,0.00442477876106195,0,0,0.0175438596491228,0.0434782608695652,0
0,0,0,0,0,0,0,0,0,0,0,0,0,0,0,0.00467289719626168,0,0,0,0,0,0,0,0,0,0,0,0,0,0,0,0,0,0,0,0,0,0,0,0,0,0,0,0,0,0,0,0,0,0,0,0,0,0,0.00203665987780041,0,0,0,0,0,0,0,0,0,0,0,0,0,0,0,0,0,0,0,0,0,0,0,0,0,0,0,0,0,0,0,0,0,0,0,0,0,0,0,0,0,0,0,0,0,0,0,0,0,0,0,0,0,0,0,0,0,0,0,0,0,0,0,0,0,0,0,0,0,0,0,0,0,0,0,0,0,0,0,0,0,0,0,0,0,0,0,0,0,0,0,0,0,0,0,0,0,0,0,0,0,0,0,0,0,0,0,0,0,0.0151515151515152,0,0,0,0,0,0,0,0,0,0,0,0,0,0,0,0,0,0,0,0,0,0,0,0,0,0,0,0,0,0,0,0,0,0,0,0,0,0,0,0,0,0,0,0,0,0,0,0,0,0,0,0,0,0,0,0,0,0,0,0,0,0,0,0,0,0,0,0,0,0,0,0,0,0,0,0,0,0,0,0,0,0.00847457627118644,0,0,0,0,0.0172413793103448,0,0,0,0,0,0,0,0,0,0,0,0,0,0,0,0,0,0,0,0,0,0,0,0,0,0,0,0,0,0,0,0,0,0,0,0,0,0,0,0,0,0,0,0,0,0,0,0,0,0,0,0,0,0,0,0,0,0,0,0,0,0,0
0,0,0.0037593984962406,0,0,0,0,0,0,0,0,0,0,0,0,0,0,0,0,0,0,0,0,0,0,0,0,0,0,0,0,0,0,0,0,0,0,0,0,0,0,0,0,0,0,0,0,0,0,0,0,0,0,0,0.00201207243460765,0,0,0,0,0,0,0,0,0,0,0,0,0,0,0,0.00873362445414847,0,0,0,0,0,0,0,0,0,0,0,0,0.00490196078431373,0,0,0,0,0,0,0,0,0,0.0121951219512195,0,0,0,0,0,0.0036101083032491,0,0,0,0,0,0,0,0,0,0,0,0,0,0,0,0,0,0,0,0,0,0,0.0138888888888889,0,0,0,0,0,0,0,0,0,0,0,0,0,0,0,0,0,0.0181818181818182,0.0102040816326531,0,0,0,0,0,0,0,0,0,0,0,0,0,0,0,0,0,0,0,0,0,0,0,0,0,0,0,0,0,0,0,0,0,0,0,0,0,0,0,0,0,0,0.00961538461538462,0,0,0,0,0,0,0,0,0,0,0,0,0,0,0,0,0,0,0,0,0,0,0,0,0,0,0,0,0,0,0,0,0,0,0,0,0,0,0,0,0,0,0,0.00325732899022801,0,0,0,0,0,0,0,0,0,0,0,0,0,0,0,0,0,0,0,0,0,0,0,0,0,0,0,0,0,0,0,0,0,0,0,0,0,0,0,0,0,0,0,0,0,0,0,0,0,0,0,0,0,0,0,0,0,0,0,0,0,0,0,0,0,0,0,0,0,0,0,0,0,0,0,0,0,0,0,0,0,0,0,0,0,0
0,0,0.0160771704180064,0,0.0235294117647059,0,0,0,0,0,0,0,0,0,0,0.00746268656716418,0,0,0,0,0,0,0,0,0.0101010101010101,0,0.0276679841897233,0,0.0125,0,0,0,0,0,0,0,0,0.0151515151515152,0.014018691588785,0,0,0,0,0,0,0,0,0,0,0,0,0.0236220472440945,0,0,0.0186219739292365,0,0,0,0,0.00826446280991736,0,0.0228571428571429,0,0,0,0,0,0,0,0,0.0144927536231884,0,0,0.0245901639344262,0,0,0,0,0.0143884892086331,0,0,0,0,0.175925925925926,0,0,0,0.00930232558139535,0,0,0,0,0.0222222222222222,0.0232558139534884,0.0165289256198347,0,0,0,0,0.0414012738853503,0,0,0,0,0,0,0,0,0,0,0,0,0.0128205128205128,0,0,0,0,0,0,0,0,0,0.00826446280991736,0,0.0263157894736842,0,0,0.0181818181818182,0,0,0,0.0285714285714286,0,0,0,0,0,0,0,0,0.0194174757281553,0.0277777777777778,0.00917431192660551,0,0,0,0,0,0,0,0,0,0,0,0.0239520958083832,0.0140845070422535,0,0,0,0,0,0,0,0.03125,0.0166666666666667,0.0285714285714286,0.0133333333333333,0,0,0,0.0256410256410256,0.0188679245283019,0,0,0,0,0.00344827586206897,0,0,0,0,0,0.0120481927710843,0.00847457627118644,0.0131578947368421,0,0.0119047619047619,0,0,0,0,0,0,0,0,0,0,0,0,0,0,0.0111111111111111,0.0127388535031847,0,0,0,0,0,0,0,0,0,0,0.00961538461538462,0,0,0,0,0,0,0,0,0,0,0,0,0,0.0128205128205128,0.0113314447592068,0.00900900900900901,0.0169491525423729,0,0,0.0140845070422535,0,0,0,0,0,0.00806451612903226,0.0175438596491228,0,0,0,0,0,0.00578034682080925,0,0,0,0,0,0,0,0,0.0136986301369863,0,0,0,0,0.0306122448979592,0,0,0,0,0.0133333333333333,0,0,0,0,0,0,0,0,0.0116279069767442,0.015625,0,0,0,0,0,0,0,0,0.0163934426229508,0,0,0,0.0163934426229508,0,0,0,0,0,0,0,0,0,0,0,0,0,0.0307692307692308,0,0.0136986301369863,0,0,0,0,0.0119047619047619,0,0,0.0112359550561798,0.00518134715025907,0
0,0,0.00238095238095238,0.0180722891566265,0.0108695652173913,0,0,0,0,0,0,0,0,0,0,0.0107816711590297,0,0,0,0,0,0,0,0.00606060606060606,0.00247524752475248,0.0053475935828877,0.0428571428571429,0.00921658986175115,0.0276243093922652,0,0,0,0,0,0,0,0,0.0622222222222222,0.00625,0,0.0119047619047619,0,0,0,0,0,0,0,0.00497512437810945,0,0,0.00427350427350427,0.0613718411552347,0.0113636363636364,0.0171606864274571,0,0,0,0,0.00442477876106195,0.0167597765363128,0.0597014925373134,0.00613496932515337,0,0,0,0,0,0,0,0,0,0,0.0648148148148148,0,0,0,0,0.00819672131147541,0,0,0,0,0.0286532951289398,0,0,0.00930232558139535,0,0,0,0,0,0,0.0171673819742489,0.0363636363636364,0.00595238095238095,0,0,0,0,0,0,0,0,0,0,0,0.0062111801242236,0,0,0,0.0120481927710843,0.119148936170213,0.0108108108108108,0,0,0,0,0,0.0414507772020725,0,0,0.0271493212669683,0,0.0566801619433198,0,0,0.00930232558139535,0,0,0,0,0.00584795321637427,0,0,0,0,0.0151515151515152,0,0,0,0.0201612903225806,0.0436893203883495,0,0,0,0,0,0,0,0,0.0394736842105263,0.0248756218905473,0,0.0615384615384615,0.0114285714285714,0,0,0,0,0,0,0,0.0625,0.0365296803652968,0,0.0198412698412698,0,0,0.00617283950617284,0.0153256704980843,0,0,0.0119760479041916,0,0,0.00763358778625954,0,0,0,0,0,0.0271739130434783,0.0467289719626168,0.0237154150197628,0,0.0326086956521739,0.0393700787401575,0,0.00581395348837209,0,0.0062111801242236,0,0.00609756097560976,0,0,0.0105820105820106,0,0,0,0,0.125,0.128,0,0,0,0,0,0,0,0,0.0121212121212121,0,0.024390243902439,0,0,0,0,0,0,0,0,0,0,0,0.00609756097560976,0.0503875968992248,0.010989010989011,0.05,0.0333333333333333,0,0,0,0.00568181818181818,0,0,0,0,0,0.0599078341013825,0,0,0,0,0,0.0125,0.00359712230215827,0,0.00558659217877095,0,0,0.037914691943128,0,0,0,0.028735632183908,0.0116279069767442,0,0.0179640718562874,0,0.0404040404040404,0,0,0,0,0.00555555555555556,0,0.0169491525423729,0.0118343195266272,0,0,0,0.0121951219512195,0.00826446280991736,0.0158730158730159,0.0179640718562874,0,0.00617283950617284,0,0.00584795321637427,0.0359712230215827,0.0062111801242236,0.0124223602484472,0,0.00602409638554217,0.0062111801242236,0,0,0.00602409638554217,0,0,0,0.00613496932515337,0.00617283950617284,0,0,0,0,0,0,0,0,0,0,0.0112994350282486,0,0,0,0,0,0,0,0.0317460317460317,0.0491228070175439,0
0.0185185185185185,0,0,0,0,0,0.0216216216216216,0.0135135135135135,0,0,0,0.0204081632653061,0.017910447761194,0.0217391304347826,0,0,0,0,0,0,0.036231884057971,0.00531914893617021,0,0,0,0,0,0,0,0.00884955752212389,0.0227272727272727,0,0,0,0,0.0193548387096774,0.0396039603960396,0,0,0.00555555555555556,0,0,0,0,0,0,0.0196078431372549,0,0,0.032,0,0,0,0,0,0,0,0,0,0,0,0,0,0,0.00961538461538462,0,0.191176470588235,0.0136986301369863,0,0.0176991150442478,0,0,0,0,0,0,0,0,0,0.0238095238095238,0,0,0.0119760479041916,0,0,0,0,0,0,0,0.0140845070422535,0,0,0,0,0,0.03125,0.0204081632653061,0,0,0.00909090909090909,0,0,0,0,0,0,0,0,0,0,0,0,0,0.0222222222222222,0,0,0,0.0212765957446809,0,0,0.0317460317460317,0,0,0,0,0,0,0,0,0.0285714285714286,0,0,0.0161290322580645,0,0,0,0,0.037037037037037,0,0,0,0,0,0,0,0,0,0,0,0.0119760479041916,0,0,0.0408163265306122,0,0,0,0,0,0,0.012448132780083,0,0,0,0,0,0,0.0238095238095238,0,0,0,0,0,0,0,0,0,0.038961038961039,0,0,0,0,0,0,0,0,0,0,0.0366492146596859,0,0.0131578947368421,0,0,0,0.0222222222222222,0,0,0.0404040404040404,0.0068259385665529,0,0.0137362637362637,0,0,0,0.0117647058823529,0.00561797752808989,0,0,0.0108695652173913,0.0173913043478261,0,0,0,0,0,0,0,0,0,0.0208333333333333,0,0,0,0,0,0,0,0,0,0,0,0,0,0,0,0,0,0,0,0,0,0,0,0,0,0,0,0,0,0,0,0,0,0,0,0,0,0,0,0,0,0,0,0,0,0,0,0,0,0,0,0,0,0,0,0,0,0,0,0,0,0,0,0,0,0,0,0,0,0,0,0,0,0,0,0,0,0,0,0,0.0292887029288703,0,0,0,0,0.0340136054421769,0.0144927536231884,0,0,0,0,0,0,0,0.0857142857142857
0,0,0,0,0,0,0,0,0,0,0,0,0.00630914826498423,0,0,0,0,0,0,0,0.00833333333333333,0,0,0,0,0,0,0,0,0,0,0,0,0,0,0,0.0121951219512195,0,0,0,0,0,0,0,0,0,0,0,0,0.00943396226415094,0,0,0,0,0,0,0,0,0,0,0,0,0,0,0.0121951219512195,0,0.0172413793103448,0.008,0,0.0108695652173913,0,0,0,0,0,0,0,0,0,0,0,0,0.00684931506849315,0,0,0,0,0,0,0,0,0,0,0,0,0,0,0,0,0,0,0,0,0,0,0,0,0,0,0,0,0,0,0,0,0,0,0,0,0,0,0,0,0,0,0,0,0,0,0,0,0,0,0,0,0,0,0,0,0,0,0,0,0,0,0,0,0,0,0,0.00684931506849315,0,0,0.0126582278481013,0,0,0,0,0,0,0,0,0,0,0,0,0,0,0,0,0,0,0,0,0,0,0,0,0,0,0,0,0,0,0,0,0,0,0.00571428571428571,0,0,0,0,0,0,0,0,0,0,0,0,0,0,0,0,0,0,0,0,0,0,0,0,0,0,0,0,0,0,0,0,0,0,0,0,0,0,0,0,0,0,0,0,0,0,0,0,0,0,0,0,0,0,0,0,0,0,0,0,0,0,0,0,0,0,0,0,0,0,0,0,0,0,0,0,0,0,0,0,0,0,0,0,0,0,0,0,0,0,0,0,0,0,0,0,0,0,0,0,0,0,0,0,0,0,0,0,0,0,0,0.00448430493273543,0,0,0,0,0,0,0,0,0,0,0,0,0,0
0,0,0,0,0,0,0.0144230769230769,0,0.0175438596491228,0,0,0.0487804878048781,0.0401146131805158,0.0454545454545455,0,0,0,0,0,0,0.0185185185185185,0.00476190476190476,0,0,0,0,0,0,0,0.00740740740740741,0,0,0.0222222222222222,0,0,0.0404624277456647,0.0241935483870968,0,0,0,0,0.0216216216216216,0.0208333333333333,0,0,0,0,0,0,0.0202702702702703,0,0,0,0,0,0,0,0.025974025974026,0,0,0,0,0,0,0.040983606557377,0,0.03,0.0303030303030303,0,0.0223880597014925,0,0,0.0161290322580645,0,0,0,0,0,0,0.0285714285714286,0,0.0140845070422535,0.0268817204301075,0,0,0,0,0,0.0140845070422535,0,0,0,0,0,0,0,0.0352941176470588,0.0140845070422535,0,0,0.0152671755725191,0,0,0,0,0,0,0,0.0161290322580645,0,0,0,0,0,0.0149253731343284,0,0,0,0,0,0,0.0357142857142857,0,0,0,0,0,0,0,0,0,0,0,0.0206896551724138,0,0.0138888888888889,0,0,0.0204081632653061,0,0,0,0,0,0,0,0,0,0,0,0.0213903743315508,0,0,0,0,0,0.0140845070422535,0.0175438596491228,0,0.0214285714285714,0.0230769230769231,0.0388349514563107,0.0294117647058824,0,0,0,0,0,0,0,0,0,0,0,0,0.0196078431372549,0,0.0408163265306122,0,0,0,0,0,0,0,0,0,0,0.0377358490566038,0,0.0232558139534884,0,0,0,0.0256410256410256,0,0,0.016260162601626,0.012779552715655,0,0.0129533678756477,0,0,0,0.0188679245283019,0.0100502512562814,0,0,0.0168918918918919,0.0072463768115942,0,0,0,0,0,0,0.0150753768844221,0,0,0.0242424242424242,0,0,0,0,0,0,0,0,0,0,0,0,0,0,0,0,0,0,0.0344827586206897,0,0,0,0,0,0,0,0,0,0,0,0,0,0,0,0,0,0,0,0,0,0,0,0,0,0,0,0,0,0,0,0,0,0,0,0,0,0,0,0,0,0,0,0,0,0,0,0,0,0,0,0,0,0,0,0,0,0.02,0,0,0,0.0307692307692308,0,0,0,0,0.0357142857142857,0.0125,0,0,0,0,0.00769230769230769,0,0,0
0,0,0,0,0,0,0,0,0,0,0,0,0,0,0,0,0,0,0,0,0,0,0,0,0,0,0,0,0,0,0,0,0,0,0,0,0,0,0,0,0,0,0,0,0,0,0,0,0,0.00961538461538462,0,0,0,0,0,0,0,0,0,0,0,0,0,0,0,0,0,0.00813008130081301,0,0,0,0,0,0,0,0,0,0,0,0,0,0,0,0,0,0,0,0,0,0,0,0,0,0,0,0,0,0.04,0,0,0,0,0,0,0,0,0,0,0,0,0,0,0,0,0.0476190476190476,0,0,0,0,0,0,0,0,0,0,0,0,0,0,0,0,0,0,0,0,0,0,0,0,0,0,0,0,0,0,0,0,0,0,0,0,0,0,0,0,0,0,0,0,0,0,0,0,0,0,0,0,0,0,0,0,0,0,0,0,0,0,0,0,0,0,0,0,0,0,0,0,0,0,0,0,0,0,0,0,0,0,0,0,0,0,0,0,0,0,0,0,0,0,0,0,0,0,0,0,0,0,0,0,0,0,0,0,0,0,0,0,0,0,0,0,0,0,0,0,0,0,0,0,0,0,0,0,0,0,0,0,0,0,0,0,0,0,0,0,0,0,0,0,0,0,0,0,0,0,0,0,0,0,0,0,0,0,0,0,0,0,0,0,0,0,0,0,0,0,0,0,0,0,0,0,0,0,0,0,0,0,0,0,0,0,0,0,0,0,0,0,0,0,0,0,0,0,0,0
0,0,0.0385964912280702,0,0.0198675496688742,0,0,0,0,0,0,0,0,0,0,0.0204081632653061,0,0,0,0,0,0,0,0,0.0218978102189781,0,0.00418410041841004,0.0217391304347826,0,0,0,0,0,0,0,0,0,0.00884955752212389,0.0260416666666667,0,0,0,0,0,0,0,0,0,0.0131578947368421,0,0,0.00917431192660551,0.00595238095238095,0,0.0353634577603143,0,0,0,0,0,0,0.00632911392405063,0,0,0,0,0,0,0,0,0.015625,0,0,0.0194174757281553,0,0,0,0,0.0168067226890756,0,0,0,0,0.012987012987013,0,0,0.0222222222222222,0,0,0,0,0,0,0.0181818181818182,0.00980392156862745,0,0,0,0,0.0267558528428094,0,0,0,0,0,0,0,0,0,0,0,0,0.0072992700729927,0,0,0,0,0,0,0,0,0,0,0,0,0,0,0.0697674418604651,0,0,0,0.00813008130081301,0,0,0,0,0,0,0,0,0.0240963855421687,0.0666666666666667,0,0,0,0,0,0,0,0,0,0,0,0,0,0,0,0,0,0,0,0,0,0,0,0,0.00763358778625954,0,0,0,0.0218978102189781,0.0232558139534884,0,0,0,0,0.0304182509505703,0,0,0,0,0,0,0,0.0229007633587786,0,0,0,0,0,0,0,0,0,0,0,0,0,0,0,0,0,0,0,0,0,0,0,0,0,0,0,0,0.0119047619047619,0,0,0,0,0,0,0,0,0,0,0,0,0,0,0,0,0,0,0,0,0,0,0,0,0,0,0,0,0,0,0,0,0.0266666666666667,0,0.0185185185185185,0,0,0,0,0,0,0,0,0,0,0,0,0,0,0,0,0,0,0,0,0,0,0,0.00485436893203883,0.00847457627118644,0,0,0,0,0,0,0,0,0,0,0,0,0,0,0,0,0,0,0,0,0,0,0,0,0,0,0,0,0,0,0,0,0,0,0,0,0,0,0,0.0175438596491228,0
0,0,0.024390243902439,0.0120481927710843,0.0104166666666667,0,0,0,0,0,0,0,0,0,0,0.0211267605633803,0,0,0,0,0,0,0,0,0.0126582278481013,0.00980392156862745,0.0108303249097473,0.0307692307692308,0,0,0,0,0,0,0,0,0,0.0131578947368421,0.021551724137931,0,0,0,0,0,0,0,0,0,0.0446428571428571,0,0,0,0,0.021978021978022,0.0161290322580645,0,0,0,0,0.0215827338129496,0,0.0101522842639594,0,0,0,0,0,0,0,0,0.0273972602739726,0,0,0.0431654676258993,0,0,0,0,0.0125786163522013,0,0,0,0,0.0185873605947955,0,0.0121951219512195,0.0232558139534884,0.0171673819742489,0,0,0,0,0.0181818181818182,0,0.00704225352112676,0,0,0,0.012987012987013,0.0175953079178886,0,0,0,0,0,0,0,0,0,0,0,0.0121951219512195,0.0348837209302326,0.0408163265306122,0,0,0,0,0,0,0,0,0.0142857142857143,0,0.0173410404624277,0,0,0.0153846153846154,0,0,0,0.025,0,0,0,0,0,0,0,0,0.00806451612903226,0.0434782608695652,0.0317460317460317,0,0,0,0,0,0,0,0,0.0410958904109589,0.0168067226890756,0,0.0380434782608696,0,0,0,0,0,0,0,0,0.00847457627118644,0.0215827338129496,0.0337078651685393,0.0238095238095238,0,0,0,0.0344827586206897,0.024,0,0.0120481927710843,0,0,0.0230263157894737,0,0,0,0.0232558139534884,0,0,0.0220588235294118,0.00578034682080925,0,0.00961538461538462,0.00561797752808989,0,0,0,0,0,0,0,0,0,0,0,0,0,0.0353356890459364,0.027355623100304,0,0,0,0,0,0,0,0,0,0,0,0,0,0,0,0,0,0,0,0,0,0,0,0.0391061452513966,0,0.0189189189189189,0,0,0.0238095238095238,0,0,0,0,0,0,0,0.013986013986014,0.012987012987013,0,0,0,0,0.0394736842105263,0.043010752688172,0,0.0106382978723404,0,0,0.0075187969924812,0,0,0,0,0.0113636363636364,0,0,0,0,0,0.0117647058823529,0.012987012987013,0,0.0105263157894737,0,0.021505376344086,0,0,0.0120481927710843,0,0.0164609053497942,0.00632911392405063,0,0,0,0,0,0,0.00495049504950495,0,0,0,0,0,0,0,0,0,0,0,0,0,0,0,0,0,0,0,0,0,0.0116279069767442,0,0,0,0,0,0,0,0,0,0,0.014218009478673,0
0,0,0,0,0.00543478260869565,0,0,0,0,0,0,0,0,0,0,0.0181159420289855,0,0,0,0,0,0,0,0,0.00647249190938511,0,0.00743494423791822,0.016260162601626,0.0222222222222222,0,0,0,0,0,0,0,0,0.0583941605839416,0.0133333333333333,0,0.0704225352112676,0,0,0,0,0,0,0,0.0384615384615385,0,0,0.00714285714285714,0.0204081632653061,0,0.00540540540540541,0,0,0,0,0.0152671755725191,0,0.021505376344086,0,0,0,0,0,0,0,0,0,0,0,0.0542635658914729,0.0144927536231884,0,0,0,0,0,0,0,0,0.0192307692307692,0,0,0.0165289256198347,0.0363636363636364,0,0,0,0,0.00980392156862745,0.00704225352112676,0,0,0,0,0,0,0,0,0,0,0,0,0,0,0,0,0,0.0136986301369863,0.0628930817610063,0,0,0,0,0,0,0.0388349514563107,0,0,0,0,0.0182926829268293,0,0,0,0,0,0,0,0,0,0,0,0,0.0388349514563107,0,0,0,0.0127388535031847,0.0168067226890756,0,0,0,0,0,0,0,0,0.0592592592592593,0.0181818181818182,0,0.04,0,0,0,0,0,0,0,0,0.0280373831775701,0.00757575757575758,0,0,0,0,0.0147058823529412,0,0,0,0.0135135135135135,0,0,0.00332225913621262,0,0,0,0,0,0,0.0317460317460317,0.0185185185185185,0,0.0105263157894737,0,0,0,0,0,0,0,0,0,0,0,0,0,0,0.0364963503649635,0.0411392405063291,0,0,0,0,0,0,0,0,0.0138888888888889,0,0.0175438596491228,0,0,0,0,0,0,0,0,0,0,0,0.0142857142857143,0,0,0.0279329608938547,0.00819672131147541,0,0,0,0,0,0,0,0,0,0.0149253731343284,0,0,0,0,0,0,0.00543478260869565,0,0,0,0,0.00806451612903226,0,0,0,0,0.0526315789473684,0,0,0,0.0275229357798165,0,0.0131578947368421,0,0,0,0,0.0117647058823529,0.0131578947368421,0,0.0135135135135135,0,0.00421940928270042,0,0.0103092783505155,0,0,0,0,0.012987012987013,0.0104166666666667,0,0,0.0149253731343284,0,0,0,0.00943396226415094,0,0,0,0,0,0,0,0,0,0,0,0,0,0,0,0,0.0240963855421687,0,0,0,0,0.0434782608695652,0,0,0.01,0,0
0,0,0,0,0.0161290322580645,0,0,0,0,0,0,0,0,0,0,0,0,0,0,0,0,0,0,0,0,0,0.004739336492891,0,0,0,0,0,0,0,0,0,0,0,0,0,0,0,0,0,0,0,0,0,0,0,0,0,0,0,0,0,0,0,0,0.0136986301369863,0,0,0,0,0,0,0,0,0,0,0.00432900432900433,0,0,0,0,0,0,0,0.021978021978022,0,0,0,0,0,0,0,0,0.00595238095238095,0,0,0,0,0,0,0,0,0,0,0,0.00359712230215827,0,0,0,0,0,0,0,0,0,0,0,0.0714285714285714,0,0,0,0,0,0,0,0,0,0,0,0,0,0,0,0.0158730158730159,0,0,0,0.0105263157894737,0,0,0,0,0,0,0,0,0.0178571428571429,0.0101010101010101,0.0163934426229508,0,0,0,0,0,0,0,0,0,0,0,0,0,0,0,0,0,0,0,0,0,0,0,0,0,0,0,0.00900900900900901,0,0,0,0,0,0,0,0,0,0,0,0,0,0,0,0,0,0,0,0,0,0,0,0,0,0,0,0,0,0,0,0,0,0,0,0,0,0,0,0,0,0,0,0,0,0,0,0,0,0,0,0,0,0,0,0,0,0.00324675324675325,0,0,0,0,0,0,0,0,0,0,0,0,0,0,0,0,0,0,0,0,0,0,0,0,0,0,0,0,0,0,0,0,0,0,0,0,0,0,0,0,0,0,0,0,0,0,0,0,0,0,0,0,0,0,0,0,0,0,0,0,0,0,0,0,0,0,0,0,0,0,0,0,0,0,0,0.04,0,0,0,0,0,0,0,0,0,0
0.0142857142857143,0,0,0,0,0,0.0148514851485149,0,0,0,0,0.0246913580246914,0.0258620689655172,0.0161290322580645,0,0,0,0,0.0133333333333333,0,0.0258064516129032,0,0,0,0,0,0,0,0,0.00775193798449612,0.0166666666666667,0,0.0487804878048781,0,0,0.0419161676646707,0.0521739130434783,0,0,0,0,0.0110497237569061,0,0,0,0,0.0149253731343284,0,0,0.0283687943262411,0,0,0,0,0,0.02,0,0.0138888888888889,0,0,0,0,0,0,0.0803571428571429,0.0566037735849057,0.0210526315789474,0.0123456790123457,0,0.031496062992126,0,0,0,0,0,0.0196078431372549,0,0,0,0.02,0,0,0.0393258426966292,0,0,0,0,0,0.03125,0,0.0352941176470588,0,0,0,0,0,0,0.03125,0,0,0.0241935483870968,0,0,0.0188679245283019,0,0,0,0,0,0,0,0,0,0,0.0163934426229508,0,0,0,0.0491803278688525,0,0,0.0384615384615385,0,0,0,0,0,0,0,0,0.0196078431372549,0,0,0.0289855072463768,0,0.0151515151515152,0,0,0,0,0,0,0,0,0,0,0,0,0,0,0.0277777777777778,0,0,0.0260869565217391,0,0,0,0.0196078431372549,0,0.0223880597014925,0.0317460317460317,0,0,0,0,0,0,0,0,0,0,0,0,0,0.0377358490566038,0.0222222222222222,0,0.032258064516129,0,0,0,0,0,0,0,0,0,0,0.014218009478673,0.0192307692307692,0.0119047619047619,0,0,0,0.0266666666666667,0.0181818181818182,0,0.0170940170940171,0.0230263157894737,0,0.0294117647058824,0,0,0,0.0408163265306122,0.0317460317460317,0,0,0.0172413793103448,0.047244094488189,0,0,0,0,0,0,0,0,0,0.0382165605095541,0,0,0,0,0,0,0,0,0,0,0,0,0,0,0,0,0,0,0,0,0,0,0,0,0,0,0,0,0,0,0,0,0,0,0,0,0,0,0,0,0,0,0,0,0,0,0,0,0,0,0,0,0,0.00813008130081301,0,0,0,0,0,0,0,0,0,0,0,0,0,0,0,0,0,0,0,0,0,0,0.0227272727272727,0,0,0,0.0234375,0,0,0,0,0.037037037037037,0.012987012987013,0.0158730158730159,0,0,0,0.0416666666666667,0,0,0
0.0377358490566038,0,0,0,0,0,0.0161290322580645,0,0,0,0,0.0135135135135135,0.0148809523809524,0.0217391304347826,0,0,0,0,0,0,0.00704225352112676,0,0,0,0,0,0,0,0,0.0178571428571429,0.0227272727272727,0,0,0,0,0.00636942675159236,0.0294117647058824,0,0,0,0,0,0,0,0,0,0,0,0,0.032,0,0,0,0,0,0,0,0,0,0,0,0,0,0,0.00961538461538462,0,0,0.00680272108843537,0,0.0267857142857143,0,0,0,0,0,0,0.0256410256410256,0,0,0.0117647058823529,0,0,0.0242424242424242,0,0,0,0,0,0.0204081632653061,0,0.0140845070422535,0.04,0,0,0,0,0.03125,0,0,0,0,0,0,0.027027027027027,0,0,0,0,0,0,0,0,0,0,0.179487179487179,0,0,0,0,0,0,0.0317460317460317,0,0,0,0,0,0,0,0,0.0285714285714286,0,0,0,0,0,0,0,0,0,0,0,0,0,0,0,0,0,0,0,0.0119760479041916,0,0,0,0,0,0,0,0,0.0168067226890756,0.00826446280991736,0.0119047619047619,0,0,0,0,0,0,0,0,0,0,0,0,0,0,0,0.038961038961039,0,0,0,0,0,0,0,0,0,0,0.0259067357512953,0,0.0198675496688742,0,0,0,0.0147058823529412,0,0,0,0.0068259385665529,0,0.0137362637362637,0,0,0,0,0.0170454545454545,0,0,0.0108695652173913,0.0173913043478261,0.04,0,0,0,0,0,0.00558659217877095,0,0,0.0208333333333333,0,0,0,0,0,0,0,0,0.00307692307692308,0,0,0,0,0,0,0,0,0,0,0,0,0.0117647058823529,0,0,0,0,0,0,0,0,0,0,0,0,0,0,0,0,0,0,0,0,0,0,0,0,0,0,0,0,0,0,0,0,0,0,0,0,0,0,0,0,0,0,0,0,0,0,0,0,0,0,0,0,0,0,0,0,0,0,0.025,0,0,0,0,0.00662251655629139,0.0144927536231884,0.0212765957446809,0,0,0,0.0186915887850467,0,0,0
0,0,0,0,0,0,0,0,0,0,0,0,0,0,0,0,0,0,0,0,0,0,0,0,0,0,0,0,0,0,0,0,0,0,0,0,0,0,0,0,0,0,0,0,0,0,0,0,0,0,0,0,0,0,0,0,0,0,0,0.0149253731343284,0,0,0,0,0,0,0,0,0,0,0,0,0,0.0142857142857143,0,0,0,0,0,0,0,0,0,0,0,0,0,0,0,0,0,0,0,0.012987012987013,0,0,0,0,0,0,0,0,0,0,0,0,0,0,0,0,0,0,0.00970873786407767,0,0,0,0,0,0,0,0,0,0,0,0,0,0,0,0,0,0,0,0,0,0,0,0,0,0,0,0,0,0,0,0,0,0,0,0,0,0,0.012987012987013,0.0217391304347826,0,0.00862068965517241,0,0,0,0,0,0,0,0,0,0.0149253731343284,0,0,0,0,0,0,0,0,0,0,0,0,0,0,0,0.0769230769230769,0,0.0344827586206897,0.015625,0,0,0,0,0,0,0,0,0,0,0,0,0,0,0,0,0,0,0.00380228136882129,0,0,0,0,0,0,0,0,0,0,0,0,0,0,0,0,0,0,0,0,0,0,0,0,0,0,0,0,0,0,0,0,0,0,0,0,0,0,0,0,0,0,0,0,0,0,0,0,0,0,0,0,0,0,0,0,0,0,0,0,0,0,0,0,0,0,0,0,0,0,0,0.03125,0,0,0,0,0,0.0078125,0,0,0,0,0,0,0,0,0,0,0,0,0,0,0,0,0,0,0,0,0,0,0,0,0,0,0,0,0,0,0,0,0,0
0,0,0.0836734693877551,0,0.0485175202156334,0,0,0,0,0,0,0,0,0,0,0.0385438972162741,0,0,0,0,0,0,0,0,0.0842105263157895,0.0136054421768707,0.0171306209850107,0.0313479623824451,0,0,0,0,0,0,0,0,0,0.00576368876080692,0.0409638554216867,0,0,0,0,0,0,0,0,0,0.0162866449511401,0,0,0.0207100591715976,0.00248138957816377,0,0.07475317348378,0,0,0,0,0.0150602409638554,0,0.00254452926208651,0,0,0,0,0,0,0,0,0.13013698630137,0,0,0.0119047619047619,0,0,0,0,0.0379008746355685,0,0,0,0,0.0399113082039911,0,0.0036101083032491,0.0414012738853503,0,0,0,0,0,0.0267558528428094,0.0175953079178886,0,0.00359712230215827,0,0,0,0,0,0,0,0,0,0.0144404332129964,0,0,0,0,0,0,0.010840108401084,0.0171232876712329,0,0,0,0,0,0,0,0,0.0243161094224924,0,0.0192307692307692,0,0,0.0514469453376206,0,0,0,0.0345821325648415,0,0,0,0,0,0,0,0,0.0289389067524116,0.0521739130434783,0.0124610591900312,0,0,0,0,0,0,0,0,0,0,0,0.0025974025974026,0,0,0,0.003690036900369,0,0,0,0,0,0.0150602409638554,0.0141342756183746,0.0138121546961326,0,0,0,0.0714285714285714,0.0286624203821656,0,0,0,0,0.0743099787685775,0,0,0,0.0179856115107914,0.0145985401459854,0,0.003003003003003,0.0307262569832402,0,0,0,0,0,0,0,0,0,0,0,0,0,0,0,0,0.00205338809034908,0,0,0,0,0,0,0,0,0,0,0,0,0,0,0,0,0.003690036900369,0,0,0,0,0,0,0,0.00263157894736842,0.0103092783505155,0.0324909747292419,0,0.00364963503649635,0,0.00940438871473354,0,0,0,0,0,0,0.00294985250737463,0.00367647058823529,0,0,0,0,0.014367816091954,0.0428954423592493,0,0,0,0,0,0,0,0,0,0,0,0,0,0.00317460317460317,0,0,0.00367647058823529,0.0072992700729927,0.00344827586206897,0,0,0,0,0,0,0.00226757369614512,0.00854700854700855,0,0,0,0,0,0,0,0,0,0,0,0,0,0,0,0,0,0,0,0,0,0,0,0,0,0,0,0,0.0143884892086331,0,0,0,0,0,0,0,0,0,0,0.0225,0
0,0,0,0,0,0,0.00401606425702811,0,0.0333333333333333,0,0,0.00956937799043062,0.0100502512562814,0.00934579439252336,0,0,0,0,0,0.0111111111111111,0.00492610837438424,0.037344398340249,0.0575916230366492,0,0,0,0,0,0,0.0416666666666667,0,0.0111111111111111,0.00769230769230769,0,0.0210526315789474,0.0138888888888889,0.0121951219512195,0,0,0.0386266094420601,0,0.00440528634361234,0.0148148148148148,0,0.0267857142857143,0,0,0.0172413793103448,0,0,0,0,0,0,0,0,0,0,0.0283018867924528,0,0,0,0,0,0.00606060606060606,0,0.00709219858156028,0,0.0198019801980198,0.0114942528735632,0,0,0.02,0,0,0,0,0.00819672131147541,0,0.00684931506849315,0,0.0338983050847458,0,0,0,0,0,0,0.00909090909090909,0,0.0152671755725191,0,0,0,0,0,0.0241935483870968,0,0,0,0,0,0.0252100840336134,0.0102040816326531,0,0,0,0,0,0,0,0,0,0,0,0,0,0,0,0,0,0.008,0,0,0,0,0,0,0,0,0,0,0,0.00537634408602151,0,0,0,0,0.0113636363636364,0,0,0,0,0,0,0,0,0,0.010989010989011,0,0,0.0062111801242236,0,0.0124223602484472,0.0100502512562814,0.0099009900990099,0,0,0,0.0111111111111111,0.00328947368421053,0.020979020979021,0.00925925925925926,0,0,0,0,0.00970873786407767,0,0,0,0,0.0116279069767442,0,0.0101010101010101,0,0,0.0143884892086331,0,0,0,0,0,0,0,0,0,0,0.00778210116731518,0,0,0,0,0,0,0.0306122448979592,0,0,0.0142450142450142,0,0.0117647058823529,0,0,0,0.00684931506849315,0.00840336134453781,0,0,0.0179640718562874,0,0,0,0.0113636363636364,0,0,0,0.0478260869565217,0,0,0.00970873786407767,0,0.00961538461538462,0,0.0198019801980198,0,0,0,0,0,0,0,0,0,0,0,0,0,0,0.0078125,0,0,0.0137931034482759,0,0.0116279069767442,0.0305343511450382,0,0,0,0,0,0,0.0212765957446809,0.062992125984252,0,0,0,0,0,0,0,0,0,0,0,0,0,0.0114942528735632,0,0,0,0,0,0,0,0,0,0,0,0,0,0,0,0,0,0,0,0,0,0,0,0,0,0,0,0,0,0,0,0,0.0263157894736842,0.00326797385620915,0,0,0,0,0.00471698113207547,0.005,0,0,0,0.0448717948717949,0.00591715976331361,0,0,0
0,0,0,0,0,0,0.0110497237569061,0,0,0,0,0.0140845070422535,0.0029940119760479,0,0,0,0,0,0,0,0,0,0,0,0,0,0,0,0,0.00934579439252336,0,0,0,0,0,0,0,0,0,0,0,0.00625,0,0,0,0,0,0,0,0.0165289256198347,0,0,0,0,0,0,0,0,0,0,0,0,0,0,0,0,0,0.0142857142857143,0,0,0,0,0,0,0,0,0,0,0,0.0126582278481013,0,0,0,0,0,0,0,0,0,0,0,0,0,0,0,0,0,0,0,0,0,0,0,0,0,0,0,0,0,0,0,0,0,0,0,0,0,0,0.024390243902439,0,0,0,0,0,0,0,0,0,0,0,0,0,0,0.00840336134453781,0,0,0,0,0,0,0,0,0,0,0,0,0,0,0,0,0.00617283950617284,0,0,0.0105263157894737,0,0,0,0.0344827586206897,0,0,0.0258620689655172,0,0,0,0,0,0,0,0,0,0,0,0,0,0,0,0,0,0,0,0,0,0,0,0,0,0,0,0.00523560209424084,0,0.0136986301369863,0,0,0,0.00763358778625954,0,0,0.0104166666666667,0.0140350877192982,0,0.0139664804469274,0,0,0,0,0.00581395348837209,0,0,0.0148698884758364,0,0,0,0,0,0.0344827586206897,0,0,0,0,0,0,0,0,0,0,0,0,0,0,0,0,0,0,0,0,0,0,0,0,0,0,0,0,0,0,0,0,0,0,0,0,0,0,0,0,0,0,0,0,0,0,0,0,0,0,0,0,0,0,0,0,0,0,0,0,0,0,0,0,0,0,0,0,0,0,0,0,0,0,0,0,0,0,0,0,0,0,0,0,0,0.00418410041841004,0,0,0,0,0.00689655172413793,0.0075187969924812,0,0,0,0,0,0,0,0
0,0,0,0,0,0,0,0.0487804878048781,0.0606060606060606,0,0,0,0,0,0,0,0.0256410256410256,0,0,0.025,0,0.0204081632653061,0.0201342281879195,0,0,0,0,0,0,0.0245901639344262,0,0,0,0,0.0217391304347826,0,0,0,0,0.0212765957446809,0,0,0.0116279069767442,0,0,0,0,0.0241935483870968,0,0,0,0,0,0,0,0,0,0,0,0,0,0,0,0,0,0,0,0,0,0,0,0,0,0,0,0,0.0408163265306122,0.028169014084507,0,0,0,0.0152671755725191,0.00558659217877095,0,0,0,0,0,0,0,0,0,0,0,0,0,0,0,0,0,0.0252100840336134,0,0,0,0.0263157894736842,0,0,0,0,0,0,0,0,0,0,0,0.0277777777777778,0,0,0,0,0,0,0,0,0,0,0,0,0,0,0,0,0,0,0,0,0,0,0,0,0,0,0,0,0,0,0,0,0,0,0.00900900900900901,0,0.00892857142857143,0,0,0,0,0,0.00763358778625954,0,0,0,0,0,0,0,0,0,0,0,0,0,0,0,0,0,0,0,0.02,0,0,0,0,0,0,0,0,0,0,0,0,0,0,0,0,0,0,0.0099009900990099,0,0,0,0,0,0,0,0,0,0.013986013986014,0,0,0,0,0,0,0,0.0105820105820106,0,0,0,0,0,0,0.0392156862745098,0.0217391304347826,0,0,0,0,0,0,0,0,0,0,0,0,0,0,0,0,0.0319148936170213,0,0,0.0119047619047619,0,0,0.0227272727272727,0,0,0,0.0217391304347826,0,0,0,0,0,0,0,0,0,0,0,0,0,0,0,0,0,0,0,0,0,0,0,0,0,0,0,0,0,0,0,0,0,0,0,0,0,0,0,0,0,0,0,0,0,0,0,0.0307692307692308,0,0,0,0,0,0,0,0,0,0,0.00892857142857143,0,0,0,0
0,0,0,0,0,0,0,0,0,0,0,0,0,0,0,0,0,0,0,0,0,0,0,0,0,0,0,0,0,0,0,0,0,0,0,0.0138888888888889,0.021978021978022,0,0,0,0,0.0130718954248366,0,0,0,0,0,0,0,0.00862068965517241,0,0,0,0,0,0.0454545454545455,0,0,0,0,0,0,0,0,0.0108695652173913,0.037037037037037,0,0.00740740740740741,0,0.00980392156862745,0,0,0,0,0,0,0,0,0,0,0,0,0.00641025641025641,0,0,0,0,0,0,0,0,0,0,0,0,0,0.0188679245283019,0.027027027027027,0,0,0.0102040816326531,0,0,0,0,0,0,0,0,0,0,0,0,0,0,0,0,0,0,0,0,0,0,0,0,0,0,0,0,0,0.0434782608695652,0,0,0,0,0.114285714285714,0,0,0,0,0,0,0,0,0,0,0,0,0,0,0,0,0,0.0112359550561798,0,0,0,0,0,0,0,0,0,0,0,0,0,0,0,0,0,0,0,0,0,0,0,0,0,0,0,0,0,0,0,0,0,0,0.00540540540540541,0,0.00709219858156028,0,0,0,0.008,0.037037037037037,0,0,0,0,0.00563380281690141,0,0,0,0.0136986301369863,0,0,0,0.00754716981132075,0,0,0,0,0,0,0,0,0,0,0,0,0,0,0,0.0434782608695652,0,0,0,0,0,0,0,0,0,0,0,0,0,0,0,0,0,0,0,0,0,0,0,0,0,0,0,0,0,0,0,0,0,0,0,0,0,0,0,0,0,0,0,0,0,0,0,0,0,0,0,0,0,0,0,0,0,0,0,0,0,0,0,0,0,0,0,0,0,0,0,0,0,0,0,0.0173913043478261,0,0,0,0,0,0.0158730158730159,0,0,0,0,0.0104166666666667,0,0,0.04
0,0,0,0,0,0,0,0,0,0,0,0,0,0,0,0,0,0,0,0,0,0.0121212121212121,0,0,0,0,0,0,0,0,0,0,0,0,0,0,0,0,0,0,0,0,0,0,0,0,0,0.010752688172043,0,0,0,0,0,0,0,0,0,0,0,0,0,0,0,0,0,0,0,0,0,0,0,0,0,0,0,0,0,0,0,0,0,0.0101010101010101,0,0,0,0,0,0,0,0,0,0,0,0,0,0,0,0,0,0,0,0,0.0263157894736842,0,0,0,0,0,0,0,0,0,0,0,0,0,0,0,0,0,0,0,0,0,0,0,0,0,0,0,0,0,0,0,0,0,0,0,0,0,0,0,0,0,0,0,0,0,0,0,0,0,0,0.0126582278481013,0,0,0,0,0,0,0,0,0,0,0,0,0,0.05,0,0,0,0,0,0,0,0,0,0,0,0,0,0,0.0333333333333333,0,0,0,0,0,0,0,0,0,0,0,0,0,0,0,0,0,0,0,0,0,0,0,0,0,0.00390625,0,0,0,0,0,0,0,0,0,0,0,0,0,0,0,0,0,0,0,0,0,0,0,0,0,0,0,0,0,0,0,0,0,0,0,0.0196078431372549,0,0,0.0909090909090909,0,0,0,0,0,0,0,0,0,0,0,0,0,0,0,0,0,0,0,0,0,0,0,0,0,0,0,0,0,0,0,0,0,0,0,0,0,0,0,0,0,0,0,0,0,0,0,0,0,0,0,0,0,0,0,0,0,0,0,0,0,0,0,0,0,0,0
0,0,0.00371747211895911,0,0,0,0,0,0,0,0,0,0,0,0,0.00448430493273543,0,0,0,0,0,0,0,0,0.00395256916996047,0,0,0,0,0,0,0,0,0,0,0,0,0,0,0,0,0,0,0,0,0,0,0,0,0,0,0.024390243902439,0,0,0.0100806451612903,0,0,0,0,0,0,0,0,0,0,0,0,0,0,0,0.012987012987013,0,0,0.0128205128205128,0,0,0,0,0.043956043956044,0,0,0,0,0,0,0,0,0,0,0,0,0,0,0,0,0,0,0,0,0.0144404332129964,0,0,0,0,0,0,0,0,0,0,0,0,0.0181818181818182,0,0,0,0,0,0,0,0,0,0.0133333333333333,0.1,0,0,0,0.0153846153846154,0,0,0,0.0103092783505155,0,0,0,0,0,0,0,0,0.0350877192982456,0.0099009900990099,0,0,0,0,0,0,0,0,0,0,0.0185185185185185,0,0.00806451612903226,0,0,0,0,0,0,0,0,0,0.0133333333333333,0,0,0,0,0,0,0,0,0,0,0,0.016597510373444,0,0,0,0,0,0.027027027027027,0,0,0,0,0.00892857142857143,0,0,0,0,0,0,0,0,0,0,0,0,0,0,0,0,0,0,0,0,0,0,0,0,0,0,0,0,0,0,0,0,0,0,0,0,0,0,0,0.03125,0.0032258064516129,0,0,0,0,0,0,0,0,0,0,0,0,0,0,0,0,0,0.0158730158730159,0,0,0,0,0,0,0,0,0,0,0,0,0,0,0,0,0,0,0,0,0,0,0,0,0,0,0,0,0,0,0,0,0,0,0,0,0,0,0,0,0,0,0,0,0,0,0,0,0,0,0,0,0,0,0,0,0,0.037037037037037,0,0,0,0,0,0,0,0,0,0
0,0,0,0,0,0,0,0.02,0,0,0,0,0,0,0,0,0,0,0,0,0,0,0,0,0,0,0,0,0,0,0,0,0,0,0,0,0,0,0,0,0,0,0,0,0.00694444444444444,0,0,0,0,0,0,0,0,0,0,0,0,0,0,0,0,0,0,0,0,0,0,0,0,0,0,0,0,0,0,0,0,0,0,0,0,0.0103092783505155,0.00694444444444444,0,0,0,0,0,0,0,0,0,0,0,0,0,0,0,0,0,0,0,0,0,0,0,0,0,0,0,0,0,0,0,0,0,0,0,0,0,0,0,0,0,0,0,0,0,0,0,0,0,0,0,0,0,0,0,0,0,0,0,0,0,0,0,0,0,0,0,0,0,0,0,0,0,0,0,0,0,0,0,0,0,0,0,0,0,0,0,0,0,0,0,0,0,0,0,0,0,0,0,0,0,0,0,0,0,0,0,0,0,0,0,0,0,0,0,0,0,0,0,0,0,0,0,0,0,0,0,0,0,0,0,0,0,0,0,0,0,0,0,0,0,0,0,0,0,0,0,0,0,0,0,0,0,0,0,0,0,0,0,0,0,0,0,0,0,0,0,0,0,0,0,0,0,0,0,0,0,0,0,0,0,0,0,0,0,0,0,0,0,0,0,0,0,0,0,0,0,0,0,0,0,0,0,0,0,0,0,0,0,0,0,0,0,0,0,0,0,0,0,0,0,0,0,0,0,0,0,0,0,0,0,0
0,0,0,0,0,0,0,0,0,0,0,0,0,0,0,0,0,0,0,0,0,0,0,0.2,0,0,0,0,0,0,0,0,0,0,0,0,0,0,0,0,0,0,0,0,0,0,0,0,0,0,0,0,0,0,0,0,0,0,0,0,0,0,0,0,0,0,0,0,0,0,0,0,0,0,0,0,0,0,0,0,0,0,0,0,0,0,0,0.0062111801242236,0,0,0,0,0,0,0,0,0,0,0,0,0,0,0,0,0,0,0,0,0,0,0,0,0.00980392156862745,0,0,0,0,0,0,0,0,0,0,0,0,0,0,0,0,0,0,0,0.0909090909090909,0,0,0,0,0,0,0,0,0,0.0185185185185185,0,0,0,0,0,0,0,0,0,0,0,0,0,0,0,0,0,0,0,0,0,0,0,0,0,0,0,0,0,0,0,0,0,0,0,0,0,0,0,0,0,0,0,0,0,0,0,0,0,0,0,0,0,0,0,0,0,0,0.00460829493087558,0.00381679389312977,0,0,0,0,0,0,0,0,0,0,0,0,0,0,0,0,0,0,0,0,0,0,0,0,0.0434782608695652,0,0,0,0,0,0,0,0,0,0,0,0,0,0,0,0,0,0,0,0,0,0,0,0,0,0,0,0,0,0,0,0,0,0,0,0,0,0,0,0,0,0,0,0,0,0.0120481927710843,0,0,0,0,0,0,0,0,0,0,0,0,0,0,0,0,0,0,0,0,0,0,0,0,0,0,0,0,0,0,0,0,0,0,0,0,0,0,0.0294117647058824,0,0
0.0222222222222222,0,0,0,0,0,0.00558659217877095,0.0153846153846154,0,0,0,0.0143884892086331,0.00302114803625378,0,0,0,0,0,0,0.05,0.0075187969924812,0,0,0,0,0,0,0,0,0.0194174757281553,0.0285714285714286,0,0.0166666666666667,0,0,0.0136054421768707,0.0212765957446809,0,0,0,0,0,0,0,0,0,0.0238095238095238,0,0,0.0344827586206897,0,0,0,0,0,0,0,0.0434782608695652,0,0,0,0,0,0,0.0105263157894737,0,0.0140845070422535,0.0296296296296296,0,0,0,0,0,0,0,0,0,0,0,0,0,0,0,0,0,0,0,0,0,0,0.0161290322580645,0,0,0,0,0,0,0,0,0,0,0,0,0,0,0,0,0,0,0,0,0,0,0,0,0,0,0,0,0,0,0.272727272727273,0,0,0,0,0,0,0,0,0,0,0,0.00862068965517241,0,0.024390243902439,0,0,0,0,0,0,0,0,0,0,0,0,0,0,0.0191082802547771,0,0,0,0,0,0.0512820512820513,0,0,0.00900900900900901,0.0173160173160173,0.027027027027027,0,0,0,0,0,0,0,0,0,0,0,0,0,0,0,0,0,0,0,0,0,0,0,0,0,0,0,0.0769230769230769,0.0211267605633803,0,0,0,0,0,0,0.0217391304347826,0.00704225352112676,0,0.0198300283286119,0,0,0,0.0131578947368421,0,0,0,0.00746268656716418,0,0,0,0,0,0,0,0,0,0,0.0222222222222222,0,0,0,0,0,0,0,0,0,0,0,0,0,0,0.0277777777777778,0,0,0,0,0,0,0,0,0,0,0,0,0,0,0,0,0,0,0,0,0,0,0,0,0,0,0,0,0,0,0,0,0,0,0,0,0,0,0,0,0,0,0,0,0,0,0,0,0,0,0,0,0,0,0,0,0,0,0,0,0,0,0,0,0,0.00851063829787234,0,0,0,0,0.00704225352112676,0.00769230769230769,0,0,0,0,0.0101010101010101,0,0,0
0,0,0,0,0,0,0,0,0,0,0,0,0,0,0,0.014018691588785,0,0,0,0,0,0,0,0,0,0,0,0,0,0,0,0,0,0,0,0,0,0,0,0,0,0,0,0,0,0,0,0,0,0,0,0,0,0,0,0,0,0,0,0.0147058823529412,0,0,0,0,0,0,0,0,0,0,0,0,0,0,0,0,0,0,0,0,0,0,0,0,0,0,0,0,0,0,0,0,0,0,0,0,0,0,0,0,0,0,0,0,0,0,0,0,0,0,0,0,0,0,0,0,0,0,0,0,0,0,0,0,0,0,0,0,0,0,0,0,0,0,0,0,0,0,0,0,0,0,0,0,0,0,0,0,0,0,0,0,0,0,0,0,0,0,0,0,0,0,0,0,0,0,0,0,0,0,0,0,0,0,0,0,0,0,0,0,0,0,0,0,0,0,0,0,0,0,0,0,0,0,0,0,0,0,0,0,0,0,0.00378787878787879,0,0,0,0,0,0,0,0,0,0,0,0,0,0,0,0,0,0,0,0,0,0,0,0,0,0,0,0,0,0,0,0,0,0,0,0,0,0,0,1,0,0,0,0,0,0,0,0,0,0,0,0,0,0,0,0,0,0.0212765957446809,0,0,0,0,0,0,0,0,0,0,0,0,0,0,0,0,0,0,0,0,0,0,0,0,0,0,0,0,0,0,0,0,0,0,0,0,0,0,0,0,0,0,0,0,0,0,0,0,0,0,0,0,0.00714285714285714,0
0,0,0.00367647058823529,0,0.00769230769230769,0,0,0,0,0,0,0,0,0,0,0.00888888888888889,0,0,0,0,0,0,0,0,0.00390625,0.0256410256410256,0,0.0142857142857143,0,0,0,0,0,0,0,0,0,0,0.0116279069767442,0,0,0,0,0,0,0,0,0,0,0,0,0,0,0,0.008,0,0,0,0,0,0,0,0,0,0,0,0,0,0,0,0.00851063829787234,0,0,0,0,0,0,0,0.0425531914893617,0,0,0,0,0,0,0,0,0,0,0,0,0,0,0,0,0,0,0,0,0,0,0,0,0,0,0,0,0,0,0,0,0,0,0,0,0,0,0,0,0,0,0,0,0,0,0,0,0.0147058823529412,0,0,0,0.01,0,0,0,0,0,0,0,0,0.0333333333333333,0.00961538461538462,0,0,0,0,0,0,0,0,0,0,0,0,0,0,0,0,0,0,0,0,0,0,0,0,0,0,0,0,0,0.0317460317460317,0,0,0,0,0.00404858299595142,0,0,0,0,0,0,0,0,0,0,0.00869565217391304,0,0,0,0,0,0,0,0,0,0,0,0,0,0,0,0,0,0,0,0,0,0,0,0,0,0,0,0,0,0,0,0,0,0,0,0,0,0,0,0,0.00641025641025641,0.0147058823529412,0,0,0.0158730158730159,0,0,0,0,0,0,0,0,0,0,0,0,0,0.00769230769230769,0,0,0,0,0,0,0,0,0,0,0,0,0,0,0,0,0,0,0.03125,0,0,0,0,0,0,0,0,0,0,0,0,0,0,0,0,0,0,0,0,0,0,0,0,0,0,0,0,0,0,0,0,0,0,0,0,0,0,0,0,0,0,0,0,0,0,0,0,0
0,0,0,0,0,0,0,0,0,0,0,0,0,0,0,0,0,0,0,0,0,0,0,0,0,0,0,0,0,0,0,0,0,0,0,0,0,0.0119047619047619,0,0,0.0666666666666667,0,0,0,0,0,0,0,0,0,0,0,0.00719424460431655,0,0,0,0,0,0,0,0,0.00775193798449612,0,0,0,0,0,0,0,0,0,0,0,0.0133333333333333,0,0,0,0,0,0,0,0,0,0.00490196078431373,0,0,0,0.0120481927710843,0,0,0,0,0,0.0121951219512195,0.0136986301369863,0.0714285714285714,0,0,0,0,0,0,0,0,0,0,0,0,0,0,0,0,0,0,0,0,0,0,0,0,0,0,0.0138888888888889,0,0.00943396226415094,0,0,0,0,0,0,0,0,0,0,0,0,0,0,0,0,0,0,0,0,0,0,0,0,0,0,0,0,0,0.00826446280991736,0,0,0,0,0,0,0,0,0,0.0138888888888889,0,0,0,0,0,0,0,0,0,0,0,0,0,0,0,0,0,0.0294117647058824,0,0,0,0,0,0,0,0,0,0,0,0,0,0,0,0,0,0,0.00900900900900901,0.00749063670411985,0,0,0,0,0,0,0,0,0,0,0,0,0,0,0,0,0,0,0,0,0,0,0,0,0,0,0.0161290322580645,0,0,0,0,0,0,0,0,0,0,0,0,0,0,0,0,0,0,0,0,0,0,0,0,0,0,0.0526315789473684,0,0,0,0,0,0,0,0,0,0,0,0,0,0,0,0,0,0,0,0,0,0,0,0.0151515151515152,0,0,0,0,0,0,0,0,0,0,0,0,0,0,0,0,0,0,0,0,0,0,0,0,0,0,0,0,0,0,0,0.025,0.013986013986014,0
0,0,0.00555555555555556,0,0,0,0,0,0,0,0,0,0,0,0,0.00958466453674121,0,0,0,0,0,0,0,0.019047619047619,0.00289855072463768,0,0.0166112956810631,0.00628930817610063,0.016,0,0,0,0,0,0,0,0,0.0285714285714286,0.0154440154440154,0,0.00909090909090909,0,0,0,0,0,0,0,0.00704225352112676,0,0,0,0.0538116591928251,0.00847457627118644,0.00168918918918919,0,0,0,0,0.024390243902439,0.0165289256198347,0.0321100917431193,0,0,0,0,0,0,0,0,0.00617283950617284,0,0,0.212765957446809,0,0,0,0,0.016304347826087,0,0,0,0,0.0344827586206897,0,0,0.0128205128205128,0.119148936170213,0,0,0,0,0.0072992700729927,0.0348837209302326,0.0628930817610063,0,0,0,0.00970873786407767,0.010840108401084,0,0,0,0,0,0.0181818181818182,0,0.00980392156862745,0,0,0,0,0,0.0078740157480315,0,0,0,0,0,0.0142857142857143,0,0,0.0306748466257669,0,0.0466321243523316,0,0,0.00636942675159236,0,0,0,0.0106382978723404,0.036697247706422,0,0,0,0,0.0364963503649635,0,0,0,0.0374331550802139,0.033112582781457,0,0.00961538461538462,0,0,0,0,0,0,0.0787878787878788,0.0208333333333333,0,0.0742574257425743,0.00854700854700855,0,0,0,0,0,0,0,0.0583941605839416,0.0181818181818182,0.00854700854700855,0.0206185567010309,0,0,0.0196078431372549,0.0048780487804878,0,0,0,0,0,0.00597014925373134,0,0,0,0,0,0.0317460317460317,0.0443037974683544,0.0362694300518135,0,0.0234375,0.025,0,0,0,0,0.00961538461538462,0.00952380952380952,0,0,0,0,0,0,0,0.0924657534246575,0.0801186943620178,0,0,0,0,0.00980392156862745,0,0,0,0.00934579439252336,0,0.0342465753424658,0,0,0,0,0,0,0,0,0,0,0,0.00952380952380952,0.0495049504950495,0.016260162601626,0.041343669250646,0.0128205128205128,0,0.0275229357798165,0,0,0,0,0,0,0,0.0301204819277108,0,0,0,0,0,0.00546448087431694,0,0,0.00833333333333333,0,0,0.0596026490066225,0,0,0,0.00840336134453781,0.0176991150442478,0,0.00909090909090909,0.00980392156862745,0.0425531914893617,0,0.00900900900900901,0,0.00943396226415094,0.0166666666666667,0,0.0168067226890756,0.0181818181818182,0,0.0185185185185185,0.00970873786407767,0,0.0109289617486339,0.00757575757575758,0.0277777777777778,0,0,0,0,0.0223214285714286,0.00980392156862745,0,0,0,0,0,0,0,0,0,0,0,0,0,0,0,0,0,0,0,0,0.00892857142857143,0,0.00840336134453781,0,0,0,0,0.031496062992126,0,0,0.0381679389312977,0.0212765957446809,0
0,0.0357142857142857,0.00704225352112676,0,0.0285714285714286,0,0,0,0,0,0,0,0,0,0,0.00840336134453781,0,0,0,0,0,0,0,0,0.00746268656716418,0,0.0087719298245614,0.024390243902439,0,0,0,0,0,0,0,0,0,0.00970873786407767,0.016304347826087,0,0,0,0,0,0,0,0,0,0,0,0,0,0,0,0.0177165354330709,0,0,0,0,0,0,0.00675675675675676,0,0,0,0,0,0,0,0,0.00806451612903226,0,0,0,0,0,0,0,0.018348623853211,0,0,0,0,0.00448430493273543,0,0,0,0.0108108108108108,0,0,0,0,0,0.0408163265306122,0,0,0,0,0,0.0171232876712329,0,0,0,0,0,0,0,0,0,0,0,0,0.0078740157480315,0,0,0,0,0,0,0.0153846153846154,0,0,0,0,0.024390243902439,0,0,0.0123456790123457,0,0,0,0.027027027027027,0,0,0,0,0,0,0,0,0.0135135135135135,0.0260869565217391,0.0126582278481013,0,0,0,0,0,0,0,0,0,0,0,0.00714285714285714,0,0,0,0,0,0,0,0,0,0,0,0,0,0,0,0.015625,0.012987012987013,0,0,0,0,0.0116279069767442,0,0,0,0,0,0,0,0.0163934426229508,0,0,0,0,0,0,0,0,0,0,0,0,0,0,0,0,0.00413223140495868,0.0140845070422535,0,0,0,0,0,0,0,0,0,0,0,0,0,0,0,0,0,0,0,0,0,0,0,0,0.0208333333333333,0.00306748466257669,0.0123456790123457,0,0,0,0,0,0,0,0,0,0,0,0,0,0,0,0.0188679245283019,0.0140845070422535,0,0.0465116279069767,0,0,0,0,0,0,0,0,0,0,0,0,0,0,0,0,0,0,0,0,0,0,0,0,0,0,0,0,0,0,0,0.00657894736842105,0,0,0,0,0,0,0,0,0,0,0,0,0,0,0,0,0,0,0,0,0,0,0,0,0,0,0,0,0,0,0,0,0.00613496932515337,0
0,0,0,0,0,0,0,0,0,0,0,0,0.00297619047619048,0,0,0,0,0,0,0,0,0.00543478260869565,0,0,0,0,0,0,0,0.00917431192660551,0.0512820512820513,0,0,0,0,0,0,0,0,0,0,0.00617283950617284,0,0,0.00609756097560976,0,0,0,0,0.016260162601626,0,0,0,0,0,0,0,0,0,0,0,0,0,0,0.01,0,0,0.0140845070422535,0,0.00909090909090909,0,0,0,0,0,0,0.0285714285714286,0,0,0,0,0,0.0122699386503067,0,0,0,0,0,0.0222222222222222,0,0.0149253731343284,0.0476190476190476,0,0,0,0,0.0163934426229508,0.179487179487179,0,0,0,0,0,0,0,0,0,0,0,0,0,0,0,0,0,0,0,0,0,0,0,0.0166666666666667,0,0,0,0,0,0,0,0,0,0,0,0,0,0,0,0,0,0,0,0,0,0,0,0,0,0,0,0,0,0,0,0,0,0,0,0.032258064516129,0,0.00862068965517241,0.00418410041841004,0,0,0,0,0,0,0,0,0,0,0,0,0,0,0.04,0,0,0,0.0285714285714286,0,0,0,0,0,0,0,0,0.00518134715025907,0,0,0,0,0,0,0,0,0,0.00344827586206897,0,0.00550964187327824,0,0,0,0,0.0115606936416185,0,0,0.00364963503649635,0,0,0,0,0,0,0,0.0114942528735632,0,0,0.00704225352112676,0,0,0,0,0,0,0,0,0,0,0,0,0,0,0,0,0,0,0.0158730158730159,0,0,0.0123456790123457,0,0,0.0294117647058824,0,0,0,0,0,0,0,0,0,0,0,0,0,0,0,0,0,0,0,0,0,0,0,0,0,0,0,0,0,0,0,0,0,0,0,0,0,0,0,0,0,0,0,0,0,0,0,0,0,0,0,0,0,0,0,0.0125523012552301,0,0,0,0,0.00680272108843537,0.0149253731343284,0,0,0,0,0,0,0,0
0,0,0,0,0,0,0,0,0.0144927536231884,0,0,0,0,0,0,0,0,0,0,0,0,0,0.00862068965517241,0,0,0,0,0,0,0.0112359550561798,0,0,0,0,0,0,0,0,0,0,0,0,0,0,0.00694444444444444,0,0,0.010989010989011,0,0,0,0,0,0,0,0,0,0,0,0,0,0,0,0,0,0,0,0,0,0,0,0,0,0,0,0,0,0,0,0,0,0,0,0,0,0,0,0,0,0,0,0,0,0,0,0,0,0,0,0,0,0,0,0,0,0,0,0,0,0,0,0,0,0,0,0,0,0,0,0,0,0,0,0,0,0,0,0,0,0,0,0,0,0,0,0,0,0,0,0,0,0,0,0,0,0,0,0.025,0,0,0,0,0,0,0,0,0,0,0,0,0,0,0,0,0,0,0,0,0,0,0,0,0,0,0,0,0,0,0,0,0,0,0,0,0,0,0,0,0,0,0,0,0,0,0,0,0,0,0.0037037037037037,0,0,0,0,0,0,0,0,0,0,0,0,0,0,0,0,0,0,0,0,0,0,0,0,0,0,0,0,0,0,0,0,0,0,0,0,0,0,0,0,0,0,0.0163934426229508,0,0,0,0,0,0,0,0,0,0,0,0,0,0,0,0,0,0,0,0,0,0,0,0,0,0,0,0,0,0,0,0,0,0,0,0,0,0,0,0,0,0,0,0,0,0,0,0,0,0,0,0,0,0,0,0,0,0,0,0,0,0,0,0,0,0,0,0,0,0,0,0,0
0,0,0,0,0,0,0,0,0.0144927536231884,0,0,0,0,0,0,0,0,0,0,0,0,0,0,0,0,0,0,0,0,0,0,0,0,0,0,0,0,0,0,0,0,0,0,0,0,0,0,0,0,0,0,0,0,0,0,0,0,0,0,0,0,0,0,0,0,0,0,0,0,0,0,0,0,0,0,0,0,0,0,0,0,0,0,0,0,0,0,0,0,0,0,0,0,0,0,0,0,0,0,0,0,0,0.0277777777777778,0,0,0,0,0,0,0,0,0,0,0,0,0,0,0,0,0,0,0,0,0,0,0,0,0,0,0,0,0,0,0,0,0,0,0,0,0,0,0,0,0,0,0,0,0,0,0,0,0,0,0,0,0,0,0,0,0,0,0,0,0,0,0,0,0,0,0,0,0,0,0,0,0,0,0,0,0,0,0,0,0,0,0,0,0,0,0,0,0,0,0,0,0,0,0,0,0,0,0,0,0,0,0,0,0,0,0,0,0,0,0,0,0,0,0,0,0,0,0,0,0,0,0,0,0,0,0,0,0,0,0,0,0,0,0,0,0,0,0,0,0,0,0,0,0,0,0,0,0,0,0,0,0,0,0,0,0,0,0,0,0,0,0,0,0,0,0,0,0,0,0,0,0,0,0,0,0,0,0,0,0,0,0,0,0,0,0,0,0,0,0,0,0,0,0,0,0,0,0,0,0,0,0,0,0,0,0,0,0,0,0,0
0,0,0,0,0,0,0,0,0,0,0,0.00793650793650794,0.00315457413249211,0,0,0,0,0,0,0,0,0,0,0,0,0,0,0,0,0,0,0,0,0,0,0,0,0,0,0,0,0.00699300699300699,0,0,0,0,0,0,0,0,0,0,0,0,0,0,0,0,0,0,0,0,0,0,0.025,0,0.0175438596491228,0,0,0.010989010989011,0,0,0,0,0,0,0,0,0,0,0,0,0,0,0,0,0,0,0,0,0,0,0,0,0,0,0,0,0,0,0,0,0,0,0,0,0,0,0,0,0,0,0,0,0,0,0,0,0,0,0,0,0,0,0,0,0,0,0,0,0,0,0,0.00980392156862745,0,0,0,0,0,0,0,0,0,0,0,0,0,0,0,0,0,0,0,0.0128205128205128,0,0,0,0,0,0,0,0,0,0,0,0,0,0,0,0,0,0,0,0,0,0,0,0,0,0,0,0,0,0,0,0,0,0,0,0,0,0,0,0,0,0,0,0,0,0,0.00289855072463768,0,0,0,0,0,0,0,0,0,0,0,0,0,0,0,0,0,0,0,0,0,0,0,0,0,0,0,0,0,0,0,0,0,0,0,0,0,0,0,0,0,0,0,0,0,0,0,0,0,0,0,0,0,0,0,0,0,0,0,0,0,0,0,0,0,0,0,0,0,0,0,0,0,0,0,0,0,0,0,0,0,0,0,0,0,0,0,0,0,0,0,0,0,0,0,0,0,0,0,0,0,0,0,0,0,0.0173913043478261,0,0,0,0,0,0,0,0
0,0,0,0,0,0,0.00537634408602151,0.0138888888888889,0,0,0,0.00680272108843537,0.0149700598802395,0.0227272727272727,0,0,0,0,0,0,0.00714285714285714,0,0,0,0,0,0,0,0,0,0.0238095238095238,0,0,0,0,0.0196078431372549,0,0,0,0,0,0.0122699386503067,0,0,0.0121212121212121,0,0,0,0,0.00793650793650794,0,0,0,0,0,0,0,0,0,0,0,0,0,0,0.0198019801980198,0.027027027027027,0.0128205128205128,0.020979020979021,0,0.00892857142857143,0,0,0,0,0,0,0,0,0,0.0120481927710843,0,0,0.0182926829268293,0,0,0,0,0,0.0212765957446809,0,0,0,0,0,0,0,0.0491803278688525,0,0,0,0,0.024390243902439,0,0,0,0,0,0,0,0,0,0,0,0,0,0,0,0,0,0,0,0,0,0,0,0,0,0,0,0,0,0,0,0.0247933884297521,0,0,0,0,0,0,0,0,0,0,0,0,0,0,0,0,0.00602409638554217,0,0,0,0,0,0.0212765957446809,0.0303030303030303,0,0.00847457627118644,0.00833333333333333,0,0,0,0,0,0,0,0,0,0,0,0,0,0,0,0,0,0,0,0,0,0,0,0,0,0,0,0,0,0.00662251655629139,0,0,0,0.0225563909774436,0.027027027027027,0,0,0.00687285223367698,0.0217391304347826,0.0222841225626741,0,0,0,0.0120481927710843,0.00568181818181818,0,0,0.0109489051094891,0.0176991150442478,0,0,0,0,0.0303030303030303,0,0.00564971751412429,0,0,0.00694444444444444,0.04,0,0,0,0,0,0,0,0,0,0,0,0,0,0,0,0,0,0,0,0,0.0120481927710843,0,0,0,0,0,0,0,0,0,0,0,0,0,0,0,0,0,0,0,0,0,0,0,0,0,0,0,0,0,0,0,0.00952380952380952,0,0,0,0,0,0,0,0,0,0,0,0,0,0,0,0,0,0,0,0,0,0,0,0,0,0,0.012448132780083,0,0,0,0,0.00671140939597315,0.0222222222222222,0,0,0,0.0101010101010101,0,0,0,0
0,0,0,0.0212765957446809,0.00636942675159236,0,0,0,0,0,0,0,0,0,0,0.016,0,0,0,0,0,0,0,0,0.00353356890459364,0,0.00411522633744856,0.0208333333333333,0.0317460317460317,0.0078125,0,0,0,0,0,0,0,0.0350877192982456,0.0100502512562814,0,0,0,0,0,0,0,0,0,0.0253164556962025,0,0,0,0.0297619047619048,0,0.00759013282732448,0,0,0,0,0.0192307692307692,0,0.0448717948717949,0,0,0,0,0,0,0,0,0,0,0,0.00925925925925926,0.0238095238095238,0,0,0.0131578947368421,0,0,0,0,0,0.0347826086956522,0,0,0,0.0414507772020725,0,0,0,0,0,0,0.0388349514563107,0,0,0,0,0,0,0,0,0,0,0,0,0,0,0,0,0,0.0142857142857143,0.0153846153846154,0,0,0,0,0,0,0,0,0.0192307692307692,0,0,0,0,0,0,0,0,0.0158730158730159,0,0,0,0,0,0,0,0,0.0113636363636364,0.03125,0.010752688172043,0,0,0,0,0,0,0,0,0.0357142857142857,0.0493827160493827,0,0.0197368421052632,0.0181818181818182,0,0,0,0,0,0,0,0,0,0,0.00740740740740741,0,0,0,0.0140845070422535,0,0,0.0212765957446809,0,0,0.00732600732600733,0,0,0,0,0,0,0,0.037593984962406,0,0.0615384615384615,0,0,0,0,0,0,0.0232558139534884,0,0,0,0,0,0,0,0.028,0.0307167235494881,0,0,0,0,0,0,0,0,0,0,0.0470588235294118,0,0,0.00515463917525773,0,0,0,0,0,0,0,0,0.0232558139534884,0.0344827586206897,0.0161290322580645,0.00887573964497041,0,0,0,0.0111111111111111,0,0,0,0,0,0,0.0283018867924528,0.024390243902439,0.0202020202020202,0,0,0,0.00826446280991736,0.0128205128205128,0,0,0,0,0.0103092783505155,0,0,0.024390243902439,0.0175438596491228,0,0,0.0208333333333333,0,0.0625,0,0.0204081632653061,0,0,0,0,0,0,0,0.0212765957446809,0,0,0,0,0,0,0.024390243902439,0,0.02,0.0121212121212121,0,0.024390243902439,0,0,0,0,0,0,0,0,0,0,0.024390243902439,0,0,0,0,0,0,0,0,0,0,0,0,0,0,0,0.0298507462686567,0,0,0.0277777777777778,0.00564971751412429,0
0,0,0,0,0,0,0,0,0,0,0,0,0,0,0,0.00467289719626168,0,0,0,0,0,0,0,0,0,0,0,0,0,0,0,0,0,0,0,0,0,0,0,0,0,0,0,0,0,0,0,0,0.024390243902439,0,0,0,0,0,0,0,0,0,0,0,0,0,0,0,0,0,0,0,0,0,0,0,0,0,0,0,0,0,0,0,0,0,0,0,0,0,0,0,0,0,0,0,0,0,0,0,0,0,0,0,0,0,0,0,0,0,0,0,0,0,0,0,0,0,0,0,0,0,0,0,0,0,0,0,0,0,0,0,0,0,0,0,0,0,0,0,0,0,0,0,0,0,0,0,0,0,0,0,0,0,0,0,0,0,0.00869565217391304,0,0,0,0,0,0,0,0,0,0,0,0,0,0,0,0,0,0,0,0,0,0,0,0,0,0,0,0,0,0,0,0,0,0,0,0,0,0,0,0,0,0,0,0,0,0,0,0,0,0,0,0,0,0,0,0,0,0,0,0,0,0,0,0,0,0,0,0,0,0,0,0,0,0,0,0,0,0,0,0,0,0,0,0,0,0,0,0,0,0,0,0.00847457627118644,0,0,0,0,0,0,0,0,0,0,0,0,0,0,0,0,0,0,0,0,0,0,0,0,0,0,0,0,0,0,0,0,0,0,0,0,0,0,0,0,0,0,0,0,0,0,0,0,0,0,0,0,0,0,0,0,0,0,0,0,0,0,0.0344827586206897,0,0,0,0.0072463768115942,0
0.0144927536231884,0,0,0,0,0,0.0149253731343284,0.0112359550561798,0,0,0,0.0443037974683544,0.0229885057471264,0.0333333333333333,0,0,0,0,0.0273972602739726,0.0227272727272727,0.0193548387096774,0,0,0,0,0,0,0,0,0.0078125,0.0526315789473684,0,0.0365853658536585,0,0,0.0359281437125748,0.0256410256410256,0,0,0,0,0.0167597765363128,0,0,0,0,0,0,0,0.0285714285714286,0,0,0,0,0,0,0,0.0140845070422535,0,0,0,0,0,0,0.0169491525423729,0.0185185185185185,0.032258064516129,0.0584415584415584,0,0.0317460317460317,0,0,0,0,0,0,0,0,0,0.01,0,0,0.0165745856353591,0,0,0,0,0,0.0317460317460317,0,0.0357142857142857,0,0,0,0,0,0.0384615384615385,0.0317460317460317,0,0,0.008,0,0,0,0,0,0,0,0.272727272727273,0,0,0,0,0,0.0166666666666667,0,0,0,0,0,0,0,0,0,0,0,0,0,0,0,0.02,0,0,0.0143884892086331,0,0.0153846153846154,0,0,0.0238095238095238,0,0,0,0,0,0,0,0,0,0,0,0.0165745856353591,0,0,0.0173913043478261,0,0,0.0317460317460317,0.02,0,0.0381679389312977,0.0401606425702811,0.0101010101010101,0,0,0,0,0,0,0,0,0,0,0,0,0,0.0227272727272727,0,0.0106382978723404,0,0,0,0,0,0,0,0,0,0,0.0240384615384615,0.0196078431372549,0.00595238095238095,0,0,0,0.0132450331125828,0,0,0.0172413793103448,0.0163934426229508,0,0.0350404312668464,0,0,0,0.0202020202020202,0.00518134715025907,0,0,0.0173010380622837,0.0232558139534884,0,0,0,0,0.02,0,0,0,0,0.0318471337579618,0,0,0,0,0,0,0,0,0,0,0,0,0,0,0.0338983050847458,0,0,0,0,0,0,0,0,0,0,0,0,0,0,0,0,0,0,0,0,0,0,0,0,0,0,0,0,0,0,0,0,0,0,0,0,0,0,0,0,0,0,0,0,0,0,0,0,0,0,0,0,0,0,0,0,0,0,0,0,0,0.0232558139534884,0,0,0,0.0235294117647059,0,0,0,0,0.0245398773006135,0.0130718954248366,0,0,0,0,0.0247933884297521,0,0,0
0,0.0147058823529412,0.00307692307692308,0.0136986301369863,0.010989010989011,0,0,0,0,0,0,0,0,0,0,0.0144927536231884,0,0,0,0,0,0,0,0.0142857142857143,0.00649350649350649,0.021978021978022,0.0188679245283019,0.0163934426229508,0.0581395348837209,0,0,0,0,0,0,0,0,0.0359712230215827,0.00442477876106195,0,0,0,0,0,0,0,0,0,0.019047619047619,0,0,0.0218978102189781,0.0101522842639594,0.0246913580246914,0.0182815356489945,0,0,0,0,0.03125,0.0116279069767442,0.05,0.0147058823529412,0,0,0,0,0,0,0,0.0104529616724739,0,0,0.0305343511450382,0.0147058823529412,0,0,0,0.0134228187919463,0,0,0,0,0.0153846153846154,0,0.0138888888888889,0.00826446280991736,0.0271493212669683,0,0,0,0,0,0.0142857142857143,0,0,0,0,0,0.0243161094224924,0,0,0,0,0,0.0133333333333333,0,0,0,0,0,0.0138888888888889,0.0306748466257669,0,0,0,0,0,0,0.0192307692307692,0,0,0,0,0.0246913580246914,0,0,0.00826446280991736,0,0,0,0.0198675496688742,0.0266666666666667,0,0,0,0,0.0392156862745098,0,0,0.036036036036036,0.025974025974026,0.0526315789473684,0.0151515151515152,0,0,0,0,0,0,0,0.0289855072463768,0.0471698113207547,0,0.0342857142857143,0.0512820512820513,0,0,0,0,0,0,0,0.0283018867924528,0.0645161290322581,0,0.0318471337579618,0,0,0,0.0559006211180124,0.00854700854700855,0,0,0,0,0.0203389830508475,0,0,0,0,0,0.010752688172043,0.032,0.0314465408805031,0,0.0326086956521739,0.0304878048780488,0,0,0,0,0,0,0,0,0.0212765957446809,0,0,0,0,0.0481481481481481,0.0445859872611465,0,0,0,0,0,0,0,0,0,0,0.0176991150442478,0,0,0,0,0,0,0,0,0,0,0,0,0.0352941176470588,0,0.0251396648044693,0.0252100840336134,0,0,0,0.0123456790123457,0,0,0,0,0,0.0546875,0,0,0,0,0,0.0206896551724138,0.00546448087431694,0,0.0240963855421687,0,0.0151515151515152,0.0420168067226891,0,0,0,0.037037037037037,0.0128205128205128,0,0.0273972602739726,0,0.018348623853211,0.0149253731343284,0,0,0,0.0117647058823529,0,0.0119047619047619,0.027027027027027,0,0,0,0.0128205128205128,0.00675675675675676,0.0104166666666667,0.0135135135135135,0.0151515151515152,0,0,0,0.00520833333333333,0,0,0,0,0,0,0,0,0.0149253731343284,0,0,0,0,0,0,0,0.0147058823529412,0,0,0,0,0,0,0,0,0,0,0,0.021505376344086,0,0,0.0204081632653061,0.02,0
0,0,0,0,0,0,0,0,0,0,0,0,0,0,0,0,0,0,0,0,0,0,0,0,0,0,0,0,0,0,0,0,0,0,0,0,0,0,0,0,0,0,0,0,0,0,0,0,0,0,0,0,0,0,0.00203665987780041,0,0,0,0,0,0,0,0,0,0,0,0,0,0,0,0,0,0,0.0144927536231884,0,0,0,0,0,0,0,0,0,0,0,0,0,0,0,0,0,0,0,0,0,0,0,0,0,0,0,0,0,0,0,0.1,0,0,0,0,0,0,0,0,0,0,0,0,0,0,0,0,0,0,0,0,0,0,0,0,0,0,0,0,0,0,0,0,0,0,0,0,0,0,0,0,0,0,0,0,0,0,0.0222222222222222,0,0.00869565217391304,0,0,0,0,0,0,0,0,0,0.0151515151515152,0,0,0,0,0,0,0,0,0,0,0,0.00425531914893617,0,0,0,0,0,0.0357142857142857,0,0,0,0,0,0,0,0,0,0,0,0,0,0,0,0,0,0,0,0,0,0,0,0,0,0,0,0,0,0,0,0,0,0,0,0,0,0,0,0,0,0,0,0,0,0,0,0,0,0,0,0,0,0,0,0,0,0,0,0,0,0,0,0,0,0,0,0,0,0,0,0,0,0,0,0,0,0,0,0,0,0,0,0,0,0,0,0,0,0,0,0,0,0,0,0,0,0,0,0,0,0,0,0,0,0,0,0,0,0,0,0,0,0,0,0,0,0,0,0,0,0.0555555555555556,0,0,0,0,0,0,0,0,0,0
0,0,0.0112359550561798,0.0188679245283019,0.0283018867924528,0,0,0,0,0,0,0,0,0,0,0.0261437908496732,0,0,0,0,0,0,0,0.00961538461538462,0.0177514792899408,0,0.037542662116041,0.0193548387096774,0.00806451612903226,0,0,0,0,0,0,0.00431034482758621,0,0.0532544378698225,0.0275590551181102,0,0.0186915887850467,0,0,0,0,0,0,0,0.00714285714285714,0,0,0.0116279069767442,0.0309734513274336,0,0.0350262697022767,0,0,0,0,0.0184049079754601,0,0.0420560747663551,0.00980392156862745,0,0,0,0,0,0,0,0.0285714285714286,0,0,0.069620253164557,0,0,0,0,0.00543478260869565,0,0,0,0,0.0530035335689046,0,0,0.0263157894736842,0.0566801619433198,0,0,0,0,0,0.0173410404624277,0.0182926829268293,0,0,0,0,0.0192307692307692,0,0,0,0,0,0,0,0,0,0,0,0.00943396226415094,0.0466321243523316,0.024390243902439,0,0,0,0,0,0,0,0,0.0246913580246914,0,0,0,0,0.0263157894736842,0.01,0,0,0.0162162162162162,0.018348623853211,0,0,0,0,0.0526315789473684,0,0,0.00675675675675676,0.0158730158730159,0.0065359477124183,0.01,0,0,0.01,0,0,0,0,0.0292397660818713,0.0211267605633803,0,0.075,0,0,0,0,0,0,0,0,0.0141843971631206,0.0184049079754601,0,0.037037037037037,0,0,0,0.0355329949238579,0.0133333333333333,0,0,0,0,0.0213414634146341,0,0,0,0,0.00943396226415094,0.024,0.0382165605095541,0.0366492146596859,0,0.0078125,0.0304568527918782,0,0.00900900900900901,0,0,0.00980392156862745,0,0,0,0.0317460317460317,0,0,0,0,0.0496688741721854,0.0741839762611276,0,0,0,0,0,0,0,0,0.00952380952380952,0,0.0275862068965517,0,0,0,0,0,0,0,0,0,0,0,0,0.0194174757281553,0,0.0126262626262626,0.04,0,0.00917431192660551,0,0,0,0,0,0,0,0.0304878048780488,0,0,0,0,0,0.0167597765363128,0.00925925925925926,0,0,0.00970873786407767,0.01,0.0821917808219178,0,0,0,0.0172413793103448,0.00892857142857143,0,0.00925925925925926,0,0.0357142857142857,0,0.0185185185185185,0.0099009900990099,0,0.00840336134453781,0,0.0170940170940171,0.00917431192660551,0,0,0.0099009900990099,0.0149812734082397,0.0280898876404494,0.031496062992126,0,0,0,0,0.00909090909090909,0.0460829493087558,0,0,0,0.00952380952380952,0,0,0.00719424460431655,0,0,0.01,0,0,0,0.01,0,0,0,0,0,0,0,0.00909090909090909,0,0.00854700854700855,0,0,0,0,0.015748031496063,0,0,0.0229007633587786,0.0672645739910314,0
0,0,0,0,0,0,0,0,0,0,0,0,0,0,0,0,0,0,0,0,0,0,0,0,0,0,0,0,0,0,0,0,0,0,0,0,0,0,0,0,0,0,0,0,0,0,0,0,0,0,0,0,0,0,0,0,0,0,0,0,0,0,0,0,0,0,0,0,0,0,0,0,0,0,0,0,0,0,0,0,0,0,0,0,0,0,0,0,0,0,0,0,0,0,0,0,0,0,0,0,0,0,0,0,0,0,0,0,0,0,0,0,0,0,0,0,0,0,0,0,0,0,0,0,0,0,0,0,0,0,0,0,0,0,0,0,0,0,0,0,0,0,0,0,0,0,0,0,0,0,0,0,0,0,0,0,0,0,0,0,0,0,0,0,0,0,0,0,0,0,0,0,0,0,0,0,0,0,0,0,0,0,0,0,0,0,0,0,0,0,0,0,0,0,0,0,0,0,0,0,0,0,0,0,0,0,0,0,0,0,0,0,0,0,0,0,0,0,0,0,0,0,0,0,0,0,0,0,0,0,0,0,0,0,0,0,0,0,0,0,0,0.0163934426229508,0,0,0,0,0,0,0,0,0,0,0,0,0,0,0,0,0,0,0,0,0,0,0,0,0,0,0,0,0,0,0,0,0,0,0,0,0,0,0,0,0,0,0,0,0,0,0,0,0,0,0,0,0,0,0,0,0,0,0,0,0,0,0,0,0,0,0,0,0,0,0,0,0
0,0,0,0,0,0,0,0,0,0,0,0,0,0,0,0,0,0,0,0,0,0,0,0,0,0,0,0,0,0,0,0,0,0,0,0,0,0,0,0,0,0,0,0,0,0,0,0,0,0,0,0,0,0,0,0,0,0,0,0,0,0,0,0,0,0,0,0,0,0,0,0,0,0,0,0,0,0,0,0,0,0,0,0,0,0,0,0,0,0,0,0,0,0,0,0,0,0,0,0,0,0,0,0,0,0,0,0,0,0,0,0,0,0,0,0,0,0,0,0,0,0,0,0,0,0,0,0,0,0,0,0,0,0,0,0,0,0,0,0,0,0,0,0,0,0,0,0,0,0,0,0,0,0,0,0,0,0,0,0,0,0,0,0,0,0,0,0,0,0,0,0,0,0,0,0,0,0,0,0,0,0,0,0,0,0,0,0,0,0,0,0,0,0,0,0,0,0,0,0,0,0,0,0,0,0,0,0,0,0,0,0,0,0,0,0,0,0,0,0,0,0,0,0,0,0,0,0,0,0,0,0,0,0,0,0,0,0,0,0,0,0,0,0,0,0,0,0,0,0,0,0,0,0,0,0,0,0,0,0,0,0,0,0,0,0,0,0,0,0,0,0,0,0,0,0,0,0,0,0,0,0,0,0,0,0,0,0,0,0,0,0,0,0,0,0,0,0,0,0,0,0,0,0,0,0,0,0,0,0,0,0,0,0,0
0,0,0.0226537216828479,0,0.029585798816568,0,0,0,0,0,0,0,0,0,0,0.0227272727272727,0,0,0,0,0,0,0,0,0.0101010101010101,0.0246913580246914,0.00386100386100386,0.0458715596330275,0,0,0,0,0,0,0,0,0,0.0075187969924812,0.00930232558139535,0,0,0,0,0,0,0,0,0,0.0319148936170213,0,0,0.04,0.0161290322580645,0,0.0399239543726236,0,0,0,0,0,0,0.00561797752808989,0,0,0,0,0,0,0,0,0.0606060606060606,0,0,0.016260162601626,0,0,0,0,0.0291970802919708,0,0,0,0,0.00793650793650794,0,0,0.0181818181818182,0.00930232558139535,0,0,0,0,0.0697674418604651,0.0153846153846154,0,0.0158730158730159,0,0,0,0.0514469453376206,0,0,0,0,0,0.0153846153846154,0,0,0,0,0.0147058823529412,0,0.00636942675159236,0.0123456790123457,0,0,0,0,0,0,0,0,0.00826446280991736,0,0.0263157894736842,0,0,0,0,0,0,0.0285714285714286,0.0151515151515152,0,0,0,0,0,0,0,0.0194174757281553,0.034965034965035,0.00917431192660551,0,0,0,0,0,0,0,0,0,0,0,0.00588235294117647,0,0,0,0,0,0,0,0,0,0,0,0.00662251655629139,0,0,0,0.0457516339869281,0.0693069306930693,0,0,0,0,0.0139372822299652,0,0,0,0,0.0161290322580645,0.0120481927710843,0,0.0335570469798658,0,0,0.00632911392405063,0,0,0,0,0,0,0,0,0.0117647058823529,0,0,0,0,0.00367647058823529,0,0,0,0,0,0,0,0,0,0,0,0,0,0,0,0,0,0,0,0,0,0,0,0,0,0,0.00563380281690141,0,0.0169491525423729,0,0,0,0,0,0,0,0,0.00806451612903226,0,0,0,0,0,0.0147058823529412,0.0116279069767442,0,0.0135135135135135,0,0,0,0,0,0,0,0,0,0,0,0.01,0,0,0,0,0.0133333333333333,0,0,0,0,0,0,0.00442477876106195,0,0,0,0,0,0,0.0151515151515152,0.00549450549450549,0,0,0,0,0,0,0,0,0,0,0,0,0,0,0,0,0,0,0,0,0,0.0151515151515152,0,0,0,0,0,0,0,0,0,0.0112359550561798,0.00518134715025907,0
0,0,0,0,0,0,0,0,0,0,0,0,0,0,0,0,0,0,0,0,0,0,0,0,0,0,0,0,0,0,0,0,0,0,0,0,0,0,0,0,0,0,0,0,0,0,0,0,0,0,0,0,0,0,0,0,0,0,0,0,0,0,0,0,0,0,0,0,0,0,0,0,0,0,0,0,0,0,0,0,0,0,0,0,0,0,0,0,0,0,0,0,0,0,0,0,0,0,0,0,0,0,0,0,0,0,0,0,0,0,0,0,0,0,0,0,0,0,0,0,0,0,0,0,0.01,0,0,0,0,0,0,0,0,0,0,0,0,0,0,0,0,0,0,0,0,0,0,0,0,0,0,0,0,0,0,0,0,0,0,0,0,0,0,0,0,0,0.0104166666666667,0,0,0,0,0,0,0,0,0,0,0,0,0,0,0,0,0,0,0,0,0,0,0,0,0,0,0,0,0,0,0,0,0,0,0,0,0,0,0,0,0,0,0,0,0,0,0,0,0,0,0,0,0,0,0,0,0,0,0,0,0,0,0,0,0,0,0,0,0,0,0,0,0,0,0,0,0,0,0,0,0,0,0,0,0.0172413793103448,0,0,0,0,0,0,0,0,0,0,0,0,0,0,0,0,0,0,0,0,0,0,0,0,0,0,0,0,0,0,0,0,0,0,0,0,0,0,0,0,0,0,0,0,0,0,0,0,0,0,0,0,0,0,0,0,0,0,0,0,0,0,0
0,0,0,0,0,0,0,0,0.0144927536231884,0,0,0,0,0,0,0,0,0,0,0,0,0,0,0,0,0,0,0,0,0,0,0,0,0,0,0,0,0,0,0,0,0,0,0,0,0,0,0,0,0,0,0,0,0,0,0,0,0,0,0,0,0,0,0,0,0,0,0,0,0,0,0,0,0,0,0,0,0,0,0,0,0,0,0,0,0,0,0,0,0,0,0,0,0,0,0,0,0,0,0,0,0,0,0,0,0,0,0,0,0,0,0,0,0,0,0,0,0,0,0,0,0,0,0,0,0,0,0,0,0,0,0,0,0,0,0,0,0,0,0,0,0,0,0,0,0,0,0.025,0,0,0,0,0,0,0,0,0,0,0,0,0,0,0,0,0,0,0,0,0,0,0,0,0,0,0,0,0,0,0,0,0,0,0,0,0,0,0,0,0,0,0,0,0,0,0,0,0,0,0,0,0,0,0,0,0,0,0,0,0,0,0,0,0,0,0,0,0,0,0,0,0,0,0,0,0,0,0,0,0,0,0,0,0,0,0,0,0,0,0,0,0,0,0,0,0,0,0,0,0,0,0,0,0,0,0,0,0,0,0,0,0,0,0,0,0,0,0,0,0,0,0,0,0,0,0,0,0,0,0,0,0,0,0,0,0,0,0,0,0,0,0,0,0,0,0,0,0,0,0,0,0,0,0,0,0,0,0,0,0,0,0,0,0,0,0
0,0,0,0,0,0,0,0,0,0,0,0,0.0123839009287926,0,0,0,0,0,0.0222222222222222,0,0.0078125,0,0,0,0,0,0,0,0,0,0.0689655172413793,0,0.037037037037037,0,0,0.0140845070422535,0.0111111111111111,0,0,0,0,0.0132450331125828,0,0,0,0,0,0,0,0,0,0,0,0,0,0,0,0,0,0,0,0,0,0,0,0.04,0.0151515151515152,0,0,0.0202020202020202,0,0,0.0384615384615385,0,0,0,0,0,0,0.0140845070422535,0,0,0,0,0,0,0,0,0.0285714285714286,0,0,0,0,0,0,0,0.0196078431372549,0.0285714285714286,0,0,0,0,0,0.0434782608695652,0,0,0,0,0,0,0,0,0,0,0,0,0,0,0,0,0,0.02,0,0,0,0,0,0,0,0,0,0,0,0.00900900900900901,0,0.0277777777777778,0,0,0,0.0909090909090909,0,0,0,0,0,0,0,0,0,0,0.00649350649350649,0,0,0,0,0,0,0,0,0.0288461538461538,0.0087719298245614,0.0289855072463768,0,0,0,0,0,0,0,0,0,0,0,0,0,0,0,0,0,0,0,0,0,0,0,0,0,0,0,0,0.00719424460431655,0,0,0,0.0163934426229508,0,0,0,0.00357142857142857,0,0.0056657223796034,0,0,0,0.0140845070422535,0,0,0,0.00378787878787879,0.0198019801980198,0,0,0,0,0,0,0,0,0,0.0230769230769231,0,0,0,0,0,0,0,0,0,0,0,0,0,0,0,0,0,0,0,0,0,0,0,0,0,0,0,0,0,0,0,0,0,0,0,0,0,0,0,0,0,0,0,0,0,0,0,0,0,0,0,0,0,0,0,0,0,0,0,0,0,0,0,0,0,0,0,0,0,0,0,0,0,0,0,0,0,0,0,0,0,0,0,0,0,0.0222222222222222,0,0.0303030303030303,0,0,0,0,0,0,0
0,0,0.0235294117647059,0,0.0510204081632653,0,0,0,0,0,0,0,0,0,0,0.0272108843537415,0,0,0,0,0,0,0,0,0.0184049079754601,0.0087719298245614,0.0138888888888889,0.00689655172413793,0.00892857142857143,0,0,0,0,0,0,0,0,0,0.0246913580246914,0,0,0,0,0,0,0,0,0,0.0078125,0,0,0.0253164556962025,0.00454545454545455,0,0.035778175313059,0,0,0,0,0,0,0.0144230769230769,0,0,0,0,0,0,0,0,0.0263157894736842,0,0,0.0194805194805195,0,0,0,0,0.0297619047619048,0,0,0,0,0.0177935943060498,0,0,0.0285714285714286,0,0,0,0,0,0.00813008130081301,0.025,0,0.0105263157894737,0,0,0,0.0345821325648415,0,0,0,0,0,0.0103092783505155,0,0,0,0,0.01,0,0.0106382978723404,0.027027027027027,0,0,0,0,0,0.0158730158730159,0,0,0.0198675496688742,0,0.0162162162162162,0,0,0.0285714285714286,0,0,0,0,0.0102040816326531,0,0,0,0,0,0,0,0.0873015873015873,0.0344827586206897,0.0142857142857143,0,0,0,0,0,0,0,0,0,0,0,0.00495049504950495,0.00970873786407767,0,0,0,0,0,0,0,0,0.0131578947368421,0,0,0,0,0,0.0158730158730159,0.0144927536231884,0,0,0,0,0.0221518987341772,0,0,0,0,0.0106382978723404,0,0,0.0276243093922652,0,0.00862068965517241,0.00526315789473684,0,0,0,0,0,0,0,0,0,0,0,0,0,0.00328947368421053,0.00574712643678161,0,0,0,0,0,0,0,0,0,0,0.0148148148148148,0,0.0113636363636364,0,0,0,0,0,0,0,0,0,0,0.0102040816326531,0.00909090909090909,0.0077720207253886,0.00699300699300699,0,0,0,0,0,0,0,0,0,0,0.0112359550561798,0,0,0,0,0.00591715976331361,0.0351758793969849,0,0,0,0,0,0,0,0,0,0,0,0,0,0.0152671755725191,0,0,0,0.0108695652173913,0,0,0,0,0,0.0105263157894737,0,0.00778210116731518,0.0118343195266272,0,0,0,0,0,0,0,0,0,0,0,0,0,0,0,0,0,0,0,0,0,0,0,0,0,0,0,0,0,0,0,0,0,0,0,0,0,0,0.00826446280991736,0.00444444444444444,0
0,0,0,0,0,0,0,0,0,0,0,0,0,0,0,0,0,0,0,0,0,0,0,0.0666666666666667,0.00393700787401575,0,0,0,0,0,0,0,0,0,0,0,0,0.0113636363636364,0,0,0,0,0,0,0,0,0,0,0.0196078431372549,0,0,0,0.00699300699300699,0,0,0,0,0,0,0.0131578947368421,0,0.0075187969924812,0,0,0,0,0,0,0,0,0,0,0,0.0256410256410256,0,0,0,0,0,0,0,0,0,0.0145631067961165,0,0,0,0.00584795321637427,0,0,0,0,0,0,0,0,0,0,0,0,0,0,0,0,0,0,0,0.0909090909090909,0,0,0,0,0.036697247706422,0,0,0,0,0,0,0,0,0,0.0266666666666667,0,0.018348623853211,0,0,0.0151515151515152,0,0,0,0.0102040816326531,0,0,0,0,0,0,0,0,0,0.00980392156862745,0.0833333333333333,0,0,0,0,0,0,0,0,0.0116279069767442,0,0,0.0161290322580645,0,0,0,0,0,0,0,0,0,0,0,0,0,0,0,0,0,0,0,0,0,0.00819672131147541,0,0,0,0,0,0,0.0136986301369863,0.0186915887850467,0,0,0,0,0,0,0,0,0,0,0,0,0,0,0,0,0.00884955752212389,0.0111111111111111,0,0,0,0.0909090909090909,0,0,0,0,0,0,0,0,0,0,0,0,0,0,0,0,0,0,0,0,0.0303030303030303,0.00645161290322581,0,0,0.05,0,0,0,0,0,0,0,0,0,0,0,0,0,0.0108695652173913,0,0,0,0,0,0,0,0,0,0,0,0,0,0,0.0181818181818182,0.0833333333333333,0,0,0,0,0,0,0,0,0,0,0.0111111111111111,0.010752688172043,0,0,0,0,0,0,0,0,0,0,0,0,0,0,0,0,0,0,0,0,0,0,0,0,0,0,0,0,0,0,0,0,0,0,0,0,0,0,0.0465116279069767,0,0
0.0234375,0,0,0,0,0.00943396226415094,0.0557768924302789,0,0,0,0,0.0134529147982063,0.0583756345177665,0,0,0,0,0,0.0149253731343284,0,0.0478468899521531,0,0,0,0,0,0,0,0,0.00529100529100529,0.00833333333333333,0,0.020979020979021,0,0,0.0588235294117647,0.0168539325842697,0,0,0,0,0.0384615384615385,0,0,0,0,0,0,0,0.025,0,0,0,0,0,0,0,0.0152671755725191,0,0,0,0,0,0,0.0402298850574713,0,0.0466666666666667,0.0467289719626168,0,0.0494505494505494,0,0.00943396226415094,0,0,0,0,0,0,0,0.0657894736842105,0,0,0.0251046025104603,0,0,0,0,0,0.0161290322580645,0,0.0206896551724138,0,0,0,0,0,0.0289855072463768,0,0,0,0.00537634408602151,0.00840336134453781,0,0,0,0,0,0,0.00862068965517241,0,0,0,0,0,0,0,0,0.00980392156862745,0.0247933884297521,0,0,0.0143884892086331,0,0,0,0,0,0,0,0,0.00900900900900901,0,0,0,0,0.016,0,0,0,0,0,0,0,0,0,0,0,0,0,0,0.0425531914893617,0,0,0.0289017341040462,0,0,0.024390243902439,0,0,0.0591397849462366,0.0355987055016181,0.0254777070063694,0,0,0,0,0,0,0,0,0,0,0,0,0,0,0,0.0540540540540541,0,0,0,0,0,0,0,0,0,0,0.0378787878787879,0.00892857142857143,0.036036036036036,0,0,0,0.014218009478673,0,0,0.00561797752808989,0.0450704225352113,0.00806451612903226,0.0595238095238095,0,0,0,0.0188679245283019,0.0282258064516129,0,0,0.0260115606936416,0.0211640211640212,0,0,0,0,0,0,0,0,0,0.0136363636363636,0.00970873786407767,0.0169491525423729,0,0,0,0,0,0,0,0,0,0,0,0,0,0,0,0,0,0,0,0,0,0,0,0,0,0,0,0,0,0,0,0,0,0,0,0,0,0,0,0,0,0,0,0,0,0,0,0,0,0,0,0.00546448087431694,0,0,0,0,0,0,0,0,0,0,0,0,0,0,0,0,0,0,0,0,0,0,0,0,0,0,0.0287539936102236,0,0,0,0,0.0555555555555556,0.0434782608695652,0.0163934426229508,0.00934579439252336,0,0,0.0109289617486339,0,0,0.00884955752212389
0.0645161290322581,0,0,0,0,0,0.00602409638554217,0,0,0,0,0.0078740157480315,0,0,0,0,0,0,0.027027027027027,0,0,0,0,0,0,0,0,0,0,0,0,0,0,0,0,0,0,0,0,0,0,0,0,0,0,0,0,0,0,0.019047619047619,0,0,0,0,0,0,0,0,0,0,0,0,0,0,0,0.0588235294117647,0,0,0,0,0,0,0,0,0,0,0,0,0,0,0,0,0,0,0,0,0,0,0,0,0,0,0,0,0,0,0,0,0,0,0,0,0,0,0,0,0,0,0,0,0,0,0,0,0,0,0,0,0,0,0,0,0,0,0,0,0,0,0,0,0,0,0,0,0,0,0,0,0,0,0,0,0,0,0,0,0,0,0,0,0,0,0,0,0,0,0,0,0,0,0,0,0,0,0,0,0,0,0,0,0,0,0,0,0,0,0,0,0,0,0,0,0,0,0,0,0,0,0.00571428571428571,0,0.0153846153846154,0,0,0,0,0,0,0,0.00367647058823529,0,0,0,0,0,0,0,0,0,0,0,0,0,0,0,0,0,0,0,0,0,0,0,0,0,0,0,0,0,0,0,0,0,0,0,0,0,0,0,0,0,0,0,0,0,0,0,0,0,0,0,0,0,0,0,0,0,0,0,0,0,0,0,0,0,0,0,0,0,0,0,0,0,0,0,0,0,0,0,0,0,0,0,0,0,0,0,0,0,0,0,0,0,0,0,0,0,0,0,0,0,0,0,0,0,0,0.015625,0.00854700854700855,0,0,0,0,0,0,0,0
0,0,0,0,0,0,0,0,0,0,0,0.0134228187919463,0.00884955752212389,0,0,0,0,0,0,0.0333333333333333,0.00699300699300699,0.00529100529100529,0.00709219858156028,0,0,0,0,0,0,0.0087719298245614,0.0222222222222222,0,0.0142857142857143,0,0,0.06,0.0392156862745098,0,0,0,0,0.05,0,0,0,0,0,0,0,0.0236220472440945,0,0,0,0,0,0.0285714285714286,0,0.0545454545454545,0,0,0,0,0,0,0.0192307692307692,0,0,0.0136054421768707,0,0.00869565217391304,0,0,0,0,0,0,0,0,0,0.0116279069767442,0,0.00819672131147541,0,0,0,0,0,0,0,0,0.0138888888888889,0,0,0,0,0,0.0151515151515152,0,0,0,0,0,0,0.114285714285714,0,0,0,0,0.024390243902439,0,0,0,0,0,0,0,0,0,0,0,0,0.0153846153846154,0,0,0,0,0,0,0,0,0.0277777777777778,0,0,0.016,0,0,0,0,0,0,0,0,0,0,0,0,0,0,0.032258064516129,0,0,0,0,0.00980392156862745,0,0,0.02,0,0,0.00826446280991736,0.0208333333333333,0.0117647058823529,0,0,0,0,0,0.0476190476190476,0,0,0,0,0,0,0,0,0,0,0,0.0512820512820513,0,0,0,0,0,0,0,0,0.00505050505050505,0,0.0130718954248366,0,0,0,0.0220588235294118,0.025,0,0.00970873786407767,0.0136986301369863,0,0.0136986301369863,0,0,0,0.0235294117647059,0.00558659217877095,0,0,0.00719424460431655,0.0260869565217391,0,0,0,0,0,0,0,0,0,0.0206896551724138,0,0,0,0,0,0,0,0,0,0,0,0,0,0,0,0,0,0,0,0,0,0.0116279069767442,0,0,0,0,0,0,0,0,0,0,0,0,0,0,0,0,0,0,0,0,0,0,0,0,0,0,0,0,0,0,0,0,0,0,0,0,0,0,0,0,0,0,0,0,0,0,0,0,0,0,0,0,0,0,0,0,0.03125,0,0.0122950819672131,0,0,0,0,0.00657894736842105,0.00714285714285714,0,0,0,0.0198019801980198,0,0,0,0
0,0,0,0,0,0,0,0,0,0,0,0,0,0,0,0,0,0,0,0,0,0.00606060606060606,0,0,0,0,0,0,0,0,0,0,0,0,0,0,0,0,0,0.0128205128205128,0,0,0,0,0,0,0,0.0108695652173913,0,0,0,0,0,0,0,0,0,0,0,0,0,0,0,0,0,0,0,0,0,0,0,0,0,0,0,0,0,0,0,0,0,0.0102040816326531,0,0,0,0,0,0,0,0,0,0,0,0,0,0,0,0,0,0,0,0,0,0,0,0,0,0,0,0,0,0,0,0,0,0,0,0,0,0,0,0,0,0,0,0,0,0,0,0,0,0,0,0,0,0,0,0,0,0,0,0,0,0,0,0,0,0,0,0,0,0,0,0,0,0,0,0,0,0,0,0,0,0,0,0,0,0,0,0,0,0,0,0,0,0,0,0,0,0,0,0,0,0,0,0,0,0,0,0,0,0,0,0,0,0,0,0,0,0,0,0,0,0,0,0,0,0,0,0,0,0,0,0,0,0,0,0,0,0,0,0,0,0,0,0,0,0,0,0,0,0,0,0,0,0,0,0,0,0,0,0,0,0,0,0,0,0,0,0,0,0,0,0,0,0,0,0,0,0,0,0,0,0,0,0,0,0,0,0,0,0,0,0,0,0,0,0,0,0,0,0,0,0,0,0,0,0,0,0,0,0,0,0,0,0,0,0,0,0,0,0,0,0,0,0,0,0,0,0,0,0,0,0,0
0,0.0238095238095238,0,0.0212765957446809,0.0128205128205128,0,0,0,0,0,0,0,0,0,0,0.00793650793650794,0,0,0,0,0,0,0,0,0.00353356890459364,0.0307692307692308,0.012448132780083,0.0208333333333333,0.0317460317460317,0,0,0,0,0,0,0,0,0.0350877192982456,0.0100502512562814,0,0,0,0,0,0,0,0,0,0,0,0,0.00884955752212389,0.0176470588235294,0.0178571428571429,0.00950570342205323,0,0,0,0,0.00952380952380952,0.0166666666666667,0.01875,0,0,0,0,0,0,0,0,0,0,0,0.0186915887850467,0,0,0,0,0,0,0,0,0,0.00847457627118644,0,0,0,0.0151515151515152,0,0,0,0,0,0,0.0388349514563107,0,0,0,0,0,0,0,0,0,0,0,0,0,0,0,0,0,0.0364963503649635,0,0,0,0,0,0,0,0,0,0.0392156862745098,0,0.0526315789473684,0,0,0,0,0,0,0,0,0,0,0,0,0,0,0,0,0.0153846153846154,0.010752688172043,0,0,0,0,0,0,0,0,0.045045045045045,0.0240963855421687,0,0.0130718954248366,0,0,0,0,0,0,0,0,0.0246913580246914,0.0192307692307692,0,0.00740740740740741,0,0,0,0,0,0,0,0,0,0.0110294117647059,0,0,0,0.0196078431372549,0,0.0149253731343284,0.0198019801980198,0,0,0.15,0.0141843971631206,0,0.0196078431372549,0,0,0,0,0,0,0.0144927536231884,0,0,0,0,0.0362903225806452,0.0413793103448276,0,0,0,0,0,0,0,0,0,0,0.0113636363636364,0,0,0,0,0,0,0,0,0,0,0,0,0,0.0161290322580645,0.00294117647058824,0.0105263157894737,0,0.0204081632653061,0.0111111111111111,0,0,0,0,0,0,0.0186915887850467,0,0,0,0,0,0,0.00636942675159236,0,0.0172413793103448,0.0232558139534884,0,0.0208333333333333,0,0,0,0,0,0,0.0208333333333333,0,0.0240963855421687,0,0,0,0,0,0,0.0350877192982456,0,0,0,0,0.00476190476190476,0.0165289256198347,0,0,0,0,0,0,0.0245398773006135,0,0,0,0,0,0,0,0,0,0,0,0,0,0,0,0,0,0,0,0,0,0,0,0,0,0,0,0,0.0454545454545455,0,0,0.0571428571428571,0.0229885057471264,0
0,0,0,0,0,0,0,0,0,0,0,0.0078740157480315,0,0,0,0,0,0,0,0,0,0.00602409638554217,0.00847457627118644,0,0,0,0,0,0,0,0,0,0,0,0,0.00740740740740741,0,0,0,0,0,0,0,0,0.00684931506849315,0,0,0,0,0,0,0,0,0,0,0,0,0,0.04,0,0,0,0,0,0,0,0.0172413793103448,0,0,0,0,0,0,0,0,0,0,0,0,0.0158730158730159,0,0.0101010101010101,0,0,0,0,0,0,0.037037037037037,0,0.0204081632653061,0,0,0,0,0,0,0,0,0,0.0113636363636364,0,0,0,0,0,0,0,0,0,0,0,0,0,0,0,0,0,0,0,0,0.0238095238095238,0,0,0,0,0,0,0,0,0,0,0,0,0,0,0,0,0,0,0,0,0,0,0,0,0,0,0,0,0,0,0,0,0,0,0,0,0,0,0,0,0,0,0,0,0,0,0,0,0,0,0,0,0,0,0,0.0175438596491228,0,0,0,0,0,0,0,0,0,0,0.00571428571428571,0,0,0,0,0,0,0,0,0,0,0,0.00289017341040462,0,0,0,0,0,0,0,0,0,0,0,0,0,0,0,0,0,0,0,0,0,0,0,0,0,0,0,0,0,0,0,0,0,0,0,0,0,0,0,0,0,0,0,0,0,0,0,0,0,0,0,0,0,0,0,0,0,0,0,0,0,0,0,0,0,0,0,0,0,0,0,0,0,0,0,0,0,0,0,0,0,0,0,0,0,0,0,0,0,0,0,0,0,0,0,0,0,0,0.0303030303030303,0.00448430493273543,0,0,0,0,0,0,0,0,0,0.0126582278481013,0,0,0,0
0,0,0,0,0,0,0,0,0,0,0,0,0.00316455696202532,0,0,0,0,0,0,0,0,0,0,0,0,0,0,0,0,0,0.05,0,0,0,0,0,0,0,0,0,0,0,0,0,0,0,0,0,0,0,0,0,0,0,0,0,0,0,0,0,0,0,0,0,0,0,0,0,0,0,0,0,0.0625,0,0,0,0,0,0,0,0,0,0,0,0,0,0,0,0,0,0,0,0,0,0,0,0,0,0,0,0,0,0,0,0,0,0,0,0,0,0,0,0,0,0,0,0,0,0,0,0,0,0,0,0,0,0,0,0,0,0.0909090909090909,0,0,0,0,0,0,0,0,0,0,0,0,0,0,0,0,0,0,0,0,0,0,0,0,0,0,0,0,0.0104166666666667,0,0,0,0,0,0,0,0,0,0,0,0,0,0,0,0,0,0,0,0,0,0,0,0,0,0,0,0,0,0,0,0,0,0,0,0,0,0,0,0,0,0,0,0,0,0,0,0,0,0.0108695652173913,0,0,0,0,0,0,0,0,0,0.00819672131147541,0,0,0,0,0,0,0,0,0,0,0,0,0,0,0,0,0,0,0,0,0,0,0,0,0,0,0,0,0,0,0,0,0,0,0,0,0,0,0,0,0,0,0,0,0,0,0,0,0,0,0,0,0,0,0,0,0,0,0,0,0,0,0,0,0,0,0,0,0,0,0,0,0,0,0,0,0,0,0,0,0,0,0,0,0,0,0,0,0,0,0,0,0,0,0
0,0,0.0164473684210526,0,0.0308641975308642,0,0,0,0,0,0,0,0,0,0,0.0154440154440154,0,0,0,0,0,0,0,0,0.0280701754385965,0.0133333333333333,0.00796812749003984,0.019047619047619,0,0,0,0,0,0,0,0,0,0,0.00961538461538462,0,0,0,0,0,0,0,0,0,0.0112359550561798,0,0,0.025,0,0,0.0227272727272727,0,0,0,0,0,0,0,0,0,0,0,0,0,0,0,0.0263157894736842,0,0,0,0,0,0,0,0.0806451612903226,0,0,0,0,0.0164609053497942,0,0.0181818181818182,0.0194174757281553,0,0,0,0,0,0.0240963855421687,0.00806451612903226,0,0.0178571428571429,0,0,0,0.0289389067524116,0,0,0,0,0,0.0350877192982456,0,0,0,0,0.0333333333333333,0,0,0.0135135135135135,0,0,0,0,0,0.0113636363636364,0,0,0.036036036036036,0,0.00675675675675676,0,0,0.0194174757281553,0,0,0,0.0873015873015873,0,0,0,0,0,0,0,0,0,0.0217391304347826,0,0,0,0,0,0,0,0,0,0.00806451612903226,0,0,0,0.0317460317460317,0,0,0,0,0,0,0,0,0.0087719298245614,0,0.0211267605633803,0,0,0,0.02,0.0412371134020619,0,0,0,0,0.0215827338129496,0,0,0,0.0166666666666667,0.0181818181818182,0.0131578947368421,0,0.0137931034482759,0,0,0.00662251655629139,0,0,0,0,0,0,0,0,0,0,0,0,0,0,0,0,0,0,0,0,0,0,0,0,0,0.0315789473684211,0,0,0,0,0,0,0,0,0,0,0,0,0.0127388535031847,0.0140845070422535,0.0144927536231884,0.00961538461538462,0,0,0,0,0,0,0,0,0,0.00854700854700855,0,0,0,0,0,0.0155038759689922,0.0245398773006135,0,0,0,0,0,0,0,0,0,0,0,0,0,0,0,0,0,0,0.0147058823529412,0,0,0,0,0,0,0,0.0232558139534884,0,0,0,0,0,0,0.00571428571428571,0,0,0,0,0,0,0,0,0,0,0,0,0,0,0,0,0,0,0,0,0,0,0,0,0,0,0,0,0,0,0,0,0.0108108108108108,0
0,0,0.0383480825958702,0,0.05,0,0,0,0,0,0,0,0,0,0.0108695652173913,0.0372881355932203,0,0,0,0,0,0,0,0,0.0306748466257669,0.0170940170940171,0.0313588850174216,0.0273972602739726,0,0,0,0,0,0,0,0,0,0.0429447852760736,0.0411522633744856,0,0,0,0,0,0,0,0,0,0.047244094488189,0,0,0.0246913580246914,0.0135135135135135,0.00925925925925926,0.0448028673835125,0,0,0,0,0.0128205128205128,0.00892857142857143,0.0238095238095238,0,0,0,0,0,0,0,0,0.0226537216828479,0,0,0.0522875816993464,0.0106382978723404,0,0,0,0.0473372781065089,0,0,0,0,0.0469314079422383,0,0.0102040816326531,0.0277777777777778,0.0201612903225806,0,0,0,0,0.0666666666666667,0.0434782608695652,0.0127388535031847,0.0101010101010101,0,0,0,0.0521739130434783,0,0,0,0,0,0.0099009900990099,0,0,0,0,0.00961538461538462,0,0.0374331550802139,0.0260869565217391,0,0,0,0,0,0.03125,0,0,0.025974025974026,0,0.0158730158730159,0,0,0.034965034965035,0,0,0,0.0344827586206897,0.00980392156862745,0,0,0,0,0.0153846153846154,0,0,0.0217391304347826,0,0.020979020979021,0,0,0,0,0,0,0,0,0.024390243902439,0.0148148148148148,0,0.0247524752475248,0,0,0,0,0,0,0,0,0,0.0326797385620915,0.00934579439252336,0.032967032967033,0,0,0,0.0652173913043478,0.0434782608695652,0,0.0101010101010101,0,0,0.0480769230769231,0,0,0,0.0196078431372549,0.0102040816326531,0.00840336134453781,0.00649350649350649,0.0497237569060773,0,0.0254237288135593,0.015625,0,0,0,0,0,0,0,0,0.00826446280991736,0,0,0,0,0.03,0.023121387283237,0,0,0,0,0,0,0,0,0,0,0.0143884892086331,0,0,0,0,0,0,0,0,0,0,0,0.0105263157894737,0.0202020202020202,0.0267857142857143,0.0261096605744125,0.0277777777777778,0,0.0099009900990099,0.036231884057971,0,0,0,0,0,0,0.0387096774193548,0,0,0,0,0,0.0235294117647059,0.0344827586206897,0,0.018348623853211,0,0,0.00671140939597315,0,0,0,0,0,0,0,0.0108695652173913,0.0300751879699248,0,0.0099009900990099,0.010752688172043,0.0104166666666667,0,0,0,0,0,0,0,0.0115384615384615,0.0115606936416185,0,0.01,0,0.010752688172043,0,0,0.0186046511627907,0,0,0,0,0,0,0,0,0,0,0,0,0.010752688172043,0,0,0,0,0,0,0,0,0,0,0,0,0,0,0,0.00833333333333333,0,0,0.008,0.031390134529148,0
0,0,0.00641025641025641,0.0163934426229508,0.00584795321637427,0,0,0,0,0,0,0,0,0,0,0.0075187969924812,0,0,0,0,0,0,0,0.0350877192982456,0.00675675675675676,0.0253164556962025,0.0117647058823529,0.0181818181818182,0.0394736842105263,0,0,0,0,0,0,0,0,0.0476190476190476,0,0,0,0,0,0,0,0,0,0,0.021505376344086,0,0,0,0.0331491712707182,0,0.00553505535055351,0,0,0,0,0.0434782608695652,0,0.0350877192982456,0,0,0,0,0,0,0,0,0.0036101083032491,0,0,0.0512820512820513,0,0,0,0,0.0145985401459854,0,0,0,0,0.0285714285714286,0,0,0.00917431192660551,0.0436893203883495,0,0,0,0,0,0.0317460317460317,0.0168067226890756,0.0163934426229508,0,0,0,0.0124610591900312,0,0,0,0,0,0,0,0.0185185185185185,0,0,0,0,0.033112582781457,0.0126582278481013,0,0,0,0,0,0.010752688172043,0,0,0.0526315789473684,0,0.0065359477124183,0,0,0.00917431192660551,0,0,0,0.0142857142857143,0.0833333333333333,0,0,0,0,0.010752688172043,0,0,0,0.020979020979021,0,0,0.0178571428571429,0,0,0,0,0,0,0.015625,0.03125,0,0.0304878048780488,0.0294117647058824,0,0,0,0,0,0,0,0.0210526315789474,0.0169491525423729,0.0144927536231884,0.0135135135135135,0,0,0,0.0193548387096774,0.00952380952380952,0,0,0,0,0.0104895104895105,0,0,0,0,0,0.0123456790123457,0.00862068965517241,0.0133333333333333,0,0.0121951219512195,0.0129032258064516,0,0,0,0,0,0,0,0,0.0120481927710843,0,0,0,0,0.0383141762452107,0.0463576158940397,0,0,0,0.0185185185185185,0,0,0,0,0,0,0.03,0,0,0,0,0,0,0,0,0,0,0,0,0.0379746835443038,0.0131578947368421,0.0289855072463768,0.00917431192660551,0,0,0.0194174757281553,0,0,0,0,0,0,0.00819672131147541,0,0,0,0,0,0.0303030303030303,0.00584795321637427,0,0,0,0,0.0275229357798165,0,0,0,0.0140845070422535,0,0,0.0327868852459016,0.0185185185185185,0.0421052631578947,0.0181818181818182,0.0158730158730159,0,0.0172413793103448,0,0,0.0138888888888889,0.0491803278688525,0,0,0,0.0135135135135135,0.0223880597014925,0,0.0161290322580645,0,0,0.0181818181818182,0.0317460317460317,0.0168539325842697,0,0,0,0.0169491525423729,0,0,0.0217391304347826,0,0,0,0,0,0,0,0,0,0,0,0,0,0,0,0,0,0,0,0,0,0.0121951219512195,0,0,0.0232558139534884,0.0158730158730159,0
0,0,0,0,0,0,0,0,0,0,0,0,0,0,0,0,0,0,0,0,0,0,0,0,0,0,0,0,0,0,0,0,0,0,0,0,0,0.0128205128205128,0,0,0,0,0,0,0,0,0,0,0,0,0,0,0,0,0,0,0,0,0,0,0,0.00813008130081301,0,0,0,0,0,0,0,0,0,0,0,0,0,0,0,0,0,0,0,0,0,0.00505050505050505,0,0,0,0,0,0,0,0,0,0,0,0,0,0,0,0,0,0,0,0,0,0,0,0,0,0,0,0,0,0,0,0,0,0,0,0,0,0,0.0151515151515152,0,0.01,0,0,0,0,0,0,0,0,0,0,0,0,0,0,0,0,0,0,0,0,0,0,0,0,0,0,0,0.0222222222222222,0,0.00869565217391304,0,0,0,0,0,0,0,0,0,0,0,0,0,0,0,0,0,0,0,0,0,0,0,0,0,0,0,0,0,0,0,0,0,0,0,0,0,0,0,0,0,0,0,0,0,0,0,0,0,0,0,0,0,0,0,0,0,0,0,0,0,0,0,0,0,0,0,0,0,0,0,0,0,0.00332225913621262,0,0,0,0,0,0,0,0,0,0,0,0,0,0,0,0,0,0,0,0,0,1,0,0,0,0,0,0,0,0,0,0,0,0,0,0,0,0,0,0,0,0,0,0,0,0,0,0,0,0,0,0,0,0,0,0,0,0,0,0,0,0,0,0,0,0,0,0,0,0,0,0,0,0,0,0,0,0,0,0,0,0,0,0,0,0
0,0,0,0,0,0,0,0,0,0,0.333333333333333,0,0,0,0,0,0,0,0,0,0,0,0,0,0,0,0,0,0,0,0,0,0,0,0,0,0,0,0,0,0,0,0,0,0,0,0,0,0,0,0,0,0.0149253731343284,0,0,0,0,0,0,0,0,0,0,0,0,0,0,0,0,0,0,0,0,0,0,0,0,0,0,0,0,0,0,0.005,0,0,0,0,0,0,0,0,0,0,0,0,0,0,0,0,0,0,0,0,0,0,0,0,0,0,0,0,0.00961538461538462,0,0,0,0,0,0,0,0,0,0,0,0,0,0,0,0,0,0,0,0,0,0,0,0,0,0,0,0,0,0.0178571428571429,0,0,0,0,0,0,0,0,0,0,0,0,0,0,0,0,0,0,0,0,0,0,0,0,0,0,0,0,0,0,0,0,0,0,0,0,0,0,0,0,0,0,0,0,0.00952380952380952,0,0,0,0,0,0,0,0,0.03125,0,0,0,0,0.0045662100456621,0.00378787878787879,0,0,0,0,0,0,0,0,0,0,0,0,0,0,0,0,0,0,0,0,0,0,0,0,0,0.0033003300330033,0,0,0,0,0,0,0,0,0,0,0,0,0,0,0,0,0,0,0,0,0,0,0,0,0,0,0,0,0,0,0,0,0,0,0,0,0,0,0,0,0,0.1,0,0,0,0,0,0,0,0,0,0.00775193798449612,0,0,0,0,0,0,0,0,0,0,0,0,0,0,0,0,0,0,0,0,0,0,0,0.05,0,0,0,0,0,0,0,0,0,0
0,0,0,0,0,0,0,0,0,0,0,0,0,0,0,0,0,0,0,0,0,0,0,0,0,0,0,0,0,0,0,0,0,0,0,0,0,0,0,0,0,0,0,0,0,0,0,0,0,0,0,0,0,0,0,0,0,0,0,0,0,0.00813008130081301,0,0,0,0,0,0,0,0,0,0,0,0,0,0,0,0,0,0,0,0,0,0,0,0,0,0,0,0,0,0,0,0,0,0,0,0,0,0,0,0,0,0,0,0,0,0,0,0,0,0,0,0,0,0,0,0,0,0,0,0,0,0,0,0,0,0,0,0,0,0,0,0,0,0,0,0,0,0,0,0,0,0,0,0,0,0,0,0,0,0,0,0,0,0,0,0,0,0,0,0,0,0,0,0,0,0,0,0,0,0,0,0,0,0,0,0,0,0,0,0,0,0,0,0,0,0.00970873786407767,0,0,0,0,0,0,0,0,0.0333333333333333,0,0,0,0,0,0,0,0,0,0,0,0,0,0,0,0,0,0,0,0,0,0,0,0,0,0,0,0,0,0,0,0,0,0,0,0,0,0,0,0,0,0,0,0,0,0,0,0,0,0,0,0,0,0,0,0,0,0,0,0,0,0,0,0,0,0,0,0,0,0,0,0,0,0,0,0,0,0,0,0,0,0,0,0.0078740157480315,0,0,0,0,0,0,0,0,0,0,0,0,0,0,0,0,0,0,0,0,0,0,0,0,0,0,0,0,0,0,0,0,0,0
0,0,0,0,0,0,0,0,0,0,0,0,0,0,0,0,0,0,0,0,0,0,0,0,0.00409836065573771,0,0,0.0172413793103448,0,0,0,0,0,0,0,0,0,0,0,0,0,0,0,0,0,0,0,0,0,0,0,0,0,0,0.00203665987780041,0,0,0,0,0,0,0,0,0,0,0,0,0,0,0,0,0,0,0,0,0,0,0,0,0,0,0,0,0,0,0,0,0,0,0,0,0,0,0,0,0,0,0,0,0,0,0,0,0,0,0,0,0,0,0,0,0,0,0,0,0,0,0,0,0,0,0,0,0,0.01,0,0,0,0,0,0,0,0,0,0,0,0,0,0,0,0,0,0,0,0,0,0,0,0,0,0,0,0,0,0,0,0,0,0,0,0,0,0,0,0,0,0,0,0,0,0,0,0,0,0,0,0,0,0,0,0,0,0,0,0,0,0,0,0,0,0,0,0,0,0,0,0,0,0,0,0,0.00460829493087558,0.00381679389312977,0,0,0,0,0,0,0,0,0,0,0,0,0,0,0,0,0,0,0,0,0,0,0,0.00909090909090909,0,0,0,0,0,0,0,0,0,0,0,0,0.0144927536231884,0,0,0,0,0,0,0,0,0,0,0,0,0,0,0,0.0555555555555556,0,0,0,0,0.0222222222222222,0,0.1,0,0,0,0,0,0,0,0,0,0,0,0,0,0,0,0,0,0.0078740157480315,0,0,0,0,0,0,0,0,0,0,0,0,0,0,0,0,0,0,0,0,0,0,0,0,0,0,0,0,0.0344827586206897,0,0,0,0,0
0,0,0,0,0,0,0,0,0.058252427184466,0,0,0,0,0,0,0,0,0.0508474576271186,0,0,0,0.02,0.04,0,0,0,0,0,0,0.0238095238095238,0,0,0,0,0,0,0,0,0,0.0103092783505155,0,0,0.0340909090909091,0,0.010989010989011,0,0,0.0155038759689922,0,0,0,0,0,0,0,0,0,0,0.0161290322580645,0,0,0,0,0,0,0,0,0,0,0,0,0,0,0,0,0.02,0.0377358490566038,0.0547945205479452,0,0,0,0.0458015267175573,0.00546448087431694,0,0,0,0,0,0,0,0,0,0,0,0,0,0,0,0,0,0,0,0,0,0,0,0,0,0,0,0,0,0,0,0,0.025,0,0,0,0,0,0,0,0,0,0,0,0,0,0.025,0,0,0,0,0,0,0,0,0,0,0,0,0,0,0,0,0,0,0,0,0,0,0,0.00862068965517241,0,0,0.015625,0,0,0,0,0,0.0161290322580645,0,0,0,0,0,0,0,0,0,0,0,0.0384615384615385,0,0,0,0,0,0,0,0,0,0,0,0,0,0,0,0,0,0,0,0,0.0185185185185185,0,0,0.00649350649350649,0,0,0,0,0,0,0,0,0,0.0208333333333333,0,0,0,0,0,0,0,0.0427807486631016,0,0,0,0,0.0350877192982456,0,0,0,0,0,0,0,0,0,0,0,0,0,0,0,0,0.0506329113924051,0,0,0.0202020202020202,0,0,0.0229885057471264,0,0,0,0,0,0,0.0103092783505155,0.0470588235294118,0,0,0,0,0,0,0,0,0,0,0,0,0,0,0,0,0,0,0,0,0,0,0,0,0,0,0,0,0,0,0,0,0,0,0,0,0,0,0,0,0,0,0,0,0,0,0.0441176470588235,0,0,0,0,0,0,0,0,0,0,0.0353982300884956,0,0,0,0
0,0,0,0,0,0,0,0,0.0135135135135135,0,0,0,0,0,0,0,0,0,0,0,0,0,0,0,0,0,0,0,0,0.021505376344086,0,0,0,0,0,0.0145985401459854,0.0117647058823529,0,0,0,0,0.00680272108843537,0,0,0.00671140939597315,0,0,0,0,0,0,0,0,0,0,0,0,0.027027027027027,0,0,0,0,0,0,0,0,0,0,0,0,0,0,0.0476190476190476,0,0,0,0,0,0,0,0,0,0,0,0,0,0,0,0,0,0,0,0,0,0,0,0,0,0,0,0.010989010989011,0,0,0,0,0,0,0,0,0,0,0,0,0,0,0,0,0,0,0,0,0,0,0,0,0,0,0,0,0,0,0,0,0,0,0.032258064516129,0,0,0,0,0,0,0,0,0,0,0,0,0,0,0,0.0123456790123457,0,0.0121951219512195,0.00833333333333333,0,0,0,0,0,0.00446428571428571,0,0,0,0,0,0,0,0,0,0,0,0,0,0,0,0,0,0,0,0,0,0,0,0,0,0,0,0.00561797752808989,0,0,0,0,0,0,0,0,0,0,0,0.00286532951289398,0,0,0,0,0,0,0,0.00386100386100386,0,0,0,0,0,0,0,0.00625,0,0,0.0078740157480315,0,0,0,0,0,0,0,0,0,0,0,0,0,0,0,0,0,0.166666666666667,0,0,0,0,0,0,0,0,0,0,0,0,0,0,0,0,0,0,0,0,0,0,0,0,0,0,0,0,0,0,0,0,0,0,0,0,0,0,0,0,0,0,0,0,0,0,0,0,0,0,0,0,0,0,0,0,0,0,0,0,0,0,0,0,0,0,0,0,0,0.0357142857142857,0,0,0.0121951219512195,0,0,0,0
0,0,0,0,0,0,0,0,0,0,0,0,0,0,0,0,0,0,0,0,0,0,0,0,0,0,0,0,0,0,0,0,0,0,0,0,0,0,0,0,0,0,0,0,0,0,0,0,0,0,0,0,0,0,0.00203665987780041,0,0,0,0,0,0,0,0,0,0,0,0,0,0,0,0,0,0,0,0,0,0,0,0,0,0,0,0,0,0,0,0,0,0,0,0,0,0,0,0,0,0,0,0,0,0,0,0,0,0,0,0,0,0,0,0,0,0,0,0,0,0,0,0,0,0,0,0,0,0,0,0,0,0,0,0,0,0,0,0,0,0,0,0,0,0,0,0,0,0,0,0,0,0,0,0,0,0,0,0,0,0,0,0,0,0,0,0,0,0,0,0,0,0,0,0,0,0,0,0,0,0,0,0,0,0,0,0,0,0.0102040816326531,0,0,0,0,0,0,0,0,0,0,0,0,0,0,0,0,0,0,0,0,0,0,0,0,0,0,0,0,0,0,0,0,0,0,0,0,0,0,0,0,0,0,0,0,0,0,0,0,0,0,0,0,0,0,0,0,0,0,0,0,0,0,0,0,0,0,0,0,0,0,0,0,0,0,0,0,0,0,0,0,0,0,0,0,0,0,0,0,0,0,0,0,0,0,0,0,0,0,0,0,0,0,0,0,0,0,0,0,0,0,0,0,0,0,0,0,0,0,0,0,0,0,0,0,0,0,0,0,0,0
0.029585798816568,0,0,0,0,0.00671140939597315,0.0405405405405405,0,0,0,0,0.0466926070038911,0.0772833723653396,0.0121951219512195,0,0,0,0,0.0228571428571429,0,0.224299065420561,0,0,0,0,0,0,0,0,0.00431034482758621,0.00613496932515337,0,0.0216216216216216,0,0,0.0452830188679245,0.032258064516129,0,0,0,0,0.025089605734767,0,0,0,0,0.00588235294117647,0,0,0.0508474576271186,0,0,0,0,0,0,0,0.0292397660818713,0,0,0,0,0,0.00694444444444444,0.0135746606334842,0,0.0309278350515464,0.0809716599190283,0,0.0446428571428571,0,0,0.00628930817610063,0,0,0,0,0,0,0.0199004975124378,0,0,0.0285714285714286,0,0,0,0,0,0.0119760479041916,0.00684931506849315,0.0213903743315508,0,0,0,0,0,0.0277777777777778,0.0119760479041916,0,0,0,0.00617283950617284,0,0,0,0,0,0,0.0191082802547771,0,0,0,0,0,0,0,0,0,0.00602409638554217,0,0,0.0165745856353591,0,0,0,0,0,0,0,0,0.00649350649350649,0,0,0.0425531914893617,0,0,0,0,0,0,0,0,0,0,0,0,0,0,0,0,0,0,0,0.0473933649289099,0,0,0.0119760479041916,0.00649350649350649,0,0.038961038961039,0.0739644970414201,0.0303030303030303,0,0,0,0,0,0.0062111801242236,0,0,0,0,0,0,0,0,0,0.0257731958762887,0,0,0,0,0,0,0,0,0,0,0.0292207792207792,0.012987012987013,0.06640625,0,0,0,0.0576131687242798,0,0,0.0277777777777778,0.0298507462686567,0.00598802395209581,0.0494623655913978,0,0,0.00694444444444444,0.0353535353535354,0.0456140350877193,0,0,0.0364583333333333,0.00854700854700855,0,0,0,0,0.00649350649350649,0,0,0,0,0.0230769230769231,0.00684931506849315,0,0,0,0,0,0,0,0,0,0,0,0,0,0.0122699386503067,0.00694444444444444,0,0,0,0,0,0,0,0,0,0,0,0,0,0,0,0,0,0,0,0,0,0,0,0,0,0,0,0,0,0,0,0,0,0,0,0,0,0,0,0,0,0,0,0,0,0,0,0,0,0,0,0,0,0,0,0,0,0,0,0,0,0,0,0,0.0579710144927536,0,0,0,0,0.0503875968992248,0.0318725099601594,0,0.00666666666666667,0,0,0.0224215246636771,0,0,0.0194805194805195
0,0,0,0,0.0210526315789474,0,0,0.008,0.013986013986014,0,0,0.005,0,0,0,0.013986013986014,0.0126582278481013,0,0,0,0,0.00418410041841004,0.0105263157894737,0,0.00628930817610063,0.0198019801980198,0.0181818181818182,0.0075187969924812,0.01,0,0,0,0,0,0,0,0,0.0476190476190476,0.00423728813559322,0.00869565217391304,0,0,0,0,0.0045662100456621,0,0,0.00602409638554217,0.0173913043478261,0,0,0,0.0346534653465347,0,0.0125,0,0,0,0,0.0364963503649635,0.0319148936170213,0.0418848167539267,0,0,0,0,0,0,0,0,0,0,0,0.0740740740740741,0,0,0,0,0.00625,0,0,0.0116959064327485,0,0.0185873605947955,0,0,0,0.0394736842105263,0,0,0,0,0,0.0410958904109589,0.0592592592592593,0,0,0,0.012987012987013,0,0.0062111801242236,0,0.00900900900900901,0,0,0,0,0,0,0,0,0,0.0787878787878788,0,0,0,0,0,0,0.0357142857142857,0,0,0.0289855072463768,0,0.0292397660818713,0,0,0,0,0,0,0,0.0116279069767442,0,0,0,0,0.045045045045045,0,0,0.00806451612903226,0.024390243902439,0.015625,0,0,0,0,0,0.0123456790123457,0,0,0,0.0900900900900901,0.00657894736842105,0.0730337078651685,0.010989010989011,0,0,0,0.00584795321637427,0,0,0.0102040816326531,0.0720720720720721,0.0215827338129496,0,0.036144578313253,0,0,0,0.00558659217877095,0,0,0,0,0,0.0230263157894737,0,0,0.0111111111111111,0.0232558139534884,0,0.0297029702970297,0.0373134328358209,0.0116279069767442,0,0.0396039603960396,0.0228571428571429,0,0,0,0,0,0,0,0,0,0,0.00289855072463768,0,0,0.0615942028985507,0.069620253164557,0,0,0,0,0.0131578947368421,0.00609756097560976,0,0,0,0,0.016260162601626,0,0,0.00434782608695652,0,0,0,0,0,0,0,0,0.038961038961039,0.021978021978022,0.0206185567010309,0.0272479564032698,0.0153846153846154,0,0.0238095238095238,0.00793650793650794,0.010989010989011,0,0,0,0,0,0.0357142857142857,0,0,0,0,0,0,0,0,0,0,0,0.046875,0.00806451612903226,0,0,0.0561797752808989,0.0348837209302326,0,0.0119047619047619,0,0.0521739130434783,0,0.0117647058823529,0,0,0.032258064516129,0,0.0326086956521739,0,0,0,0,0,0.0192307692307692,0.00943396226415094,0,0,0.012987012987013,0,0.0116279069767442,0.0357142857142857,0,0,0,0,0,0,0,0.0123456790123457,0,0,0,0,0.012987012987013,0,0,0,0.0128205128205128,0,0.019047619047619,0,0,0,0,0.0444444444444444,0,0,0,0,0.0294117647058824,0.00657894736842105,0.00628930817610063,0.0280373831775701,0.0239234449760766,0
0,0,0,0,0.0316455696202532,0,0,0,0,0,0,0,0,0,0,0.0196850393700787,0,0,0,0,0,0.00480769230769231,0.00625,0,0,0,0.0121951219512195,0.00980392156862745,0,0.0151515151515152,0,0,0,0,0,0,0,0.00819672131147541,0,0.0100502512562814,0,0,0,0,0.0106951871657754,0,0,0.00740740740740741,0.0117647058823529,0,0,0.00847457627118644,0.00564971751412429,0,0.00186915887850467,0,0,0,0,0.00909090909090909,0.0645161290322581,0.0306748466257669,0,0,0,0,0,0,0,0,0,0,0,0.0363636363636364,0,0,0,0,0,0,0,0.00709219858156028,0,0.00413223140495868,0,0,0,0.0248756218905473,0,0,0,0,0,0.0168067226890756,0.0181818181818182,0,0,0,0.0217391304347826,0,0,0,0,0,0,0.0185185185185185,0,0,0,0,0,0,0.0208333333333333,0,0,0,0,0,0,0.0493827160493827,0,0,0.0471698113207547,0.0222222222222222,0.0211267605633803,0,0,0,0,0,0,0,0,0,0,0,0,0.0240963855421687,0,0,0,0.0148148148148148,0.03125,0.0222222222222222,0,0,0,0,0,0,0,0.0900900900900901,0,0,0.0457516339869281,0,0,0,0,0.00714285714285714,0,0,0.0149253731343284,0,0.018348623853211,0,0.00714285714285714,0,0,0,0,0,0,0,0,0,0.0181818181818182,0,0,0,0.0363636363636364,0,0.0138888888888889,0.0188679245283019,0,0,0.0422535211267606,0.00680272108843537,0,0,0,0,0,0,0,0,0.0273972602739726,0,0,0,0,0.0274509803921569,0.0513698630136986,0,0,0.00505050505050505,0,0,0.00335570469798658,0,0,0,0,0.010752688172043,0,0,0,0,0,0,0,0,0,0,0,0.0208333333333333,0.0264900662251656,0,0.0176470588235294,0,0,0.0185185185185185,0,0,0,0,0,0,0,0.00884955752212389,0,0.00952380952380952,0,0,0,0,0.00617283950617284,0,0,0,0.0222222222222222,0.0510204081632653,0,0,0,0,0,0,0,0,0.0588235294117647,0,0.0185185185185185,0,0,0,0,0,0,0,0,0,0.00465116279069767,0.0078740157480315,0,0,0,0,0,0,0.00584795321637427,0,0,0,0,0,0,0,0,0,0,0,0,0,0,0,0,0.0212765957446809,0,0,0,0,0,0,0.0161290322580645,0,0,0,0,0.0136986301369863,0.00826446280991736,0,0.0128205128205128,0,0
0.019047619047619,0,0,0,0,0.0375,0.0211864406779661,0,0.00689655172413793,0,0,0.0253807106598985,0.0234375,0.0102040816326531,0,0,0.0125,0,0.00900900900900901,0,0.0372340425531915,0.00836820083682008,0.0104712041884817,0,0,0,0,0,0,0,0.0104166666666667,0,0.0338983050847458,0,0,0.0344827586206897,0.0261437908496732,0,0,0.00431034482758621,0,0.037914691943128,0,0,0,0,0.0196078431372549,0,0,0.0342857142857143,0.0120481927710843,0,0,0,0,0,0,0.0283018867924528,0,0,0,0,0,0,0.0194805194805195,0,0.0230769230769231,0.0309278350515464,0,0.0308641975308642,0,0,0.0108695652173913,0,0,0.0114942528735632,0,0,0,0.0072992700729927,0,0.00578034682080925,0.0231481481481481,0,0,0,0,0,0.0408163265306122,0.0126582278481013,0,0,0,0,0,0,0.0260869565217391,0,0,0,0.0124223602484472,0.0105263157894737,0.00892857142857143,0.0112359550561798,0.0126582278481013,0,0,0,0,0,0,0,0,0,0,0,0,0.0128205128205128,0,0,0,0.0173913043478261,0,0,0,0,0,0,0,0,0,0,0,0.0289017341040462,0,0.00980392156862745,0,0,0,0,0,0,0,0,0,0,0,0.00862068965517241,0.0121951219512195,0,0.0473933649289099,0.00657894736842105,0,0,0.00523560209424084,0,0.02,0.0476190476190476,0,0.0297619047619048,0.0242214532871972,0.0148148148148148,0,0,0,0,0,0.0106382978723404,0,0,0,0,0,0,0,0,0,0.00763358778625954,0,0,0,0,0,0,0,0,0,0,0.0288065843621399,0,0.0351758793969849,0,0,0,0.0674157303370786,0.0222222222222222,0,0.0264900662251656,0.0451807228915663,0.0202020202020202,0.0369458128078818,0,0,0,0.0222222222222222,0.0266666666666667,0,0,0.034375,0.0242424242424242,0,0,0,0,0,0,0.00869565217391304,0,0,0.0257731958762887,0,0,0,0.010752688172043,0,0,0,0,0,0,0,0,0,0,0,0,0,0,0,0,0,0,0,0,0.008,0,0,0.0117647058823529,0,0,0,0,0.008,0,0,0,0,0,0,0,0,0,0,0,0,0,0,0,0,0,0,0,0,0,0,0,0,0,0,0,0,0,0,0,0,0,0,0,0,0,0,0,0,0,0,0,0.0125,0,0,0,0.0205479452054795,0,0,0,0,0.0408163265306122,0.0158730158730159,0.0101010101010101,0.0120481927710843,0,0,0.032051282051282,0,0,0.0344827586206897
0,0,0,0.00819672131147541,0.00865800865800866,0,0,0,0.00546448087431694,0,0,0,0,0,0,0.0154320987654321,0,0,0,0,0,0,0,0.0169491525423729,0.00279329608938547,0,0.0357142857142857,0.00581395348837209,0.00719424460431655,0,0,0,0,0,0,0,0,0.0376344086021505,0.0072992700729927,0,0,0,0,0,0.00387596899224806,0,0,0,0.0196078431372549,0,0,0,0.0247933884297521,0.0153846153846154,0.0133779264214047,0,0,0,0,0.0402298850574713,0.00740740740740741,0.0818181818181818,0,0,0,0,0,0,0,0,0,0,0,0.0952380952380952,0.0172413793103448,0,0,0,0.0101010101010101,0,0,0,0,0.0574324324324324,0,0,0.0239520958083832,0.0615384615384615,0,0,0,0,0,0.0380434782608696,0.04,0,0,0,0.00862068965517241,0.0025974025974026,0.0100502512562814,0,0,0,0,0.00806451612903226,0,0,0,0,0,0.00826446280991736,0.0742574257425743,0.00714285714285714,0,0,0,0,0,0.0197368421052632,0.00869565217391304,0,0.0342857142857143,0.00869565217391304,0.075,0,0,0.00588235294117647,0,0,0,0.00495049504950495,0.0161290322580645,0,0,0,0,0.0130718954248366,0,0,0,0.0247524752475248,0.0304878048780488,0.00869565217391304,0,0,0,0,0.00833333333333333,0,0,0.0730337078651685,0.0457516339869281,0.00523560209424084,0,0.0234375,0.00719424460431655,0,0,0.00476190476190476,0,0,0,0.0748299319727891,0.0523255813953488,0.00769230769230769,0.0193236714975845,0,0,0,0.0138888888888889,0,0,0.00819672131147541,0,0,0.0174418604651163,0,0,0,0.016,0,0.0214285714285714,0.0532544378698225,0.0441176470588235,0,0.0212765957446809,0.0283018867924528,0,0.00793650793650794,0,0.00869565217391304,0,0,0,0,0.00694444444444444,0,0.00260416666666667,0,0,0.0885245901639344,0.0991253644314869,0,0,0,0.00869565217391304,0.00869565217391304,0.00271739130434783,0,0,0,0,0.0379746835443038,0,0,0,0,0,0,0,0,0,0,0,0,0.0465116279069767,0.0222222222222222,0.0348258706467662,0.0118343195266272,0,0,0.0121951219512195,0.0155038759689922,0,0,0,0,0.00636942675159236,0.0574712643678161,0,0.00571428571428571,0,0,0,0,0.0174672489082969,0,0,0,0.00869565217391304,0.0297619047619048,0,0,0,0.0152671755725191,0.040650406504065,0,0,0,0.0126582278481013,0,0.00806451612903226,0,0,0.0150375939849624,0,0.0307692307692308,0.016260162601626,0,0.00819672131147541,0,0.00350877192982456,0.0206185567010309,0.00689655172413793,0.00813008130081301,0,0,0,0,0.0386266094420601,0,0,0,0.0168067226890756,0.00869565217391304,0,0.00649350649350649,0.00833333333333333,0,0,0,0,0.00862068965517241,0,0,0,0,0,0,0,0,0,0,0.0230769230769231,0,0,0,0,0.0212765957446809,0.00523560209424084,0,0.041958041958042,0.0585774058577406,0
0,0,0,0,0.0075187969924812,0,0,0,0,0,0,0,0,0,0,0.00436681222707424,0,0,0,0,0,0,0,0,0,0,0.0138248847926267,0,0,0,0,0,0,0,0,0,0,0.010752688172043,0.00568181818181818,0.00584795321637427,0,0,0,0,0,0,0,0,0,0,0,0,0,0,0.0099601593625498,0,0,0,0.0263157894736842,0.025,0,0.0145985401459854,0,0,0,0,0,0,0,0,0,0,0,0,0,0,0,0,0.01,0,0,0,0,0.00469483568075117,0,0,0.0140845070422535,0.0114285714285714,0,0,0,0,0,0,0,0,0,0,0,0,0.0099009900990099,0,0,0,0,0,0,0,0,0,0,0,0.00854700854700855,0,0,0,0,0,0,0.0181818181818182,0,0,0.0512820512820513,0,0,0,0,0,0,0,0,0.00970873786407767,0,0,0,0,0,0,0,0,0.0317460317460317,0,0.0294117647058824,0,0,0,0,0,0,0,0,0.010989010989011,0,0,0.0234375,0,0,0,0,0,0,0,0,0.0172413793103448,0.025,0,0,0,0,0,0.00840336134453781,0,0,0,0,0,0.004,0,0,0,0,0,0,0,0.0555555555555556,0,0,0.00847457627118644,0,0,0,0,0,0,0,0,0,0,0,0,0,0.0174672489082969,0.0109090909090909,0,0,0,0,0,0,0,0,0,0,0,0,0,0,0,0,0,0,0,0,0,0,0,0.008,0,0.012779552715655,0,0,0,0,0,0,0,0,0,0,0.0119047619047619,0,0,0,0,0,0,0.0075187969924812,0,0,0,0,0.0136986301369863,0,0,0,0.0303030303030303,0,0,0,0,0.0166666666666667,0,0,0,0,0.0285714285714286,0,0,0.04,0,0,0,0,0,0,0.0869565217391304,0,0,0,0,0.00704225352112676,0,0,0,0.0476190476190476,0,0,0,0,0,0,0,0,0,0,0,0,0,0,0,0,0,0,0,0,0,0,0,0,0,0,0,0.0204081632653061,0.0131578947368421,0
0,0,0,0,0,0,0.0161290322580645,0,0,0,0,0.00671140939597315,0.0118694362017804,0,0,0,0,0,0.0169491525423729,0,0.0287769784172662,0,0.00714285714285714,0,0,0,0,0,0,0,0.0227272727272727,0,0,0,0,0.0128205128205128,0,0,0,0.00555555555555556,0,0.00602409638554217,0,0,0.00595238095238095,0,0,0.00869565217391304,0,0,0,0,0,0,0,0,0,0,0.0212765957446809,0,0,0,0,0,0.00961538461538462,0,0.0125,0.0206896551724138,0,0,0,0,0.025,0,0,0,0,0,0,0,0,0,0.00595238095238095,0,0,0,0,0,0,0,0.0140845070422535,0,0,0,0,0,0,0,0,0,0,0,0,0,0,0,0,0,0.0512820512820513,0,0,0,0,0,0,0,0,0,0.0212765957446809,0,0,0.0317460317460317,0,0,0,0,0,0,0,0,0,0,0,0.024390243902439,0,0.02,0,0,0,0,0,0,0,0,0,0,0,0.015625,0,0,0.0119760479041916,0,0,0.02,0.00719424460431655,0,0,0,0,0.0254237288135593,0.0209205020920502,0.0240963855421687,0,0,0,0,0,0,0,0,0,0,0,0,0.0540540540540541,0,0,0.0256410256410256,0,0,0,0,0,0,0,0,0,0,0.0102040816326531,0.0277777777777778,0.0198675496688742,0,0,0,0.0222222222222222,0,0,0,0.0068259385665529,0,0.00271739130434783,0,0,0,0.0238095238095238,0,0,0,0.0145454545454545,0.0173913043478261,0,0,0,0,0.0285714285714286,0,0.00558659217877095,0,0,0,0,0,0,0,0,0,0,0,0,0,0,0,0,0,0,0,0,0,0.0149253731343284,0,0,0,0,0,0,0,0,0,0,0,0,0.0121951219512195,0.0136986301369863,0,0,0,0,0,0,0,0,0,0,0,0,0,0,0,0,0,0,0,0,0,0,0,0,0,0,0,0,0,0,0,0,0,0,0,0,0,0,0,0,0,0,0,0,0,0,0,0.0165289256198347,0,0,0,0,0.00662251655629139,0.00719424460431655,0,0,0,0,0.0186915887850467,0,0,0
0,0,0,0,0,0,0.00574712643678161,0,0,0,0,0,0.00306748466257669,0,0,0,0,0,0,0,0.015748031496063,0,0,0,0,0,0,0,0,0,0,0,0,0,0,0.0140845070422535,0,0,0,0,0,0.00657894736842105,0,0,0,0,0,0,0,0,0,0,0,0,0,0,0,0,0,0,0,0,0,0,0,0,0.0151515151515152,0.0075187969924812,0,0,0,0,0,0,0,0,0,0,0,0,0,0,0,0,0,0,0,0,0,0,0.0175438596491228,0,0,0,0,0,0.0196078431372549,0,0,0,0,0.0344827586206897,0,0,0,0,0,0,0,0,0,0,0,0,0.032258064516129,0,0,0,0.0303030303030303,0,0,0.02,0,0,0,0,0,0,0,0,0,0,0,0,0,0,0,0,0,0,0,0,0,0,0,0,0,0,0,0,0.00649350649350649,0,0,0.0476190476190476,0,0,0,0,0,0.00943396226415094,0.0087719298245614,0,0,0,0,0,0,0,0,0,0,0,0,0,0,0.142857142857143,0,0.0153846153846154,0,0,0,0,0,0,0,0,0,0,0.00546448087431694,0,0,0,0,0,0,0,0,0.0113636363636364,0,0.0294117647058824,0,0,0,0,0,0.00609756097560976,0,0,0,0,0,0,0,0,0,0,0.00606060606060606,0,0,0.00757575757575758,0,0,0,0,0,0,0,0,0,0,0,0,0,0,0,0,0,0,0,0,0,0,0,0,0,0,0,0,0,0,0,0,0,0,0,0,0,0,0,0,0,0,0,0,0,0,0,0,0,0,0,0,0,0,0,0,0,0,0,0,0,0,0,0,0,0,0,0,0,0,0,0,0,0,0,0,0,0,0,0,0,0,0,0,0,0,0,0,0,0,0,0,0,0,0
0,0,0,0,0,0,0,0,0,0,0,0,0,0,0,0,0,0,0,0,0,0,0,0,0,0,0,0,0,0,0,0,0,0,0,0,0,0,0,0,0,0,0,0,0,0,0,0,0,0,0,0,0,0,0,0,0,0,0,0,0,0,0,0,0,0,0,0,0,0,0,0,0,0,0,0,0,0,0,0,0,0,0,0,0,0,0,0,0,0,0,0,0,0,0,0,0,0,0,0.003690036900369,0,0,0,0,0,0,0,0,0,0,0,0,0,0,0,0,0,0,0,0,0,0,0,0,0,0,0,0,0,0,0,0,0,0,0,0,0,0,0,0,0,0,0,0,0,0,0,0,0,0,0,0,0,0,0,0,0,0,0,0,0,0,0,0,0,0,0,0,0,0,0,0,0,0,0,0,0,0,0,0,0,0,0,0,0,0,0,0,0,0,0,0,0,0,0,0,0,0,0,0,0,0,0,0,0,0,0,0,0,0,0,0,0,0,0,0,0,0,0,0,0,0,0,0,0,0,0,0,0,0,0,0,0,0,0,0,0,0,0,0,0,0,0,0,0,0,0,0,0,0,0,0,0,0,0,0,0,0,0,0,0,0,0,0,0,0,0,0,0,0,0,0,0,0,0,0,0,0,0,0,0,0,0,0,0,0,0,0,0,0,0,0,0,0,0,0,0,0,0,0,0,0,0,0,0,0,0,0,0,0,0,0,0,0,0
0.008,0,0,0,0,0,0.0236220472440945,0.00689655172413793,0.0185185185185185,0,0,0.0091324200913242,0.0351758793969849,0,0,0,0.0101010101010101,0,0.0155038759689922,0,0.0239234449760766,0.015625,0.004739336492891,0,0,0,0,0,0,0.0220994475138122,0.0357142857142857,0,0.0291970802919708,0,0,0.0132743362831858,0.0114942528735632,0,0,0.0202429149797571,0,0.0484581497797357,0.0137931034482759,0,0.00418410041841004,0,0,0.00537634408602151,0,0.0309278350515464,0,0,0,0,0,0,0,0.024,0,0,0,0,0,0,0.0173410404624277,0.018348623853211,0.0133333333333333,0.0330188679245283,0,0.0108695652173913,0,0,0.0181818181818182,0,0,0,0,0.0230769230769231,0,0.00641025641025641,0,0.0211640211640212,0.0256410256410256,0,0,0,0,0,0,0,0.0214285714285714,0,0,0,0,0,0.0223880597014925,0.0168067226890756,0,0,0.0111111111111111,0,0.00763358778625954,0,0,0,0,0,0.00900900900900901,0,0,0,0,0,0.00862068965517241,0,0,0,0.00847457627118644,0,0,0.0381679389312977,0,0,0,0,0,0,0,0,0.0288461538461538,0,0,0.0591397849462366,0,0.00826446280991736,0,0,0,0.0104166666666667,0,0,0,0,0,0,0,0,0,0,0.038961038961039,0.00584795321637427,0.00714285714285714,0.0297619047619048,0.00476190476190476,0,0.0254237288135593,0.00943396226415094,0,0,0.0465116279069767,0.155555555555556,0.00847457627118644,0,0,0,0,0.027027027027027,0,0,0,0,0,0,0.0185185185185185,0.01,0,0.0202702702702703,0.0104166666666667,0,0,0,0,0,0,0,0,0,0.0228136882129278,0,0.0368663594470046,0,0,0,0.045,0.00909090909090909,0,0.0235294117647059,0.0427350427350427,0,0.0501193317422434,0,0,0,0.0194805194805195,0.00401606425702811,0,0,0.0263929618768328,0.0444444444444444,0,0,0,0,0.0388349514563107,0,0.00803212851405622,0,0,0.0480769230769231,0.0102040816326531,0,0,0.00892857142857143,0,0,0,0,0.00252525252525253,0,0,0,0,0,0.00862068965517241,0,0,0,0.0220588235294118,0,0,0.0261437908496732,0,0.0104166666666667,0.013986013986014,0,0,0,0,0,0,0,0.00694444444444444,0,0,0,0,0,0,0,0,0,0,0,0,0,0,0,0,0,0,0,0,0,0,0,0,0,0,0,0,0,0,0,0,0,0,0,0,0,0,0,0,0,0,0,0.0101010101010101,0,0,0.00793650793650794,0.016025641025641,0.0102040816326531,0,0.0104166666666667,0,0.0276497695852535,0.0292682926829268,0,0,0,0,0.00558659217877095,0,0,0
0.0163265306122449,0,0,0,0,0,0.0550964187327824,0,0,0,0,0.0617283950617284,0.150537634408602,0.00416666666666667,0,0,0,0,0.00395256916996047,0,0.0698412698412698,0,0,0,0,0,0,0,0,0.00983606557377049,0.00420168067226891,0,0.0645161290322581,0,0,0.0507462686567164,0.0602836879432624,0,0,0,0,0.019774011299435,0,0,0,0,0.0165289256198347,0,0,0.0487012987012987,0,0,0,0,0,0,0,0.0286885245901639,0,0,0,0,0,0.0045662100456621,0.023972602739726,0.00862068965517241,0.0299625468164794,0.0555555555555556,0,0.0439189189189189,0,0.00446428571428571,0.00427350427350427,0,0,0.00436681222707424,0,0,0,0.0181818181818182,0,0,0.0341880341880342,0,0,0,0,0,0.012448132780083,0,0.0230769230769231,0,0,0,0,0,0.0317460317460317,0.00826446280991736,0,0,0.00328947368421053,0.0258620689655172,0,0,0,0,0,0,0.0173160173160173,0,0,0,0,0,0.00418410041841004,0,0,0,0.00833333333333333,0,0,0.0401606425702811,0,0,0,0,0,0,0,0,0.0087719298245614,0,0,0.0355987055016181,0,0.0208333333333333,0,0,0,0,0,0,0,0,0,0,0,0,0.00446428571428571,0,0.0739644970414201,0,0,0.0242214532871972,0,0,0.0209205020920502,0.0087719298245614,0,0.0465116279069767,0,0.021978021978022,0,0,0,0,0,0,0,0,0,0,0,0,0.00431034482758621,0.00448430493273543,0,0.0458015267175573,0,0,0,0,0,0,0,0,0,0,0.0537634408602151,0.0131578947368421,0.0642201834862385,0,0,0,0.053968253968254,0.00429184549356223,0,0.0348432055749129,0.0630434782608696,0.00829875518672199,0.112648221343874,0,0,0,0.0218978102189781,0.0536723163841808,0,0,0.0487804878048781,0.0366666666666667,0,0,0,0,0,0,0,0,0,0.103559870550162,0.00452488687782805,0.00847457627118644,0,0,0,0,0,0,0.00192678227360308,0,0,0,0,0,0.00840336134453781,0,0,0,0,0,0,0,0,0,0,0,0,0,0,0,0,0,0,0,0,0,0,0,0,0,0,0,0,0,0,0,0,0,0,0,0,0,0,0.00666666666666667,0,0,0,0,0,0,0,0,0,0,0,0,0,0,0,0,0,0,0,0,0,0,0,0,0,0,0.0810810810810811,0.00909090909090909,0,0,0,0.0581039755351682,0.0340557275541796,0.00833333333333333,0,0,0,0.0133779264214047,0,0,0.0131004366812227
0,0,0,0,0,0,0.00448430493273543,0.00917431192660551,0.015748031496063,0,0,0,0.0217391304347826,0,0,0,0,0,0.021505376344086,0,0.0289017341040462,0.00900900900900901,0.00571428571428571,0,0,0,0,0,0,0.00675675675675676,0.0126582278481013,0,0.0294117647058824,0,0.0142857142857143,0.0211640211640212,0.0144927536231884,0,0,0.00465116279069767,0,0.0253807106598985,0.018348623853211,0,0,0,0,0,0,0.0123456790123457,0,0,0,0,0,0,0,0.010989010989011,0.0121951219512195,0,0,0,0,0,0.00719424460431655,0,0.0175438596491228,0.0280898876404494,0,0.0135135135135135,0,0,0.0133333333333333,0,0,0,0,0,0,0.0254237288135593,0,0.0129032258064516,0.0251256281407035,0,0,0,0,0,0,0,0.0388349514563107,0,0,0,0,0,0,0.0119047619047619,0,0,0.020979020979021,0,0,0,0,0,0,0,0.027027027027027,0,0,0,0,0,0,0,0,0,0,0,0,0.0101010101010101,0,0,0,0,0,0,0,0,0.0289855072463768,0,0,0.0254777070063694,0,0.0117647058823529,0,0,0,0,0,0,0,0,0,0,0,0,0,0,0.0303030303030303,0,0,0.0148148148148148,0,0,0.0240963855421687,0,0,0.155555555555556,0.021978021978022,0,0.0375,0,0,0,0,0.012987012987013,0,0,0,0,0,0,0,0,0,0.0176991150442478,0,0.0135135135135135,0,0,0,0,0,0,0,0,0.0130434782608696,0.0140845070422535,0.0161290322580645,0,0,0,0.0421686746987952,0,0,0,0.0280373831775701,0,0.0279898218829517,0,0,0,0,0.00943396226415094,0,0,0.0228013029315961,0.027027027027027,0,0,0,0,0,0,0.0287081339712919,0,0,0.0459770114942529,0.0161290322580645,0,0,0,0.0142857142857143,0,0,0,0.00557103064066852,0,0,0,0,0,0,0,0,0,0.0198019801980198,0,0,0,0,0,0.0186915887850467,0,0,0,0,0,0,0,0,0,0,0,0,0,0,0,0,0,0,0,0,0,0,0.0128205128205128,0,0,0,0,0,0,0,0,0,0,0,0,0,0,0,0,0,0,0,0,0,0,0,0,0,0,0,0,0,0,0,0.0224719101123595,0.0107913669064748,0,0,0,0,0.0108108108108108,0.0174418604651163,0.0246913580246914,0,0,0,0.0140845070422535,0,0,0
0,0,0,0,0,0,0,0,0,0,0,0,0,0,0,0,0,0.0227272727272727,0,0,0,0.00537634408602151,0.0296296296296296,0,0,0,0,0,0,0,0,0,0,0,0,0,0,0,0,0.0112994350282486,0,0,0.0422535211267606,0,0.00602409638554217,0,0,0.027027027027027,0,0,0,0,0,0,0,0,0,0,0,0,0,0,0,0,0,0,0,0,0,0,0,0,0,0,0,0,0,0,0,0,0,0.00840336134453781,0,0,0,0,0,0,0,0,0.0294117647058824,0,0,0,0,0,0,0,0,0,0.00925925925925926,0,0,0,0,0,0,0,0,0,0,0,0,0,0,0,0,0,0,0,0,0,0,0,0,0,0,0,0,0,0,0,0,0,0,0,0,0,0,0,0,0,0,0,0,0,0,0.0161290322580645,0,0,0,0.0102040816326531,0.0149253731343284,0,0,0,0,0,0,0.00847457627118644,0,0.0375,0,0,0,0,0,0.025,0,0,0,0,0,0,0.0277777777777778,0,0,0,0.0434782608695652,0.027027027027027,0,0,0,0,0,0,0,0,0,0,0,0,0,0,0,0,0,0,0,0,0,0,0,0,0,0.00568181818181818,0,0,0.0183823529411765,0,0,0,0,0,0,0,0.0348837209302326,0,0,0,0,0,0,0.0256410256410256,0.0303030303030303,0,0,0,0,0,0,0,0,0,0.0232558139534884,0,0,0,0.0645161290322581,0,0,0.037037037037037,0,0,0,0,0,0,0,0,0,0.0125,0.0140845070422535,0,0,0,0,0,0,0,0,0,0,0,0,0,0,0,0,0,0,0,0,0,0,0,0,0,0,0,0,0,0,0,0,0,0,0,0,0,0,0,0,0,0,0,0,0,0,0.0384615384615385,0,0,0,0,0,0,0,0,0,0,0.0204081632653061,0,0,0,0
0,0,0,0,0,0,0,0,0,0,0,0,0,0,0,0,0,0,0,0,0,0,0,0.0212765957446809,0,0,0.0122950819672131,0,0,0,0,0,0,0,0,0,0,0.0707964601769911,0.00492610837438424,0,0,0,0,0,0,0,0,0,0.0120481927710843,0,0,0.00862068965517241,0.0114942528735632,0,0.00564971751412429,0,0,0,0,0.0186915887850467,0.032258064516129,0.031055900621118,0.0222222222222222,0,0,0,0,0,0,0,0,0,0,0.00900900900900901,0,0,0,0,0,0,0,0,0,0.0211864406779661,0,0,0.03125,0.0625,0,0,0,0,0,0.00847457627118644,0.0280373831775701,0,0,0,0,0,0,0,0,0,0,0,0,0,0,0,0,0,0.0583941605839416,0,0,0,0,0,0,0,0,0,0.0283018867924528,0,0.0141843971631206,0,0,0,0,0,0,0,0,0,0,0,0,0.0246913580246914,0,0,0,0,0.0210526315789474,0,0,0,0,0,0,0,0,0.0720720720720721,0,0,0.0748299319727891,0.0172413793103448,0,0,0,0,0,0,0,0,0,0,0.0072463768115942,0,0,0.0227272727272727,0,0,0,0,0,0,0,0,0,0,0,0,0,0.0192307692307692,0.0217391304347826,0,0.0285714285714286,0.00689655172413793,0,0.0185185185185185,0,0,0,0,0,0,0,0,0,0,0,0.0483870967741935,0.0481099656357388,0,0,0,0,0.0232558139534884,0,0,0,0.0208333333333333,0,0.010989010989011,0,0,0,0,0,0,0,0,0,0,0,0,0.02,0,0.029940119760479,0,0,0,0,0.0350877192982456,0,0,0,0,0,0.00900900900900901,0,0,0,0,0,0.016260162601626,0,0,0.0333333333333333,0,0,0.0520833333333333,0,0,0,0.0517241379310345,0,0,0,0,0.0114942528735632,0,0,0,0,0.0161290322580645,0,0.0333333333333333,0.0192307692307692,0,0,0.0227272727272727,0,0.008,0,0.04,0,0,0,0.0188679245283019,0.0303030303030303,0.0232558139534884,0,0,0.0425531914893617,0,0,0,0.0652173913043478,0.0227272727272727,0,0,0,0,0,0,0,0,0,0,0,0,0,0,0,0,0,0,0,0,0,0,0,0.00555555555555556,0
0,0,0.00307692307692308,0.0136986301369863,0.0395480225988701,0,0,0,0,0,0,0,0,0,0,0.0218978102189781,0,0,0,0,0,0,0,0,0.00977198697068404,0,0.0305343511450382,0,0.0340909090909091,0,0,0,0,0,0,0,0,0.00699300699300699,0.00888888888888889,0,0,0,0,0,0,0,0,0,0.019047619047619,0,0,0.0144927536231884,0.0101522842639594,0.0121951219512195,0.0127272727272727,0,0,0,0,0.0393700787401575,0.0116279069767442,0.0384615384615385,0.0147058823529412,0,0,0,0,0,0,0,0.00346020761245675,0,0,0.0150375939849624,0,0,0,0,0.00666666666666667,0,0,0,0,0.0114942528735632,0.0151515151515152,0,0.0166666666666667,0.0365296803652968,0,0,0,0,0,0.0215827338129496,0.00757575757575758,0,0,0,0.0149253731343284,0.0150602409638554,0,0,0,0,0,0.0133333333333333,0,0,0,0,0,0.0138888888888889,0.0181818181818182,0,0,0,0,0,0,0,0,0,0.0645161290322581,0.0151515151515152,0.0184049079754601,0,0,0,0,0,0,0.0131578947368421,0,0,0,0,0,0.0192307692307692,0,0,0.0087719298245614,0.0326797385620915,0.0169491525423729,0,0,0,0,0,0,0,0,0.0215827338129496,0.018348623853211,0,0.0523255813953488,0.025,0,0,0,0,0,0,0,0,0,0.0123456790123457,0.0318471337579618,0,0,0,0.0303030303030303,0.00854700854700855,0,0,0,0,0.0273037542662116,0,0,0.0125,0,0,0.032967032967033,0.0238095238095238,0.00613496932515337,0,0.0106382978723404,0.0432098765432099,0,0,0,0,0,0,0,0,0,0,0,0,0,0.044280442804428,0.0512820512820513,0,0,0,0,0,0.00313479623824451,0.00636942675159236,0,0,0,0.036036036036036,0,0,0,0,0,0,0,0,0,0,0,0,0.0538922155688623,0.0113636363636364,0.00547945205479452,0.0166666666666667,0.0144927536231884,0,0.00862068965517241,0.025,0,0,0,0,0,0.0546875,0,0,0,0,0,0,0.010989010989011,0,0,0,0,0.0163934426229508,0,0,0,0.0120481927710843,0.0128205128205128,0.0147058823529412,0,0,0.0471698113207547,0,0.0133333333333333,0,0,0.0487804878048781,0,0.0119047619047619,0.0133333333333333,0,0,0,0.00851063829787234,0.00675675675675676,0.0319148936170213,0.0135135135135135,0,0,0,0.0131578947368421,0.0432432432432432,0,0,0,0,0,0,0.00952380952380952,0,0,0,0,0,0,0,0,0,0,0,0,0,0,0,0,0.0120481927710843,0,0,0,0,0.021505376344086,0,0,0.0416666666666667,0.02,0
0,0,0.0260223048327138,0,0.0151515151515152,0,0,0,0,0,0,0,0,0,0,0.0087719298245614,0,0,0,0,0,0,0,0,0.0196078431372549,0,0,0.0136986301369863,0,0,0,0,0,0,0,0,0,0.010752688172043,0.0114285714285714,0,0,0,0,0,0,0,0,0,0.0178571428571429,0,0,0.0112359550561798,0,0,0.00795228628230616,0,0,0,0,0.0379746835443038,0,0.0072463768115942,0,0,0,0,0,0,0,0,0.00418410041841004,0,0,0.0119047619047619,0,0,0,0,0,0,0,0,0,0.014218009478673,0,0,0.0285714285714286,0,0,0,0,0,0,0.0337078651685393,0,0,0,0,0,0.0141342756183746,0,0,0,0,0,0,0,0,0,0,0,0,0.00854700854700855,0,0,0,0,0,0,0,0,0,0,0,0,0,0,0,0,0,0,0,0,0,0,0,0,0,0,0,0,0.00934579439252336,0.0144927536231884,0,0,0,0,0,0,0,0,0,0,0,0.00769230769230769,0,0,0,0,0,0,0,0,0,0.0123456790123457,0,0.0181818181818182,0,0,0,0,0.0303030303030303,0,0,0,0,0.004,0,0,0,0,0,0,0.0128205128205128,0,0,0,0,0,0,0,0,0,0,0,0,0,0,0,0,0,0,0,0,0,0,0,0,0,0,0,0,0,0,0,0,0,0,0,0,0,0,0,0,0,0,0.008,0,0.00634920634920635,0,0,0,0,0,0,0,0,0,0,0,0,0,0,0,0,0.0103092783505155,0.0075187969924812,0,0,0,0,0,0,0,0,0,0,0,0,0,0,0,0,0,0.05,0,0,0,0,0,0,0,0.00537634408602151,0,0,0,0,0,0,0,0,0,0,0,0,0,0,0,0,0,0,0,0,0,0,0,0,0,0,0,0,0,0.0384615384615385,0,0.0303030303030303,0,0,0,0,0,0,0,0,0.0065359477124183,0
0,0,0.0200573065902579,0.00970873786407767,0.00943396226415094,0,0,0,0,0,0,0,0,0,0,0.0333333333333333,0,0,0,0,0,0,0.004739336492891,0,0.0119047619047619,0.025,0.0344827586206897,0.0266666666666667,0.00833333333333333,0,0,0,0,0,0,0.00881057268722467,0,0.00578034682080925,0.0158102766798419,0,0,0,0,0,0,0,0,0,0.0300751879699248,0,0,0.0119047619047619,0.0269058295964126,0.018018018018018,0.0244328097731239,0,0,0,0,0.0125,0.00862068965517241,0.0233644859813084,0.0102040816326531,0,0,0,0,0,0,0,0.00628930817610063,0,0,0.0248447204968944,0,0,0,0,0.0284090909090909,0,0,0,0,0.0315789473684211,0,0,0.0133333333333333,0.0198412698412698,0,0,0,0,0.00763358778625954,0.0238095238095238,0,0,0,0,0,0.0138121546961326,0,0,0,0,0,0,0,0,0,0,0,0,0.0206185567010309,0,0,0,0,0,0,0.00740740740740741,0,0,0.0318471337579618,0,0.037037037037037,0,0,0.00662251655629139,0.0104166666666667,0,0,0,0,0,0,0,0,0.00740740740740741,0,0,0.0211267605633803,0.032967032967033,0.0135135135135135,0,0,0,0,0,0,0,0,0.036144578313253,0.00714285714285714,0,0.0193236714975845,0,0,0,0,0,0,0,0,0.0072463768115942,0.0318471337579618,0.0181818181818182,0,0,0,0,0.0471204188481675,0.00680272108843537,0,0,0,0,0.0184615384615385,0,0,0,0,0,0,0.00632911392405063,0.0104166666666667,0,0.00806451612903226,0.0257731958762887,0,0,0,0,0,0,0,0,0.008,0,0,0,0,0.0468227424749164,0.043731778425656,0,0,0,0,0,0,0,0,0,0,0,0,0,0.004,0,0,0,0,0,0,0,0,0.0101010101010101,0.03,0,0.0258397932816537,0.0201342281879195,0,0.029126213592233,0,0.0181818181818182,0,0,0,0,0,0.0185185185185185,0,0,0,0,0,0.0171428571428571,0.019047619047619,0,0.0087719298245614,0,0,0.0335570469798658,0,0,0,0.00884955752212389,0,0,0.00961538461538462,0,0.0143884892086331,0,0,0,0,0,0,0.0087719298245614,0,0,0,0,0.0190839694656489,0.0112994350282486,0,0,0,0,0,0.00943396226415094,0.0182648401826484,0,0,0,0,0,0,0,0,0,0,0,0,0,0,0,0,0,0,0,0,0,0,0,0.0178571428571429,0,0,0,0,0.016260162601626,0,0,0,0.0173913043478261,0
0,0,0,0,0,0,0,0,0.0357142857142857,0,0,0,0,0,0,0,0,0,0,0,0,0.0224719101123595,0.0151515151515152,0,0,0,0,0,0,0.00943396226415094,0,0,0,0,0,0.00666666666666667,0,0,0,0.0116279069767442,0,0,0,0,0,0,0,0,0,0,0,0,0,0,0,0,0,0,0,0,0,0,0,0,0,0,0,0,0.0294117647058824,0,0,0,0,0,0,0,0,0.0185185185185185,0,0,0,0.055045871559633,0,0,0,0,0,0,0.0238095238095238,0,0,0,0,0,0,0,0,0,0,0,0.00970873786407767,0,0,0,0.05,0,0,0,0,0,0,0,0,0,0,0,0,0,0,0,0,0,0,0,0,0,0,0,0,0,0,0,0,0,0,0.0476190476190476,0,0,0,0,0,0,0,0,0,0,0,0,0,0,0.0062111801242236,0,0,0.0106382978723404,0,0,0,0,0,0.027027027027027,0,0.012987012987013,0.025,0,0,0,0,0,0,0,0,0,0,0,0.0666666666666667,0,0,0,0.0555555555555556,0.137931034482759,0,0,0,0,0,0,0,0,0,0,0,0,0,0,0,0,0,0,0,0,0,0,0,0,0,0,0,0,0.0149253731343284,0,0,0,0,0,0.0357142857142857,0,0,0,0,0,0,0,0,0,0,0,0,0,0,0,0,0,0,0,0.0263157894736842,0,0,0,0.0338983050847458,0,0,0.0128205128205128,0,0,0.046875,0,0,0.08,0,0,0,0,0,0,0,0,0,0,0,0,0,0,0,0,0,0,0,0,0,0,0,0,0,0,0,0,0,0,0,0,0,0,0,0,0,0,0,0,0,0,0,0,0,0,0,0,0,0,0,0,0,0,0,0,0,0,0,0,0,0,0.021505376344086,0,0,0,0
0,0,0,0,0,0,0.00609756097560976,0,0,0,0,0,0.00316455696202532,0,0,0,0,0,0,0,0,0,0,0,0,0,0,0,0,0,0,0,0,0,0,0,0,0,0,0,0,0,0,0,0,0,0,0,0,0,0,0,0,0,0,0.1,0,0,0,0,0,0,0,0,0,0,0,0,0,0,0,0,0,0,0,0,0,0,0,0,0,0,0.00694444444444444,0,0,0,0,0,0,0,0,0,0,0,0,0,0,0,0,0,0,0,0,0,0,0,0,0,0,0,0,0,0,0,0,0,0,0,0,0,0,0,0,0,0,0,0,0,0,0,0,0,0,0,0,0,0,0,0,0,0,0,0,0,0,0,0,0,0,0,0,0,0,0,0,0,0,0,0,0,0,0,0,0,0,0,0,0,0,0,0,0,0,0,0,0,0,0,0,0,0,0,0,0,0,0,0,0,0,0,0,0,0,0,0,0,0,0,0,0,0,0,0,0,0,0,0,0,0,0,0,0,0,0,0,0,0,0,0,0,0,0,0,0,0,0,0,0,0,0,0,0,0,0,0,0,0,0,0,0,0,0,0,0,0,0,0,0,0,0,0,0,0,0,0,0,0,0,0,0,0,0,0,0,0,0,0,0,0,0,0,0,0,0,0,0,0,0,0,0,0,0,0,0,0,0,0,0,0,0,0,0,0,0,0,0,0,0,0,0,0,0,0,0,0,0,0,0,0,0,0,0,0,0,0
0,0,0,0,0,0,0,0,0,0,0,0,0,0,0,0,0,0,0,0,0,0,0,0,0,0,0,0,0,0,0,0,0,0,0,0,0,0,0,0,0,0,0,0,0,0,0,0,0,0,0,0,0,0,0,0,0,0,0,0,0.0454545454545455,0,0,0,0,0,0,0,0,0,0,0,0,0.0289855072463768,0,0,0,0,0,0,0,0,0,0,0,0,0,0.00617283950617284,0,0,0,0,0,0,0.0147058823529412,0,0,0,0,0,0,0,0,0,0,0,0,0,0,0,0,0,0.0196078431372549,0,0,0,0,0,0,0,0,0,0,0,0,0,0,0,0,0,0,0,0,0,0,0,0,0,0,0,0,0,0,0,0,0,0,0,0,0,0,0,0,0,0,0,0,0,0,0,0,0,0,0.0227272727272727,0,0,0,0,0,0,0,0,0,0,0,0,0,0,0,0,0,0,0,0.015625,0,0,0,0,0,0,0,0,0,0,0,0,0,0,0,0,0,0.00458715596330275,0.00380228136882129,0,0,0,0,0,0,0,0,0,0,0,0,0,0,0,0,0,0,0,0,0,0,0,0.00900900900900901,0,0,0,0,0,0,0,0,0,0,0,0,0,0,0,0,0,0,0,0,0,0,0,0,0,0,0,0,0,0,0,0,0,0.0217391304347826,0,0,0,0,0,0,0,0,0,0.111111111111111,0,0,0,0,0,0,0,0,0,0,0.5,0,0,0,0,0,0,0,0,0,0,0,0,0,0,0,0,0,0,0,0,0,0,0,0,0,0,0,0.0333333333333333,0,0,0,0,0
0,0,0.0550724637681159,0,0.0471698113207547,0,0,0,0,0,0,0,0,0,0,0.0426229508196721,0,0,0,0,0,0,0,0,0.0265486725663717,0,0.0232558139534884,0.0253164556962025,0,0,0,0,0,0,0,0,0,0.00552486187845304,0.0515873015873016,0,0,0,0,0,0,0,0,0,0.0283687943262411,0,0,0.0853658536585366,0.025974025974026,0.00833333333333333,0.0549645390070922,0,0,0,0,0.0119047619047619,0.00806451612903226,0.0271493212669683,0,0,0,0,0,0,0,0,0.0445859872611465,0,0,0.00581395348837209,0,0,0,0,0.0216216216216216,0,0,0,0,0.0413793103448276,0,0,0.0256410256410256,0.0153256704980843,0,0,0,0,0.0218978102189781,0.0344827586206897,0,0.00900900900900901,0,0,0,0.0714285714285714,0,0,0,0,0,0,0,0,0,0,0,0,0.0048780487804878,0.015625,0,0,0,0,0,0.0140845070422535,0,0,0.0559006211180124,0,0.0355329949238579,0,0,0.0457516339869281,0,0,0,0.0158730158730159,0,0,0,0,0,0,0,0,0.02,0.0652173913043478,0.0193548387096774,0,0,0,0,0,0,0,0,0.00558659217877095,0,0,0.0138888888888889,0.00840336134453781,0,0,0,0,0,0,0,0,0.0303030303030303,0,0.0471204188481675,0,0,0,0,0.00645161290322581,0,0.0181818181818182,0,0,0.0527950310559006,0,0,0,0.0265486725663717,0.00909090909090909,0.00763358778625954,0,0.0575916230366492,0,0.00757575757575758,0.00975609756097561,0,0,0,0,0,0,0,0,0,0,0,0,0,0.019047619047619,0.0166666666666667,0,0,0,0,0,0,0,0,0,0,0.00657894736842105,0,0,0,0,0,0,0,0,0,0,0,0,0,0.00793650793650794,0.0125,0.0191082802547771,0,0,0.00649350649350649,0,0,0,0,0,0,0.0359281437125748,0,0,0,0,0,0,0.0277777777777778,0,0,0,0,0,0,0,0,0,0,0,0,0,0.0205479452054795,0,0,0,0,0,0,0,0,0,0,0,0,0.0108108108108108,0,0,0.00961538461538462,0,0,0,0.0176211453744493,0,0,0,0,0,0,0,0,0,0,0,0,0,0,0,0,0,0,0,0,0,0,0,0.00826446280991736,0,0,0,0,0,0,0,0,0.0386266094420601,0
0,0,0.0297029702970297,0,0.0240963855421687,0,0,0,0,0,0,0,0,0,0,0.0114068441064639,0,0,0,0,0,0,0,0,0.0277777777777778,0.0128205128205128,0.0078740157480315,0.0576923076923077,0,0,0,0,0,0,0,0,0,0,0.00471698113207547,0,0,0,0,0,0,0,0,0,0.0333333333333333,0,0,0,0,0,0.0264650283553875,0,0,0,0,0.0172413793103448,0,0,0,0,0,0,0,0,0,0,0.037593984962406,0,0,0.00833333333333333,0,0,0,0,0.062015503875969,0,0,0,0,0.0121457489878543,0,0,0.0188679245283019,0,0,0,0,0,0.0232558139534884,0.024,0,0,0,0,0,0.0286624203821656,0,0,0,0,0,0,0,0,0,0,0.0317460317460317,0,0,0.012987012987013,0,0,0,0,0,0,0,0,0.00854700854700855,0,0.0133333333333333,0,0,0.0693069306930693,0,0,0,0.0144927536231884,0,0,0,0,0,0,0,0,0.0412371134020619,0.0434782608695652,0.00952380952380952,0,0,0,0,0,0,0,0,0,0,0,0,0,0,0,0,0,0,0,0,0,0.00854700854700855,0.0303030303030303,0.00680272108843537,0,0,0,0.00645161290322581,0,0,0,0,0,0.0213523131672598,0,0,0,0.0158730158730159,0.0172413793103448,0,0,0.0416666666666667,0,0,0,0,0,0,0,0,0,0,0,0,0,0,0,0,0,0,0,0,0,0,0,0,0,0,0,0,0,0,0,0,0,0,0,0,0,0,0,0,0,0.0062111801242236,0,0.0202312138728324,0,0.0181818181818182,0,0.00980392156862745,0,0,0,0,0,0,0,0,0,0,0,0,0.0075187969924812,0.0179640718562874,0,0.0142857142857143,0,0,0,0,0,0,0,0,0,0,0,0.0104166666666667,0,0,0.0188679245283019,0,0.0140845070422535,0,0,0,0,0,0,0,0.00746268656716418,0,0,0,0,0,0,0,0,0,0,0,0,0,0,0,0,0,0,0,0,0,0,0,0,0,0,0,0,0.0327868852459016,0,0,0,0,0,0,0,0,0,0,0,0
0,0,0,0,0,0,0,0,0,0,0,0,0,0,0,0,0,0,0,0,0,0,0,0,0,0,0,0,0,0,0,0,0,0,0,0,0,0,0,0,0,0,0,0,0,0,0,0,0,0,0,0,0,0,0,0,0,0,0,0,0,0,0,0,0,0,0,0,0,0,0,0,0,0,0,0,0,0,0,0,0,0,0,0,0,0,0,0,0,0,0,0,0,0,0,0,0,0,0,0,0.0116279069767442,0,0,0,0,0,0,0,0,0,0,0,0,0,0,0,0,0,0,0,0,0,0,0,0,0,0,0,0,0,0,0,0,0,0,0,0,0,0,0,0,0,0,0,0,0,0,0,0,0,0,0,0,0,0,0,0,0,0,0,0,0,0,0,0,0,0,0,0,0,0,0,0,0,0,0,0,0,0,0,0,0,0,0,0,0,0,0,0,0,0,0,0,0,0,0,0,0,0,0,0,0,0,0,0,0,0,0,0,0,0,0,0,0,0,0,0,0,0,0,0,0,0,0,0,0,0,0,0,0,0,0,0,0,0,0,0,0,0,0,0,0,0,0,0,0,0,0,0,0,0,0,0,0,0,0,0,0,0,0,0,0,0,0,0,0,0,0,0,0,0,0,0,0,0,0,0,0,0,0,0,0,0,0,0,0,0,0,0,0,0,0,0,0,0,0,0,0,0,0,0,0,0,0,0,0,0,0,0,0,0,0,0,0,0
0,0,0,0,0,0,0,0,0,0,0,0,0,0,0,0.0136986301369863,0,0,0,0,0,0,0,0,0,0,0,0.0153846153846154,0,0,0,0,0,0,0,0,0,0,0.0119760479041916,0,0,0,0,0,0,0,0,0,0.0208333333333333,0,0,0.0123456790123457,0.0217391304347826,0.0416666666666667,0.00200803212851406,0,0,0,0,0,0,0.00769230769230769,0,0,0,0,0,0,0,0,0,0,0,0,0,0,0,0,0,0,0,0,0,0,0,0,0,0.0119760479041916,0,0,0,0,0,0.0120481927710843,0.0135135135135135,0,0,0,0,0,0,0,0,0,0,0,0,0,0,0,0,0,0,0,0,0,0,0,0,0.0212765957446809,0,0,0,0,0,0,0,0,0,0,0,0,0,0,0,0,0,0,0,0,0,0.0101010101010101,0,0,0,0,0,0,0,0,0,0,0,0,0.00819672131147541,0,0,0,0,0,0,0,0,0,0,0,0,0,0,0,0.0181818181818182,0,0,0,0,0,0.00413223140495868,0,0,0,0,0,0,0,0.00952380952380952,0,0,0.018348623853211,0,0,0,0,0,0,0,0,0,0,0,0,0,0.00446428571428571,0.00371747211895911,0,0,0,0,0,0,0,0,0,0,0,0,0,0,0,0,0,0,0,0,0,0,0,0.00854700854700855,0,0,0,0,0,0,0,0,0,0,0,0,0,0,0,0,0,0,0,0.0161290322580645,0,0,0,0,0,0,0,0,0,0,0,0,0,0,0,0,0,0,0,0,0,0,0,0,0,0,0,0,0,0,0,0,0,0,0,0,0,0,0,0,0,0,0,0,0,0,0,0,0,0,0,0,0,0,0,0,0,0,0,0,0,0,0,0,0,0,0,0
0,0,0,0,0,0,0,0,0,0,0,0,0,0,0,0,0,0,0,0,0.00763358778625954,0.00564971751412429,0.015625,0,0,0,0,0,0,0,0,0,0,0,0,0.00684931506849315,0,0,0,0.0119047619047619,0,0,0,0,0,0,0,0,0,0,0,0,0,0,0,0,0,0,0,0,0,0,0,0,0,0,0,0,0,0,0,0,0,0,0,0,0,0.02,0,0,0,0.018348623853211,0.00636942675159236,0,0,0,0,0,0,0,0,0,0,0,0,0,0.0377358490566038,0,0,0,0.0101010101010101,0,0,0,0,0,0,0,0,0,0,0,0,0,0,0,0,0,0,0,0,0,0,0,0,0,0,0,0,0,0,0,0,0,0,0,0,0,0,0,0,0,0,0,0,0,0,0.0384615384615385,0,0,0,0,0,0,0,0,0.0540540540540541,0,0,0.0185185185185185,0.00431034482758621,0,0.0277777777777778,0,0,0,0,0.0666666666666667,0,0,0,0,0,0,0,0,0,0,0,0,0,0,0,0,0,0,0,0,0,0,0,0,0,0,0,0,0,0,0.00709219858156028,0,0.00280112044817927,0,0,0,0.0135135135135135,0,0,0,0.0075187969924812,0,0,0,0,0,0.0416666666666667,0,0.0119760479041916,0,0,0.00740740740740741,0,0,0,0,0,0,0,0,0,0,0,0,0,0,0,0,0,0,0.0555555555555556,0,0,0.0135135135135135,0,0,0.0161290322580645,0,0,0.0454545454545455,0,0,0,0.0140845070422535,0,0,0,0,0,0,0,0,0,0,0,0,0,0,0,0,0,0,0,0,0,0,0,0,0,0,0,0,0,0,0,0,0,0,0,0,0,0,0,0,0,0,0,0,0,0,0,0,0,0,0,0,0,0,0.0078125,0,0,0,0,0,0,0,0
0,0,0,0,0,0,0,0,0,0,0,0,0,0,0,0,0,0,0,0,0,0,0,0,0,0,0,0,0,0,0,0,0,0,0,0.0072992700729927,0,0,0,0,0,0.00684931506849315,0,0,0,0,0,0,0,0,0,0,0,0,0,0,0,0,0,0,0,0,0,0,0,0,0,0,0,0,0,0,0,0,0,0,0,0,0,0,0,0,0,0,0,0,0,0,0,0,0.0196078431372549,0,0,0,0,0,0.0222222222222222,0,0,0,0,0,0,0,0,0,0,0,0,0,0,0,0,0,0.04,0,0,0,0,0,0,0.0227272727272727,0,0,0,0,0,0,0,0,0,0,0,0,0,0,0,0,0,0,0,0,0,0,0,0,0,0,0,0,0,0,0,0,0,0,0,0.142857142857143,0,0.01,0.00448430493273543,0,0,0,0,0,0,0,0,0,0,0,0,0,0,0,0,0,0,0,0,0,0,0,0,0,0,0,0,0,0,0,0,0,0.00854700854700855,0,0,0,0,0,0.00576368876080692,0,0,0,0,0,0,0,0.00387596899224806,0.0210526315789474,0,0,0,0,0,0,0,0,0,0,0,0,0,0,0,0,0,0,0,0,0,0,0,0,0,0,0,0,0,0,0,0,0,0,0,0,0,0,0,0,0,0,0,0,0,0,0,0,0,0,0,0,0,0,0,0,0,0,0,0,0,0,0,0,0,0,0,0,0,0,0,0,0,0,0,0,0,0,0,0,0,0,0,0,0,0,0,0,0,0,0,0,0,0,0,0,0,0,0,0,0,0,0,0,0
0,0,0.0531914893617021,0,0.113564668769716,0,0,0,0,0,0,0,0,0,0,0.0564705882352941,0,0,0,0,0,0,0,0,0.0620842572062084,0.0194552529182879,0.0378250591016548,0.0280701754385965,0.00386100386100386,0,0,0,0,0,0,0,0,0.0129449838187702,0.0393700787401575,0,0,0,0,0,0,0,0,0,0.0147058823529412,0,0,0.0131147540983607,0.0137741046831956,0.00398406374501992,0.0755555555555556,0,0,0,0,0.00668896321070234,0.0118577075098814,0.0257879656160458,0,0,0,0,0,0,0,0,0.0625,0,0,0.0133333333333333,0,0,0,0,0.032258064516129,0,0,0,0,0.0285035629453682,0,0,0.00344827586206897,0.00763358778625954,0,0,0,0,0.0304182509505703,0.0230263157894737,0.00332225913621262,0,0,0,0,0.0743099787685775,0,0,0,0,0,0.016597510373444,0,0,0,0,0.00404858299595142,0,0.00597014925373134,0.0116279069767442,0,0,0,0,0,0.00732600732600733,0,0,0.0203389830508475,0.00425531914893617,0.0213414634146341,0,0,0.0139372822299652,0,0,0,0.0221518987341772,0.00819672131147541,0,0,0,0,0.0110294117647059,0,0,0.0215827338129496,0.0480769230769231,0.0104895104895105,0,0,0,0,0,0,0,0,0.0230263157894737,0.0181818181818182,0,0.0174418604651163,0.004,0,0,0,0,0,0,0,0,0.0273037542662116,0.004,0.0184615384615385,0,0,0,0.0527950310559006,0.0213523131672598,0,0.00413223140495868,0,0,0,0,0,0,0,0.00833333333333333,0.00381679389312977,0,0.0309597523219814,0,0.00763358778625954,0,0,0,0,0,0,0,0,0,0.00378787878787879,0,0,0,0,0.0203160270880361,0.0226337448559671,0,0,0,0,0,0,0,0,0,0,0.017921146953405,0,0,0,0,0,0,0,0,0,0,0,0,0.00290697674418605,0.032,0.0151515151515152,0.0104166666666667,0,0.00823045267489712,0.0141843971631206,0,0,0,0,0,0,0.0167224080267559,0,0,0,0,0,0.00955414012738853,0.0505952380952381,0,0.00793650793650794,0.00420168067226891,0,0.013840830449827,0,0,0,0.012,0,0,0,0,0.00719424460431655,0,0.00409836065573771,0.00423728813559322,0,0.02,0,0,0,0,0,0,0.00744416873449132,0.0127388535031847,0,0,0,0,0,0,0.0111731843575419,0,0,0,0,0,0,0.00364963503649635,0,0,0,0,0,0.00423728813559322,0,0,0,0.00847457627118644,0,0,0,0,0.0123456790123457,0,0.00396825396825397,0,0,0,0,0,0,0,0.0150943396226415,0.0303867403314917,0
0.0119047619047619,0,0,0,0,0,0.028169014084507,0,0,0,0,0.0404624277456647,0.0363128491620112,0.0547945205479452,0,0,0,0,0.0227272727272727,0,0.0484848484848485,0,0,0,0,0,0,0,0,0.0285714285714286,0,0,0.0309278350515464,0,0,0.0162162162162162,0.0714285714285714,0,0,0,0,0.0154639175257732,0,0,0,0,0.0123456790123457,0,0,0.0324675324675325,0,0,0,0,0,0,0.0178571428571429,0,0,0,0,0,0,0,0.00746268656716418,0,0.0373831775700935,0.0229885057471264,0,0.0211267605633803,0,0,0,0,0,0,0,0,0,0.0545454545454545,0,0,0.0418848167539267,0,0,0,0,0,0.038961038961039,0,0.0408163265306122,0,0,0,0,0,0.032258064516129,0.038961038961039,0,0,0.0143884892086331,0,0,0,0,0,0,0,0,0,0,0,0,0,0,0,0,0,0,0,0,0.0106382978723404,0,0,0,0,0,0,0,0,0,0,0,0.0540540540540541,0,0,0,0,0.0175438596491228,0,0,0,0,0,0,0,0,0,0,0,0.0257731958762887,0,0,0.00763358778625954,0,0,0.0256410256410256,0.0153846153846154,0,0.0202702702702703,0.0458015267175573,0.0176991150442478,0,0,0,0,0,0,0,0,0,0,0,0,0,0,0,0,0,0,0,0,0,0,0,0,0,0,0.0458715596330275,0,0.0337078651685393,0,0,0,0.024390243902439,0,0,0.0390625,0.0188087774294671,0,0.0283505154639175,0,0,0,0.0175438596491228,0.0195121951219512,0,0,0.026578073089701,0.0208333333333333,0,0,0,0,0,0,0,0,0,0.0172413793103448,0,0,0,0,0,0,0,0,0.0028169014084507,0,0,0,0,0,0.0133333333333333,0,0,0,0,0,0,0,0,0,0,0,0,0,0,0,0,0,0,0,0,0,0,0,0,0,0,0,0,0,0,0,0,0,0,0,0,0,0,0,0,0,0,0,0,0,0,0,0,0,0,0,0,0,0,0,0,0,0,0,0,0,0.0172413793103448,0,0.0163934426229508,0,0.0260223048327138,0,0,0,0,0.0282485875706215,0.0625,0,0,0,0,0.0610687022900763,0,0,0.0149253731343284
0,0,0,0,0,0,0,0,0,0,0,0,0,0,0,0,0,0,0,0,0,0,0,0,0,0,0,0,0,0,0,0,0,0,0,0,0,0,0,0.00641025641025641,0,0,0,0,0,0,0,0,0,0,0,0,0,0,0,0,0,0,0,0,0,0,0,0,0,0,0,0,0,0,0,0,0,0,0,0,0,0,0,0,0,0,0,0,0,0,0,0,0,0,0,0,0,0,0,0,0,0,0,0,0,0,0,0,0,0,0,0,0,0,0,0,0,0,0,0,0,0,0,0,0,0,0,0,0,0,0,0,0,0,0,0,0,0,0,0,0,0,0,0,0,0,0,0,0,0,0,0,0,0,0,0,0,0,0,0,0,0,0,0.0104166666666667,0,0,0.0434782608695652,0,0,0,0,0.0555555555555556,0,0,0,0,0,0,0,0,0,0,0,0,0,0,0,0,0,0,0,0,0,0,0,0,0,0,0,0,0,0,0,0,0,0,0,0,0,0,0,0,0,0,0,0,0,0,0,0,0,0,0,0,0,0,0,0,0,0,0,0,0,0,0,0,0,0,0.0476190476190476,0,0,0,0,0,0,0,0,0,0,0,0,0,0,0,0,0,0,0,0,0,0,0,0,0,0,0,0,0,0,0,0,0,0,0,0,0,0,0,0,0,0,0,0,0,0,0,0,0,0,0,0,0,0,0,0,0,0,0,0,0,0,0,0,0,0,0,0,0,0,0,0,0,0,0,0,0,0,0,0
0,0,0,0,0,0,0,0,0,0,0,0,0,0,0,0,0,0,0,0,0,0.0228571428571429,0.0234375,0,0,0,0,0,0,0.00970873786407767,0,0,0,0,0,0,0,0,0,0.0118343195266272,0,0,0,0,0,0,0,0.0192307692307692,0,0,0.0476190476190476,0,0,0,0,0,0,0,0,0,0,0,0,0,0,0,0,0,0,0,0,0,0,0,0,0,0,0,0,0,0,0.037037037037037,0,0,0,0,0,0,0,0,0,0,0,0,0,0,0,0,0,0,0,0,0.02,0,0,0,0,0,0,0,0,0,0,0,0.0285714285714286,0,0,0,0,0,0,0,0,0,0,0,0,0,0,0,0,0,0,0,0,0.0512820512820513,0,0,0,0,0,0,0,0,0,0,0,0,0,0,0,0.0111111111111111,0,0,0,0,0,0,0,0,0,0.0135135135135135,0.027027027027027,0,0.0125,0,0,0.137931034482759,0,0,0,0,0,0,0,0,0,0,0,0,0,0,0,0,0,0,0,0,0,0,0,0,0,0,0,0.0344827586206897,0,0,0.00706713780918728,0,0,0,0,0,0,0,0,0,0.00373134328358209,0.00943396226415094,0,0,0,0,0,0,0.00591715976331361,0,0,0,0,0,0,0,0,0,0,0,0,0,0,0,0,0,0,0,0,0,0.0175438596491228,0,0,0.027027027027027,0,0,0.032258064516129,0,0,0,0,0,0,0.0138888888888889,0.032258064516129,0,0,0,0,0,0,0,0,0,0,0,0,0,0,0,0,0,0,0,0,0,0,0,0,0,0,0,0,0,0,0,0,0,0,0,0,0,0,0,0,0,0,0,0,0,0,0.0222222222222222,0,0,0,0,0,0,0,0,0,0,0.010989010989011,0,0,0,0
0,0,0.00740740740740741,0,0,0,0,0,0,0,0,0,0,0,0,0.00444444444444444,0,0,0,0,0,0,0,0,0.00392156862745098,0,0.0140845070422535,0,0,0,0,0,0,0,0,0,0,0,0.00581395348837209,0,0,0,0,0,0,0,0,0,0.0192307692307692,0,0,0,0.00694444444444444,0,0.00399201596806387,0,0,0,0,0.012987012987013,0.03125,0,0,0,0,0,0,0,0,0,0,0,0,0.0125,0,0,0,0,0,0,0,0,0,0.00478468899521531,0,0,0,0,0,0,0,0,0,0.0232558139534884,0,0,0,0,0.0769230769230769,0.0179856115107914,0,0,0,0,0,0,0,0,0,0,0,0,0,0,0,0,0,0,0,0,0,0,0,0,0,0,0,0,0,0,0,0,0,0,0,0,0,0.0196078431372549,0,0,0.0166666666666667,0.0196078431372549,0,0,0,0,0,0,0,0,0,0.0232558139534884,0.0363636363636364,0,0.016,0,0,0,0,0,0,0,0,0,0,0,0,0,0,0,0.0265486725663717,0.0158730158730159,0,0,0,0,0,0,0,0,0,0.117647058823529,0,0.0135135135135135,0.00917431192660551,0,0.025,0,0,0,0,0,0,0,0,0,0,0,0,0,0,0,0.00735294117647059,0,0,0,0,0,0,0,0,0,0,0,0,0,0,0,0,0,0,0,0,0,0,0,0,0,0.00320512820512821,0,0,0,0,0,0,0,0,0,0,0,0,0,0,0,0,0,0.00775193798449612,0,0,0,0,0,0,0,0,0,0,0,0,0,0,0,0,0,0,0,0,0,0,0,0,0,0,0,0,0,0,0,0,0,0,0,0,0,0,0,0,0,0,0,0,0,0,0,0,0,0,0,0,0,0,0,0,0,0,0,0,0,0,0,0,0,0.0222222222222222,0,0
0,0,0.00754716981132075,0,0.016260162601626,0,0,0,0,0,0,0,0,0,0,0.00454545454545455,0,0,0,0,0,0,0,0,0.00803212851405622,0,0.00476190476190476,0,0,0,0,0,0,0,0,0,0,0,0.00598802395209581,0,0,0,0,0,0,0,0,0,0,0,0,0,0,0,0.00606060606060606,0,0,0,0,0,0,0,0,0,0,0,0,0,0,0,0.0131578947368421,0,0,0,0,0,0,0,0,0,0,0,0,0.00985221674876847,0,0,0,0,0,0,0,0,0,0,0,0,0,0,0,0.0145985401459854,0,0,0,0,0,0,0,0,0,0,0,0,0,0,0,0,0,0,0,0,0,0,0,0,0.00943396226415094,0,0,0.0161290322580645,0,0,0,0.0106382978723404,0,0,0,0,0,0,0,0,0.0181818181818182,0.0102040816326531,0,0,0,0,0,0,0,0,0,0,0,0,0,0,0,0,0,0,0,0,0,0,0,0,0,0,0,0,0.00909090909090909,0.0172413793103448,0,0,0,0,0.00833333333333333,0,0,0,0.117647058823529,0,0,0,0,0,0,0,0,0,0,0,0,0,0,0,0,0,0,0,0,0,0,0,0,0,0,0,0,0,0,0,0,0,0,0,0,0,0,0,0,0,0,0,0,0,0,0,0,0,0,0,0,0,0,0,0,0,0,0,0,0,0,0,0,0,0.00806451612903226,0,0,0,0,0,0,0,0,0,0,0,0,0,0,0,0,0,0,0,0,0,0,0,0,0,0,0,0,0,0,0,0,0,0,0,0,0,0,0,0,0,0,0,0,0,0,0,0,0,0,0,0,0,0,0,0,0,0,0,0,0,0,0,0,0,0,0,0
0,0,0,0,0.00689655172413793,0,0,0,0,0,0,0,0,0,0,0.00833333333333333,0,0,0,0,0,0.0105263157894737,0,0,0,0,0.0131004366812227,0.0117647058823529,0,0,0,0,0,0,0,0,0,0.0392156862745098,0,0,0.0277777777777778,0,0,0,0,0,0,0.0170940170940171,0,0,0,0.0099009900990099,0.0125786163522013,0.0227272727272727,0.00776699029126214,0,0,0,0,0.0217391304347826,0,0.0134228187919463,0,0,0,0,0,0,0,0,0,0,0,0.0543478260869565,0,0,0,0,0,0,0,0,0,0.00892857142857143,0,0,0.0120481927710843,0.0271739130434783,0,0,0,0,0,0,0,0,0,0,0.0344827586206897,0,0,0,0,0,0.0333333333333333,0.027027027027027,0,0,0,0,0,0.0294117647058824,0.0317460317460317,0,0,0,0,0,0,0,0,0,0.010752688172043,0.0357142857142857,0.024,0,0,0.0120481927710843,0,0,0,0,0,0,0,0,0,0.0149253731343284,0,0,0.0131578947368421,0.00840336134453781,0.0123456790123457,0,0,0,0,0,0,0,0,0.0297029702970297,0.0138888888888889,0,0.0214285714285714,0,0,0,0,0,0,0,0,0,0.032967032967033,0,0,0,0,0,0.00763358778625954,0,0,0,0,0,0.00381679389312977,0,0,0,0,0,0,0,0,0,0,0.0155038759689922,0,0,0,0,0,0,0,0,0,0,0,0,0,0.0337552742616034,0.0211267605633803,0,0,0,0,0,0,0,0,0.0303030303030303,0,0.0405405405405405,0,0,0,0,0,0,0,0,0,0,0,0,0.0615384615384615,0,0,0.024390243902439,0,0,0,0,0,0,0,0,0,0.0319148936170213,0,0,0,0,0,0,0,0,0,0,0,0,0,0,0,0,0,0,0.0277777777777778,0.0357142857142857,0.0138888888888889,0,0.027027027027027,0,0.03125,0.0212765957446809,0,0,0,0,0,0,0.00505050505050505,0.00909090909090909,0.0172413793103448,0,0,0,0,0.0263157894736842,0.0264900662251656,0,0,0,0,0,0,0,0,0,0,0,0,0,0,0,0,0,0,0,0,0,0,0,0.0222222222222222,0,0,0,0,0.0178571428571429,0,0,0.0333333333333333,0.0246913580246914,0
0,0,0,0.0142857142857143,0,0,0,0,0,0,0,0,0,0,0,0.00727272727272727,0,0,0,0,0,0,0,0,0,0.0112359550561798,0.0113636363636364,0,0.0114942528735632,0,0,0,0,0,0,0,0,0.0522388059701493,0,0,0,0,0,0,0,0,0,0,0.00970873786407767,0,0,0,0.0315789473684211,0.0126582278481013,0,0,0,0,0,0.015748031496063,0,0.0391061452513966,0,0,0,0,0,0,0,0,0,0,0,0.03125,0,0,0,0,0.0136986301369863,0,0,0,0,0.0275590551181102,0,0,0.00847457627118644,0.0467289719626168,0,0,0,0,0,0.0220588235294118,0.0317460317460317,0,0,0,0.015625,0.003003003003003,0,0,0,0,0,0,0,0,0,0,0,0,0.0443037974683544,0,0,0,0,0,0,0,0,0,0.032,0,0.0382165605095541,0,0,0,0,0,0,0,0.0136986301369863,0,0,0,0,0.0198019801980198,0,0,0,0.00649350649350649,0.00862068965517241,0,0,0,0,0,0,0,0,0.0373134328358209,0.0188679245283019,0,0.0532544378698225,0,0,0,0,0,0,0,0,0.0192307692307692,0.0238095238095238,0.0128205128205128,0.00632911392405063,0,0,0.015625,0,0,0,0,0,0,0,0,0,0,0.0135135135135135,0,0,0,0.0454545454545455,0,0,0.031055900621118,0,0,0,0,0,0.0151515151515152,0,0,0.0108695652173913,0,0,0,0,0.0408921933085502,0.0483870967741935,0,0,0,0,0,0,0,0,0.0147058823529412,0,0,0,0,0,0,0,0,0,0,0,0,0,0.0151515151515152,0.0236686390532544,0.0117647058823529,0.0196078431372549,0.0170940170940171,0,0,0.00884955752212389,0,0,0,0,0,0,0,0,0,0,0,0,0.00694444444444444,0,0,0,0,0,0.0431034482758621,0,0,0,0.0125,0.0133333333333333,0,0,0,0.00934579439252336,0.015625,0.0138888888888889,0,0,0.0246913580246914,0,0,0.028169014084507,0,0.0142857142857143,0.015625,0.00862068965517241,0.0138888888888889,0.0561797752808989,0,0,0,0,0,0.0160427807486631,0,0,0,0.0298507462686567,0,0,0.0198019801980198,0.0147058823529412,0,0.0158730158730159,0,0,0,0.0158730158730159,0,0,0,0,0,0,0,0,0,0.0384615384615385,0,0,0,0,0.010989010989011,0,0,0,0.0151515151515152,0
0,0,0.0376811594202899,0,0.0285714285714286,0,0,0,0,0,0,0,0,0,0,0.033112582781457,0,0,0,0,0,0,0,0.00980392156862745,0.027027027027027,0.00806451612903226,0.0202702702702703,0.0469798657718121,0,0,0,0,0,0,0,0,0,0.00571428571428571,0.01171875,0,0,0,0,0,0,0,0,0,0.0220588235294118,0,0,0.0238095238095238,0.00434782608695652,0.0087719298245614,0.0424778761061947,0,0,0,0,0.0186335403726708,0,0.0184331797235023,0,0,0,0,0,0,0,0,0.0189873417721519,0,0,0.0245398773006135,0,0,0,0,0.0223463687150838,0,0,0,0,0.0313588850174216,0,0.00961538461538462,0.0131578947368421,0.0237154150197628,0,0,0,0,0.0229007633587786,0.00578034682080925,0.0185185185185185,0,0,0,0,0.0307262569832402,0,0,0,0,0,0,0,0,0,0,0,0,0.0362694300518135,0.0163934426229508,0,0,0,0,0,0.037593984962406,0,0,0.0314465408805031,0,0.0366492146596859,0,0,0.0335570469798658,0,0,0,0.0276243093922652,0.0186915887850467,0,0,0,0,0,0,0,0.0137931034482759,0.0497237569060773,0.0133333333333333,0,0,0,0,0,0,0.0102040816326531,0,0.0116279069767442,0,0,0.0441176470588235,0.0555555555555556,0,0,0,0,0,0,0,0.0217391304347826,0.00613496932515337,0,0.0104166666666667,0,0,0,0.0575916230366492,0.0416666666666667,0,0.00952380952380952,0,0,0.0309597523219814,0,0,0,0.00917431192660551,0,0,0.0454545454545455,0,0,0,0.005,0,0,0,0,0,0,0,0,0,0,0,0,0,0.0361842105263158,0.0526315789473684,0,0,0,0,0,0,0,0,0.00970873786407767,0,0.0137931034482759,0,0,0,0,0,0,0,0,0,0,0,0.02,0.0146341463414634,0.0254237288135593,0.0310077519379845,0.0065359477124183,0.0099009900990099,0,0.0136054421768707,0,0,0,0,0,0,0.00602409638554217,0,0,0,0,0,0.00558659217877095,0.0334928229665072,0,0.00862068965517241,0,0,0.012987012987013,0,0,0,0.00869565217391304,0.018348623853211,0,0,0,0.0141843971631206,0,0.00934579439252336,0,0,0.0172413793103448,0,0,0.0188679245283019,0,0,0,0.00373134328358209,0.0225988700564972,0.0238095238095238,0.019047619047619,0,0,0,0,0.0135135135135135,0,0,0,0.00970873786407767,0,0,0,0,0.0101010101010101,0.0102040816326531,0,0,0,0.0102040816326531,0,0,0,0,0,0,0,0.00925925925925926,0,0.0175438596491228,0,0,0,0,0,0,0,0,0.0128755364806867,0
0,0,0,0,0,0,0,0,0,0,0,0,0,0,0,0,0,0,0,0,0,0,0,0,0,0,0,0,0,0,0,0,0,0,0,0,0,0,0,0,0,0,0,0,0,0,0,0,0,0,0,0,0,0,0,0,0,0,0,0,0,0,0,0,0,0,0,0,0,0,0,0,0,0,0,0,0,0,0,0,0,0,0,0,0,0,0,0,0,0,0,0,0,0,0,0,0,0,0,0,0,0,0,0,0,0,0,0,0,0,0,0,0,0,0,0,0,0,0,0,0,0,0,0,0,0,0,0,0,0,0,0,0,0,0,0,0,0,0,0,0,0,0,0,0,0,0,0,0,0,0,0,0,0,0,0,0,0,0,0,0,0,0,0,0,0,0,0,0,0,0,0,0,0,0,0,0,0,0,0,0,0,0,0,0,0,0,0,0,0,0,0,0,0,0,0,0,0,0,0,0,0,0.00381679389312977,0,0,0,0,0,0,0,0,0,0,0,0,0,0,0,0,0,0,0,0,0,0,0,0,0,0,0,0,0,0,0,0,0,0,0,0,0,0,0,0,0,0,0,0,0,0,0,0,0,0,0,0,0,0,0,0,0,0,0,0,0,0,0,0,0,0,0,0,0,0,0,0,0,0,0,0,0,0.0078740157480315,0,0,0,0,0,0,0,0,0,0,0,0,0,0,0,0,0,0,0,0,0,0,0,0,0,0,0,0,0,0,0,0,0,0
0,0,0,0.0277777777777778,0.00684931506849315,0,0,0,0,0,0,0,0,0,0,0,0,0,0,0,0,0,0,0,0,0,0.0130434782608696,0,0,0,0,0,0,0,0,0,0,0,0,0,0,0,0,0,0,0,0,0,0,0,0,0.00980392156862745,0.0125,0.0222222222222222,0.00970873786407767,0,0,0,0,0.0326086956521739,0.0204081632653061,0.0201342281879195,0,0,0,0,0,0,0,0,0,0,0,0.0103092783505155,0,0,0,0,0,0,0,0,0,0.0133928571428571,0,0,0.0119047619047619,0.0326086956521739,0,0,0,0,0,0.00961538461538462,0.0105263157894737,0,0,0,0,0,0,0,0,0,0,0,0,0,0,0,0,0,0.0234375,0,0,0,0,0,0,0.0615384615384615,0,0,0.0326086956521739,0,0.0078125,0,0,0,0,0,0,0.00862068965517241,0,0,0,0,0,0.15,0,0,0,0.0254237288135593,0.0121951219512195,0,0,0,0,0,0,0,0,0.0396039603960396,0.0422535211267606,0,0.0212765957446809,0,0,0,0,0,0,0,0,0.0285714285714286,0.0106382978723404,0,0.00806451612903226,0,0,0,0.00757575757575758,0,0,0,0,0,0.00763358778625954,0,0,0,0.025,0,0,0,0,0,0,0.00763358778625954,0,0,0,0,0,0,0,0,0.0350877192982456,0,0,0,0,0.020746887966805,0.0210526315789474,0,0,0,0,0,0,0,0,0,0,0.0263157894736842,0,0,0,0,0,0,0,0,0,0,0,0,0.0072463768115942,0,0.00303951367781155,0,0,0,0,0,0,0,0,0,0,0.0315789473684211,0,0,0,0,0,0,0.00684931506849315,0,0,0,0,0.0235294117647059,0,0,0,0.0681818181818182,0,0,0.027027027027027,0,0.0422535211267606,0,0,0,0,0,0,0.0212765957446809,0,0,0.0277777777777778,0,0.0050251256281407,0,0,0,0,0,0,0,0.0196078431372549,0,0,0,0,0,0,0,0,0,0,0,0,0,0,0,0,0,0,0,0,0,0,0,0,0,0,0,0,0.0175438596491228,0,0,0.0327868852459016,0.0121212121212121,0
0,0,0.00554016620498615,0,0.0091324200913242,0,0,0,0,0,0,0,0,0,0,0.016025641025641,0,0,0,0,0,0,0.00458715596330275,0,0,0,0.00986842105263158,0,0.024,0,0,0,0,0,0,0.00425531914893617,0,0.0284090909090909,0,0,0,0,0,0,0.0040650406504065,0,0,0,0.00699300699300699,0,0,0.0114285714285714,0.0305676855895196,0.0169491525423729,0.0136518771331058,0,0,0,0,0.0180722891566265,0.00813008130081301,0.0272727272727273,0,0,0,0,0,0,0,0,0.00306748466257669,0,0,0.0177514792899408,0,0,0,0,0.032967032967033,0,0,0,0,0.00668896321070234,0,0,0,0.0393700787401575,0,0,0,0,0,0.00561797752808989,0,0,0,0,0,0,0,0,0,0,0,0.00892857142857143,0,0,0,0,0.00869565217391304,0,0.025,0,0,0,0,0,0,0,0,0,0.0304878048780488,0,0.0304568527918782,0,0,0.00632911392405063,0,0,0,0.00526315789473684,0,0,0,0,0,0.0141843971631206,0,0,0.00662251655629139,0.015625,0.0129032258064516,0,0.00952380952380952,0.00970873786407767,0,0,0,0,0,0.0228571428571429,0.00680272108843537,0,0.0283018867924528,0.00847457627118644,0,0,0,0,0,0,0,0.00689655172413793,0.0432098765432099,0,0.0257731958762887,0,0,0,0.00975609756097561,0,0,0.018348623853211,0,0,0,0,0,0,0,0,0.0155038759689922,0.031055900621118,0.005,0,0.00763358778625954,0,0,0,0,0,0,0,0,0,0.0230769230769231,0,0,0,0,0.0423452768729642,0.0488505747126437,0,0,0,0,0,0.00280898876404494,0,0,0,0,0.00662251655629139,0,0,0,0,0,0,0,0,0,0,0,0,0.065,0,0.0227848101265823,0,0,0,0.0065359477124183,0.0170940170940171,0,0,0,0,0,0.0424242424242424,0,0,0,0,0,0,0.00454545454545455,0,0,0,0,0.00625,0,0,0,0,0,0,0,0,0.0277777777777778,0,0,0,0,0,0,0,0.00892857142857143,0,0.00909090909090909,0,0.0148148148148148,0.0163934426229508,0.0229007633587786,0.00900900900900901,0,0,0.00961538461538462,0,0.0648148148148148,0,0,0,0,0,0,0,0,0,0,0,0,0,0,0,0,0,0,0,0,0,0,0,0,0,0,0,0,0,0,0,0.00735294117647059,0.025531914893617,0
0.0304568527918782,0,0,0,0,0,0.112211221122112,0,0,0,0,0.0530035335689046,0.0964125560538117,0.0372340425531915,0,0,0,0,0.0297029702970297,0,0.043010752688172,0,0,0,0,0,0,0,0,0.00769230769230769,0.00520833333333333,0,0.0234741784037559,0,0,0.0408163265306122,0.0585774058577406,0,0,0,0,0.0535117056856187,0,0,0,0,0.0101010101010101,0,0,0.0736434108527132,0,0,0,0,0,0,0,0.0512820512820513,0,0,0,0,0,0,0.0242914979757085,0.010752688172043,0.045662100456621,0.0609318996415771,0,0.0395256916996047,0,0,0.0161290322580645,0,0,0,0,0,0,0.012987012987013,0.00574712643678161,0,0.0566666666666667,0,0,0,0,0,0.0366492146596859,0.00571428571428571,0.0377358490566038,0,0,0,0,0,0.014218009478673,0.0259067357512953,0,0,0.00778210116731518,0.00523560209424084,0,0.00540540540540541,0,0,0,0,0,0,0,0,0,0,0.00518134715025907,0,0,0,0,0,0,0.0240384615384615,0,0,0,0,0,0,0,0,0,0,0,0.0378787878787879,0.00571428571428571,0.00505050505050505,0,0,0.00571428571428571,0,0,0,0,0,0,0,0,0,0.00561797752808989,0,0.0292207792207792,0,0,0.0288065843621399,0,0,0.0102040816326531,0.00546448087431694,0,0.0228136882129278,0.0537634408602151,0.0130434782608696,0,0,0,0,0,0,0,0,0,0,0,0,0,0,0,0.0458715596330275,0,0,0,0,0,0,0,0,0,0,0,0.00543478260869565,0.0272108843537415,0,0,0,0.0514705882352941,0.0053475935828877,0,0.0329218106995885,0.0522565320665083,0.00510204081632653,0.0423387096774194,0,0,0,0.0218340611353712,0.0315457413249211,0,0,0.0314009661835749,0.0271317829457364,0.00578034682080925,0,0,0,0.00546448087431694,0,0,0,0,0.0498220640569395,0,0,0,0,0.00546448087431694,0,0,0,0.0106609808102345,0,0,0,0,0,0.0157068062827225,0,0,0,0,0,0,0,0,0,0,0,0,0,0,0,0,0,0,0,0,0,0,0,0,0,0,0,0,0,0,0,0,0,0,0,0,0,0,0.00392156862745098,0,0,0,0,0,0,0,0,0,0,0,0,0,0,0,0,0,0,0,0,0,0,0,0,0,0,0.0853994490358127,0,0,0,0,0.0830324909747292,0.0510948905109489,0,0.0169491525423729,0,0,0.0576131687242798,0,0,0.0108695652173913
0,0,0,0,0,0,0,0,0,0,0,0,0,0,0,0,0,0,0,0,0,0.00571428571428571,0,0,0,0,0,0,0,0,0,0,0.0178571428571429,0,0,0.00694444444444444,0,0,0,0,0,0,0,0,0,0,0,0.00980392156862745,0,0,0,0,0,0,0,0,0,0.0232558139534884,0,0,0,0,0,0,0.010989010989011,0.0384615384615385,0.0149253731343284,0,0,0.0099009900990099,0,0,0,0,0,0,0,0,0,0.0138888888888889,0,0,0.012987012987013,0,0,0,0,0.00581395348837209,0,0,0,0,0,0,0,0,0.0192307692307692,0,0,0,0,0,0,0,0,0,0,0,0.0769230769230769,0,0,0,0,0,0,0,0,0,0,0,0,0.0196078431372549,0,0,0.00900900900900901,0,0,0,0,0,0,0,0,0.00892857142857143,0,0,0,0.0196078431372549,0,0,0,0,0,0,0,0,0,0,0,0,0.012987012987013,0,0,0,0.00793650793650794,0,0.0277777777777778,0,0,0,0.0131578947368421,0.0140845070422535,0,0.0185185185185185,0,0,0,0,0,0,0,0,0,0,0,0,0,0,0,0,0,0,0,0,0,0,0,0,0.00543478260869565,0,0.00714285714285714,0,0,0,0.00806451612903226,0,0,0,0.0217391304347826,0,0.0028169014084507,0,0,0,0,0.00606060606060606,0,0,0.00757575757575758,0.0196078431372549,0,0,0,0,0,0,0,0,0,0.0075187969924812,0,0,0,0,0,0,0,0,0,0,0,0,0,0,0,0,0,0,0,0,0,0,0,0,0,0,0,0,0,0,0,0.0144927536231884,0,0,0,0,0,0,0,0,0,0,0,0,0,0,0,0.0333333333333333,0,0,0,0,0,0.0106382978723404,0,0,0,0,0,0,0.0072463768115942,0,0,0,0,0,0,0,0,0,0,0,0,0,0,0,0,0,0,0,0.00431034482758621,0,0,0,0,0.0072463768115942,0,0.0294117647058824,0,0,0,0,0,0,0
0.0258064516129032,0,0,0,0,0,0.0280701754385965,0.00561797752808989,0,0,0,0.032520325203252,0.0495283018867925,0.00666666666666667,0,0,0,0,0.00613496932515337,0,0.051063829787234,0,0,0,0,0,0,0,0,0,0,0,0.029585798816568,0,0,0.0355731225296443,0.0398009950248756,0,0,0,0,0.0304182509505703,0,0,0,0,0.012987012987013,0,0,0.0355555555555556,0,0,0,0,0,0,0,0.0387096774193548,0,0,0,0,0,0,0.0195121951219512,0.0140845070422535,0,0.0285714285714286,0,0.0138888888888889,0,0,0,0,0,0,0.00699300699300699,0,0,0.021505376344086,0.00769230769230769,0,0.0263157894736842,0,0,0,0,0,0.0131578947368421,0,0.0232558139534884,0,0,0,0,0,0.0119047619047619,0.0198675496688742,0,0,0,0.0136986301369863,0,0.00709219858156028,0,0,0,0,0.0211267605633803,0,0,0,0,0,0,0,0,0,0.00662251655629139,0,0,0.00595238095238095,0,0,0,0,0,0,0,0,0.00719424460431655,0,0,0.036036036036036,0.0153846153846154,0.0130718954248366,0,0,0,0,0,0,0,0,0,0,0,0,0,0,0.06640625,0,0,0.0351758793969849,0,0,0.0198675496688742,0,0,0.0368663594470046,0.0642201834862385,0.0161290322580645,0,0,0,0,0,0,0,0,0,0,0,0,0,0,0,0.0337078651685393,0,0,0,0,0,0,0,0,0,0,0.0272108843537415,0.00714285714285714,0,0,0,0,0.0614035087719298,0,0,0.035,0.0611702127659574,0.00657894736842105,0.0350109409190372,0,0,0,0.027027027027027,0.0366300366300366,0,0,0.0521978021978022,0.0574162679425837,0,0,0,0,0,0,0,0,0,0.0371900826446281,0,0.00680272108843537,0,0,0,0,0,0,0.00233100233100233,0,0,0,0,0,0.00671140939597315,0,0,0,0,0,0,0,0,0,0,0,0,0,0,0,0,0,0.0171428571428571,0,0,0,0,0,0,0,0,0,0,0,0,0,0,0,0,0,0,0,0,0.004739336492891,0,0,0,0,0,0,0,0,0,0,0,0,0,0,0,0,0,0,0,0,0,0,0,0,0,0,0.0447761194029851,0,0,0,0,0.0491803278688525,0.0382978723404255,0,0.00740740740740741,0,0,0.0240384615384615,0,0,0.0142857142857143
0,0,0,0,0,0,0,0,0,0,0,0,0,0,0,0,0,0,0,0,0,0,0,0,0,0,0,0,0,0,0,0,0,0,0,0,0,0,0,0,0,0,0,0,0,0,0,0,0,0,0,0,0,0,0,0,0,0,0,0,0,0,0,0,0,0,0,0,0,0,0,0,0,0,0,0,0,0,0,0,0,0,0,0,0,0,0,0.0062111801242236,0,0,0,0,0,0,0,0,0,0,0,0,0,0,0,0,0,0,0,0,0,0,0,0,0,0,0,0,0,0,0,0,0,0,0,0,0,0,0,0,0,0,0,0,0,0,0,0,0,0,0,0,0,0,0,0,0,0,0,0,0,0,0,0,0,0,0.00869565217391304,0,0,0,0,0,0,0,0,0,0,0,0,0,0,0,0,0,0,0,0,0,0,0,0,0,0,0,0,0,0,0,0,0,0,0,0,0,0,0,0,0,0,0,0,0,0,0.00460829493087558,0,0,0,0,0,0,0,0,0,0,0,0,0,0,0,0,0,0,0,0,0,0,0,0,0,0,0,0,0,0,0,0,0,0,0,0,0,0,0,0,0,0,0,0,0,0,0,0,0,0,0,0,0,0,0,0,0,0,0,0,0,0,0,0,0,0,0,0,0,0,0,0,0,0,0,0,0,0,0,0,0,0,0,1,0,0,0,0,0,0,0,0,0,0,0,0,0,0,0,0,0,0,0,0,0,0,0,0,0,0,0,0,0
0,0,0,0,0,0,0,0,0,0,0,0,0,0,0,0,0,0,0,0,0,0,0,0,0,0,0,0,0,0,0,0,0,0,0,0,0,0,0,0,0,0,0,0,0,0,0,0,0,0,0,0,0,0,0,0,0,0,0,0.0147058823529412,0,0,0,0,0,0,0,0,0,0,0,0,0,0.0140845070422535,0,0,0,0,0,0,0,0,0,0,0,0,0,0,0,0,0,0,0,0,0,0,0,0,0,0,0,0,0,0,0,0,0,0,0,0,0,0,0.00961538461538462,0,0,0,0,0,0,0,0,0,0,0,0.00980392156862745,0,0,0,0,0,0,0,0,0,0,0,0,0,0,0,0,0,0,0,0,0,0,0,0,0,0,0,0,0,0,0,0,0,0,0,0,0,0,0,0,0,0,0,0,0,0,0,0,0,0,0,0,0,0,0,0,0,0,0,0,0,0,0,0,0,0,0,0,0,0,0,0,0,0,0,0,0.0045662100456621,0.00378787878787879,0,0,0,0,0,0,0,0,0,0,0,0,0,0,0,0,0,0,0,0,0,0,0,0,0,0,0,0,0,0,0,0,0,0,0,0,0,0,0,0,0,0,0,0,0,0,0,0,0,0,0,0,0,0,0,0,0,0.0212765957446809,0,0,0,0,0,0,0,0,0,0,0,0,0,0.0303030303030303,0,0,0,0,0,0,0,0,0,0,0,0,0.0238095238095238,0,0,0,0,0,0,0,0,0,0,0,0,0,0,0,0,0,0,0,0,0,0,0,0,0.0277777777777778,0,0
0,0,0,0,0,0,0,0,0,0,0,0,0,0,0,0,0,0,0,0,0,0,0,0,0,0,0.00483091787439614,0,0,0,0,0,0,0,0,0,0,0,0,0,0,0,0,0,0,0,0,0,0,0,0,0,0,0.05,0,0,0,0,0,0,0,0.00793650793650794,0,0,0,0,0,0,0,0,0,0,0,0,0,0,0,0,0,0,0,0,0,0.00497512437810945,0,0,0,0.00609756097560976,0,0,0,0,0,0,0,0,0,0,0,0,0,0,0,0,0,0,0,0,0,0,0,0,0.00952380952380952,0,0,0,0,0,0,0.0232558139534884,0,0,0,0,0,0,0,0,0,0,0,0,0,0,0,0,0,0,0,0,0,0,0,0,0,0,0,0,0,0,0,0,0,0,0,0,0,0,0,0,0,0,0,0,0,0,0,0,0,0,0,0,0,0,0,0,0,0,0,0,0,0,0,0.0151515151515152,0,0,0,0,0,0,0,0,0,0,0,0,0,0,0,0,0,0,0,0,0,0,0,0,0,0,0,0,0,0,0,0,0,0,0,0,0,0,0,0,0,0,0,0,0,0.0169491525423729,0,0,0,0,0,0,0,0,0,0,0,0,0,0,0,0,0,0,0,0,0,0,0,0,0,0,0,0,0,0,0,0,0,0,0,0,0,0,0,0,0,0,0,0.0116279069767442,0,0,0,0,0,0,0,0,0.2,0,0,0,0,0,0,0,0,0,0,0,0,0,0,0,0,0,0,0,0,0,0,0,0,0,0,0,0,0,0,0,0
0.0141843971631206,0,0,0,0,0,0.0183823529411765,0,0,0,0,0.0347826086956522,0.0463414634146341,0.0305343511450382,0,0,0,0,0.00680272108843537,0,0.0266666666666667,0,0,0,0,0,0,0,0,0,0,0,0.0394736842105263,0,0,0.0379746835443038,0.0489130434782609,0,0,0,0,0.0240963855421687,0,0,0,0,0.0218978102189781,0,0,0.0235849056603774,0,0,0,0,0,0,0,0.0507246376811594,0,0,0,0,0,0,0.0157894736842105,0,0.0242424242424242,0.0630630630630631,0,0.0252525252525253,0,0,0.015748031496063,0,0,0,0,0,0,0.0357142857142857,0.0087719298245614,0,0.0158102766798419,0,0,0,0,0,0.0222222222222222,0,0.0256410256410256,0,0,0,0,0,0.0266666666666667,0.0147058823529412,0,0,0,0.00763358778625954,0,0.008,0,0,0,0,0,0,0,0,0,0,0,0,0,0,0.0225563909774436,0,0,0.0132450331125828,0,0,0,0,0,0,0,0,0.0163934426229508,0,0,0.014218009478673,0,0.0220588235294118,0,0,0,0,0,0,0,0,0,0,0,0,0,0,0.0576131687242798,0,0,0.0674157303370786,0,0,0.0222222222222222,0,0,0.045,0.053968253968254,0.0421686746987952,0,0,0,0,0,0,0,0,0,0,0,0,0,0.00854700854700855,0,0.024390243902439,0,0,0,0,0,0,0,0,0,0,0.0514705882352941,0.00806451612903226,0.0614035087719298,0,0,0,0,0,0,0.0380434782608696,0.0435967302452316,0.0223880597014925,0.0652680652680653,0,0,0,0.0545454545454545,0.0229885057471264,0,0,0.0367231638418079,0.0512820512820513,0,0,0,0,0.0247933884297521,0,0,0,0,0.0352422907488987,0,0.0232558139534884,0.00869565217391304,0,0.0163934426229508,0,0,0,0.00975609756097561,0,0,0,0,0,0.0151515151515152,0,0,0,0,0,0,0,0,0,0,0,0,0,0,0,0,0,0.0125,0,0,0,0,0,0,0,0,0,0,0,0,0,0,0,0,0,0,0,0,0.00512820512820513,0,0,0,0,0,0,0,0,0,0,0,0,0,0,0,0,0,0,0,0,0,0,0,0,0,0,0.0404984423676012,0,0,0,0,0.038961038961039,0.027027027027027,0.00740740740740741,0.00840336134453781,0,0,0.0154639175257732,0,0,0
0,0,0,0,0,0,0.00561797752808989,0.015625,0,0,0,0.0144927536231884,0.00914634146341463,0,0,0,0,0.0277777777777778,0,0,0.00757575757575758,0.0112994350282486,0,0,0,0,0,0,0,0.00970873786407767,0,0,0,0,0,0.0136986301369863,0.0106382978723404,0,0,0,0,0,0,0,0,0,0,0.0192307692307692,0,0.00847457627118644,0.0476190476190476,0,0,0,0,0,0,0,0,0,0,0,0,0,0.0106382978723404,0,0,0.0147058823529412,0.032258064516129,0,0,0,0,0,0,0,0,0,0,0,0,0.00900900900900901,0,0,0,0,0,0,0,0,0,0,0,0,0,0,0.0181818181818182,0,0,0,0.0306122448979592,0,0,0.037037037037037,0,0,0,0,0,0,0,0,0,0,0,0,0,0,0.027027027027027,0,0,0,0,0,0,0,0,0,0,0,0,0,0,0,0,0.025,0,0,0,0,0,0,0,0,0,0,0,0.0185185185185185,0,0,0,0,0,0.0222222222222222,0,0,0,0,0,0.00909090909090909,0.00429184549356223,0,0,0,0,0,0,0,0,0,0,0,0,0,0,0,0,0,0,0.0344827586206897,0,0,0,0,0,0,0,0,0.0053475935828877,0,0,0,0,0,0,0,0,0,0.00352112676056338,0,0.00842696629213483,0,0,0,0,0,0,0,0.00373134328358209,0,0,0,0,0,0,0,0.00591715976331361,0,0,0,0,0,0,0,0,0,0,0,0,0,0,0,0,0,0,0,0,0,0.0175438596491228,0,0,0,0,0,0.0158730158730159,0,0,0,0,0,0,0,0.0491803278688525,0,0,0,0,0,0,0,0,0,0,0,0,0,0,0,0,0,0,0,0,0,0,0,0,0,0,0,0,0,0,0,0,0,0,0,0,0,0,0,0,0,0,0,0,0,0,0,0.00425531914893617,0,0,0,0,0.0142857142857143,0.015625,0,0,0,0,0.0206185567010309,0,0,0
0,0,0.00346020761245675,0,0,0,0,0,0,0,0,0,0,0,0,0,0,0,0.015625,0,0,0.00518134715025907,0.00689655172413793,0,0.00366300366300366,0,0,0,0.0185185185185185,0,0,0,0,0,0,0,0,0.0188679245283019,0,0,0,0,0,0,0,0,0,0.0168067226890756,0,0,0,0,0.0316455696202532,0,0.00385356454720617,0,0,0,0,0.0105263157894737,0,0.02,0,0,0,0,0,0,0,0,0,0,0,0,0,0,0,0.0151515151515152,0,0,0,0,0,0.00440528634361234,0,0,0,0.0105820105820106,0,0,0,0,0,0,0,0,0,0,0,0,0,0,0,0,0,0,0,0,0,0,0,0,0,0,0,0,0,0,0,0,0,0,0.0212765957446809,0,0.0317460317460317,0,0,0.0117647058823529,0,0,0,0,0,0,0,0,0,0.0144927536231884,0,0,0,0.00826446280991736,0.0120481927710843,0,0.03125,0.0333333333333333,0,0,0,0,0,0,0.0273972602739726,0,0.00694444444444444,0,0,0,0,0,0,0,0,0,0,0,0.008,0,0,0,0,0,0,0,0,0,0.00378787878787879,0,0,0,0,0,0,0.0108695652173913,0,0,0.0350877192982456,0.0230769230769231,0,0,0,0,0,0,0,0,0,0,0,0,0,0.0040650406504065,0.028169014084507,0,0,0,0,0,0,0,0,0,0,0,0,0,0.0109289617486339,0,0,0,0,0,0,0,0,0,0.00719424460431655,0,0.00303030303030303,0.0117647058823529,0,0,0,0,0,0,0,0,0,0.0102040816326531,0,0,0,0,0,0.00900900900900901,0,0,0,0,0,0.0114942528735632,0,0,0,0,0,0,0,0,0,0,0,0,0,0,0,0,0,0,0,0,0,0.00892857142857143,0.0338983050847458,0,0,0,0,0,0.0194805194805195,0,0,0,0,0,0,0,0,0,0,0,0,0,0,0,0,0,0,0,0,0,0,0,0,0,0,0,0,0.0172413793103448,0,0,0,0.0306748466257669,0
0.0485436893203883,0,0,0,0,0,0.0210970464135021,0,0,0,0,0.015,0.012853470437018,0.0204081632653061,0,0,0,0,0,0,0.0425531914893617,0.004149377593361,0.00518134715025907,0,0,0,0,0,0,0.0182926829268293,0.0208333333333333,0,0.00819672131147541,0,0,0.00476190476190476,0.025974025974026,0,0,0,0,0.0045662100456621,0,0,0,0,0.00961538461538462,0,0,0.04,0,0,0,0,0,0,0,0,0,0,0,0,0,0,0,0,0.0151515151515152,0.0523560209424084,0,0.00598802395209581,0,0,0,0,0,0,0,0,0,0.0072463768115942,0,0,0.0230414746543779,0,0,0,0,0,0.0404040404040404,0,0.016260162601626,0,0,0,0,0,0.0170940170940171,0,0,0,0,0.0104166666666667,0,0,0,0,0,0,0.0217391304347826,0,0,0,0,0,0,0,0,0,0,0,0,0.0172413793103448,0,0,0,0,0,0,0,0,0,0,0,0.00561797752808989,0,0.00970873786407767,0,0,0,0,0,0,0,0,0,0,0,0,0,0,0.0277777777777778,0,0,0.0264900662251656,0,0,0,0.0113636363636364,0,0.0235294117647059,0.0348432055749129,0,0,0,0,0,0,0,0,0,0,0,0,0,0,0,0,0.0390625,0,0,0,0,0,0,0,0,0,0,0.0329218106995885,0,0.035,0,0,0,0.0380434782608696,0,0,0,0.0481927710843374,0.0625,0.0497512437810945,0,0,0,0.053030303030303,0.045045045045045,0,0,0.031055900621118,0.0493827160493827,0,0,0,0,0,0,0,0,0,0.0471204188481675,0,0.0210526315789474,0,0,0,0,0,0,0.00797872340425532,0,0,0,0,0,0.0102040816326531,0,0,0,0,0,0,0,0,0,0,0,0,0,0,0,0,0,0,0,0,0,0,0,0,0,0,0,0,0,0,0,0,0,0,0,0,0,0,0.0254777070063694,0,0,0,0,0,0,0,0,0,0,0,0,0,0,0,0,0,0,0,0,0,0,0,0,0,0.00925925925925926,0.023972602739726,0.0125,0,0,0,0.0301507537688442,0.0489130434782609,0,0,0,0,0.0384615384615385,0,0,0.0111111111111111
0.0135135135135135,0,0,0,0,0.0072992700729927,0.0533980582524272,0.00946372239747634,0.00593471810089021,0,0,0.0233160621761658,0.0408525754884547,0.00343642611683849,0,0,0,0,0.00993377483443709,0,0.0291777188328912,0.00696055684454756,0.0104712041884817,0,0,0,0,0,0,0.0141242937853107,0.00694444444444444,0,0.00961538461538462,0,0,0.0440414507772021,0.0324483775811209,0,0,0.00471698113207547,0,0.03,0,0,0.00242130750605327,0,0.0171232876712329,0.00277777777777778,0,0.0218579234972678,0.00727272727272727,0,0,0,0,0,0,0.023728813559322,0.00687285223367698,0,0,0,0,0,0.0115606936416185,0.0178571428571429,0.01875,0.048,0.0034965034965035,0.0198300283286119,0,0,0.00704225352112676,0,0,0,0.00352112676056338,0,0,0.0216049382716049,0,0.0110192837465565,0.0324189526184539,0,0,0,0,0,0.0068259385665529,0,0.012779552715655,0,0,0,0,0,0.0230263157894737,0.0068259385665529,0,0,0.0142450142450142,0.0140350877192982,0.0099009900990099,0,0,0,0,0,0.00704225352112676,0,0,0,0,0,0.00344827586206897,0.0037037037037037,0,0,0.00687285223367698,0,0,0.0163934426229508,0,0,0,0,0,0,0,0,0.00357142857142857,0,0,0.0450704225352113,0.00367647058823529,0.0136986301369863,0,0,0,0,0,0,0,0,0,0,0,0.00649350649350649,0,0,0.0298507462686567,0.00289855072463768,0,0.0451807228915663,0.00260416666666667,0,0.0068259385665529,0,0,0.0427350427350427,0.0630434782608696,0.0280373831775701,0,0,0,0,0,0,0,0,0,0,0,0,0.00709219858156028,0,0,0.0188087774294671,0,0.00706713780918728,0,0,0,0,0,0,0,0,0.0522565320665083,0.0217391304347826,0.0611702127659574,0,0,0,0.0435967302452316,0.00352112676056338,0,0.0481927710843374,0,0.00341296928327645,0.0828924162257496,0,0,0,0.0408805031446541,0.0495049504950495,0,0,0.0737704918032787,0.06158357771261,0,0,0,0,0.00357142857142857,0,0.00950118764845606,0,0,0.0623306233062331,0,0.00347222222222222,0,0.0034965034965035,0.0107913669064748,0,0,0,0.0106194690265487,0,0,0,0,0,0.00344827586206897,0,0,0,0.00967741935483871,0,0,0.00914634146341463,0,0,0.00314465408805031,0,0,0,0,0,0,0.00613496932515337,0.00949367088607595,0,0,0,0,0,0,0,0,0,0,0,0,0,0,0,0,0,0,0,0,0.00857142857142857,0,0,0,0,0,0,0,0,0,0,0,0,0,0,0,0,0,0,0,0,0,0,0.00366300366300366,0,0,0.00333333333333333,0.0513918629550321,0.00367647058823529,0,0,0,0.0392670157068063,0.046195652173913,0.0209059233449477,0,0,0.00579710144927536,0.023121387283237,0,0,0
0,0,0,0,0,0,0,0,0,0,0,0,0,0,0,0,0,0,0,0,0,0.0053475935828877,0,0,0,0,0,0,0,0,0,0,0,0,0,0.0129032258064516,0,0,0,0,0,0,0,0,0,0,0,0,0,0.0078740157480315,0,0,0,0,0,0,0,0,0,0,0,0,0,0,0,0,0,0.0208333333333333,0,0,0,0,0,0,0,0.0294117647058824,0,0,0,0,0,0,0,0,0,0,0,0,0,0,0,0,0,0,0,0,0,0,0,0,0,0,0,0,0,0,0,0,0,0,0,0,0,0,0,0,0,0,0.0217391304347826,0,0,0,0,0,0,0,0,0,0,0,0,0,0,0.00806451612903226,0,0,0,0,0,0,0,0,0,0,0,0,0,0,0,0,0.00598802395209581,0,0,0.0202020202020202,0,0,0,0.0294117647058824,0,0,0.00829875518672199,0,0,0,0,0,0,0,0,0,0,0,0,0,0,0,0,0,0,0,0,0,0,0,0,0,0,0,0.00510204081632653,0,0.00657894736842105,0,0,0,0.0223880597014925,0,0,0.0625,0.00341296928327645,0,0.00821917808219178,0,0,0,0.0365853658536585,0.0113636363636364,0,0,0.0183150183150183,0,0,0,0,0,0,0,0,0,0,0.020979020979021,0,0,0,0,0,0,0,0,0.00308641975308642,0,0,0,0,0,0,0,0,0,0,0,0,0,0,0,0.0138888888888889,0,0,0,0,0,0,0,0,0,0,0,0,0,0,0,0,0,0,0,0,0,0,0,0,0,0,0,0,0,0,0,0,0,0,0,0,0,0,0,0,0,0,0,0,0,0,0,0,0,0,0,0,0,0,0,0,0,0,0,0,0,0.0220588235294118,0,0,0,0,0,0,0,0
0.0274725274725275,0,0,0,0,0.00574712643678161,0.0627615062761506,0.0102564102564103,0,0,0,0.0707762557077626,0.0801963993453355,0.00826446280991736,0,0,0.00288184438040346,0,0.00530503978779841,0,0.0358744394618834,0,0,0,0,0,0,0,0,0.0164319248826291,0.00831024930747922,0,0.0401069518716578,0,0,0.0529801324503311,0.06,0,0,0,0,0.0274841437632135,0,0,0,0,0.0192307692307692,0,0,0.0491803278688525,0,0,0,0,0,0,0,0.010752688172043,0,0,0,0,0,0,0.029126213592233,0.0141242937853107,0.0256410256410256,0.0589569160997732,0,0.0260047281323877,0,0,0,0,0,0,0.00279329608938547,0,0,0.0227272727272727,0,0,0.0360934182590234,0,0,0,0,0,0.0137362637362637,0,0.0129533678756477,0,0,0,0,0,0.0294117647058824,0.0137362637362637,0,0,0.0117647058823529,0.0139664804469274,0,0.00563380281690141,0,0,0,0,0.0198300283286119,0,0,0,0,0,0.00550964187327824,0,0,0.00289855072463768,0.0222841225626741,0,0,0.0350404312668464,0,0,0,0,0,0,0,0,0.0056657223796034,0,0,0.0595238095238095,0,0.0136986301369863,0,0,0.00289017341040462,0,0,0,0,0,0,0,0,0,0.00286532951289398,0,0.0494623655913978,0,0,0.0369458128078818,0,0,0.00271739130434783,0,0,0.0501193317422434,0.112648221343874,0.0279898218829517,0,0,0,0,0,0,0,0,0,0,0,0,0.00280112044817927,0.00576368876080692,0,0.0283505154639175,0,0,0,0,0,0,0,0,0,0,0.0423387096774194,0.0028169014084507,0.0350109409190372,0,0,0,0.0652680652680653,0.00842696629213483,0,0.0497512437810945,0.0828924162257496,0.00821917808219178,0,0,0,0,0.0305343511450382,0.0686695278969957,0,0,0.0755395683453237,0.0608272506082725,0,0,0,0,0.00282485875706215,0,0,0,0,0.0737327188940092,0,0.00833333333333333,0,0,0.0056657223796034,0,0,0,0.00467289719626168,0,0,0,0,0,0.0110803324099723,0,0,0,0,0,0,0,0,0,0,0,0,0,0,0,0,0,0.00255102040816327,0,0,0,0,0,0,0,0,0,0,0,0,0,0,0,0,0,0,0,0,0.00945626477541371,0,0,0,0,0,0,0,0,0,0,0,0,0,0,0,0,0,0,0,0,0,0,0,0,0.00285714285714286,0,0.125498007968127,0.00579710144927536,0,0,0,0.0608108108108108,0.0551724137931034,0.0110192837465565,0.00285714285714286,0,0,0.026378896882494,0,0,0.00847457627118644
0,0,0.00421052631578947,0.00446428571428571,0.0120845921450151,0,0,0,0,0,0.00460829493087558,0,0,0,0.00460829493087558,0.0286396181384248,0,0,0,0,0,0,0,0.00909090909090909,0.0087527352297593,0.00826446280991736,0.0604534005037783,0.00732600732600733,0.0168067226890756,0,0,0,0,0,0,0,0,0.0611510791366906,0.0134048257372654,0,0.018018018018018,0,0,0,0,0,0,0,0.0117647058823529,0,0,0.0104166666666667,0.0638297872340425,0.012987012987013,0.0290697674418605,0,0,0,0,0.0328467153284672,0.0214592274678112,0.0559006211180124,0.0045662100456621,0,0,0,0,0,0,0,0,0,0,0.0671641791044776,0.0045662100456621,0,0,0,0.00332225913621262,0,0,0,0,0.0586734693877551,0,0,0.0111111111111111,0.125,0,0,0,0,0,0.0353356890459364,0.0364963503649635,0,0,0,0,0.00205338809034908,0,0,0,0,0,0,0,0.00460829493087558,0,0,0,0.00900900900900901,0.0924657534246575,0.00413223140495868,0,0,0,0,0,0.028,0,0,0.0481481481481481,0,0.0496688741721854,0,0,0.00367647058823529,0,0,0,0.00328947368421053,0.00884955752212389,0,0,0,0,0.0362903225806452,0,0,0,0.03,0.0383141762452107,0,0.0045662100456621,0,0.00460829493087558,0,0,0,0,0.0615942028985507,0.0274509803921569,0,0.0885245901639344,0.0174672489082969,0,0,0,0,0,0,0,0.0483870967741935,0.044280442804428,0,0.0468227424749164,0,0,0.00458715596330275,0.019047619047619,0,0,0.00446428571428571,0,0,0.0203160270880361,0,0,0,0,0,0.0337552742616034,0.0408921933085502,0.0361842105263158,0,0.020746887966805,0.0423452768729642,0,0,0,0.00460829493087558,0.0045662100456621,0,0,0,0.0040650406504065,0,0,0,0,0,0.356940509915014,0,0,0,0.00460829493087558,0,0,0,0,0,0,0.0191570881226054,0,0,0,0,0,0,0,0,0,0,0,0.00454545454545455,0.101010101010101,0.00840336134453781,0.0443548387096774,0.0263157894736842,0.00454545454545455,0.00442477876106195,0.00374531835205993,0.0219298245614035,0,0,0,0,0,0.0476190476190476,0,0,0,0,0,0.0101351351351351,0.00903614457831325,0,0.00854700854700855,0.00454545454545455,0,0.0261194029850746,0,0,0.00458715596330275,0.0262008733624454,0.0176991150442478,0.00917431192660551,0.0134529147982063,0.00460829493087558,0.0355731225296443,0,0.00888888888888889,0,0.00452488687782805,0.00423728813559322,0,0.00425531914893617,0.00888888888888889,0,0,0,0.0130548302872063,0.0204081632653061,0.0205761316872428,0.00892857142857143,0,0,0.00458715596330275,0.0133333333333333,0.0519877675840979,0.00460829493087558,0,0,0.00904977375565611,0.00460829493087558,0,0.00784313725490196,0.00904977375565611,0,0,0,0,0,0,0,0,0.0045662100456621,0,0,0,0,0,0,0.0217391304347826,0,0,0,0,0.0292887029288703,0,0,0.0502092050209205,0.0502958579881657,0
0,0.00760456273764259,0.00384615384615385,0.00746268656716418,0.0133333333333333,0,0,0,0,0,0.00381679389312977,0,0,0,0,0.0325379609544469,0,0,0,0,0,0,0,0.00754716981132075,0.00796812749003984,0.00347222222222222,0.0471910112359551,0.00946372239747634,0.028673835125448,0,0,0,0,0,0,0,0,0.0559006211180124,0.0143884892086331,0,0.0111940298507463,0,0,0,0,0,0,0,0.00664451827242525,0,0,0.00598802395209581,0.0646900269541779,0.0072202166064982,0.0272851296043656,0,0,0,0,0.0445859872611465,0.0107142857142857,0.0635359116022099,0,0,0,0,0,0,0,0,0,0,0,0.0711974110032362,0.00378787878787879,0,0,0,0.00579710144927536,0,0,0,0,0.0407239819004525,0,0,0.0127388535031847,0.128,0,0,0,0,0,0.027355623100304,0.0411392405063291,0,0,0,0.00380228136882129,0,0,0,0,0,0,0,0,0.00381679389312977,0,0.00378787878787879,0,0.00749063670411985,0.0801186943620178,0.0140845070422535,0,0,0,0,0,0.0307167235494881,0,0,0.0445859872611465,0,0.0741839762611276,0,0,0,0,0,0,0.00574712643678161,0.0111111111111111,0,0,0,0,0.0413793103448276,0,0,0,0.023121387283237,0.0463576158940397,0,0.00378787878787879,0,0.00381679389312977,0,0,0,0,0.069620253164557,0.0513698630136986,0,0.0991253644314869,0.0109090909090909,0,0,0,0,0,0,0,0.0481099656357388,0.0512820512820513,0,0.043731778425656,0,0,0.00380228136882129,0.0166666666666667,0,0,0.00371747211895911,0,0,0.0226337448559671,0,0,0,0.00735294117647059,0,0.0211267605633803,0.0483870967741935,0.0526315789473684,0.00381679389312977,0.0210526315789474,0.0488505747126437,0,0,0,0,0.00378787878787879,0,0,0,0.028169014084507,0,0,0,0,0.356940509915014,0,0,0,0,0.00381679389312977,0,0,0,0,0.00374531835205993,0,0.0230263157894737,0,0,0,0,0,0,0,0,0,0,0,0.00757575757575758,0.11377245508982,0.00352112676056338,0.0406654343807763,0.0324675324675325,0.00377358490566038,0.003690036900369,0.00320512820512821,0.0183150183150183,0,0,0,0,0,0.0408805031446541,0,0,0.00378787878787879,0,0,0.0147492625368732,0.0106382978723404,0,0.00357142857142857,0.00377358490566038,0,0.032258064516129,0,0,0.00380228136882129,0.0218978102189781,0.0110294117647059,0.00378787878787879,0.0111940298507463,0,0.0622837370242214,0,0.0111524163568773,0,0,0.010752688172043,0,0.00357142857142857,0.00740740740740741,0,0,0,0.00932400932400932,0.00583090379008746,0.0244755244755245,0.00743494423791822,0,0,0.00380228136882129,0.00738007380073801,0.0599455040871935,0.00381679389312977,0,0,0.0113207547169811,0,0,0.00666666666666667,0.0075187969924812,0.00380228136882129,0.00381679389312977,0,0,0,0.00381679389312977,0,0,0.00378787878787879,0,0,0,0,0,0,0.0294117647058824,0,0,0,0,0.0319148936170213,0,0,0.0277777777777778,0.0610079575596817,0
0,0,0,0,0,0,0.00609756097560976,0,0,0,0,0,0,0,0,0,0,0,0,0,0,0,0,0,0,0,0,0,0,0,0,0,0,0,0,0,0,0,0,0,0,0.00704225352112676,0,0,0,0,0,0,0,0,0,0,0,0,0,0,0,0,0,0,0,0,0,0,0,0,0,0,0,0,0,0,0,0,0,0,0,0,0,0.0163934426229508,0,0,0,0,0,0,0,0,0,0,0,0,0,0,0,0,0,0,0,0,0,0,0,0,0,0,0,0,0,0,0,0,0,0,0,0,0,0,0,0,0,0,0,0,0,0,0,0,0,0,0,0,0,0,0,0,0,0,0,0,0,0,0,0,0,0,0,0,0,0,0.00694444444444444,0,0,0,0,0,0,0,0,0,0,0,0,0,0,0,0,0,0,0,0,0,0,0,0,0,0,0,0,0,0,0,0,0,0,0,0,0,0,0,0,0,0,0,0,0,0,0,0,0,0,0,0,0,0,0.00649350649350649,0,0,0,0,0,0,0,0,0.0909090909090909,0,0,0,0,0,0,0,0,0,0,0,0,0,0,0,0,0,0,0,0,0,0,0,0,0,0,0,0,0,0,0,0,0,0,0,0,0,0,0,0,0,0,0,0,0,0,0,0,0,0,0,0,0,0,0,0,0,0,0,0,0,0,0,0,0,0,0,0,0,0,0,0,0,0,0,0,0,0,0,0,0,0,0,0,0,0,0,0,0,0,0,0,0,0,0,0,0,0,0,0
0.0224719101123595,0,0,0,0,0,0.00896860986547085,0,0,0,0,0.0276243093922652,0.0134408602150538,0,0,0,0,0,0.0105263157894737,0,0.0718562874251497,0,0,0,0,0,0,0,0,0,0.0125,0,0.0192307692307692,0,0,0.0210526315789474,0.0291970802919708,0,0,0,0,0.015,0,0,0,0,0.0232558139534884,0,0,0.0122699386503067,0,0,0,0,0,0,0,0.0333333333333333,0,0,0,0,0,0,0,0,0.0173913043478261,0.0514285714285714,0,0.00666666666666667,0,0,0,0,0,0,0,0,0,0.0166666666666667,0,0,0.0148514851485149,0,0,0,0,0,0.0117647058823529,0,0.0188679245283019,0,0,0,0,0,0.0408163265306122,0,0,0,0.00684931506849315,0,0,0.0136986301369863,0,0,0,0,0.0131578947368421,0,0,0,0,0,0,0,0,0,0.0120481927710843,0,0,0.0202020202020202,0,0,0,0,0,0,0,0,0.0140845070422535,0,0,0.0188679245283019,0,0.0235294117647059,0,0,0,0,0,0,0,0,0,0,0,0,0,0,0.0353535353535354,0,0,0.0222222222222222,0,0,0.0238095238095238,0,0,0.0194805194805195,0.0218978102189781,0,0,0,0,0,0,0,0,0,0,0,0,0,0.0135135135135135,0,0,0.0175438596491228,0,0,0,0,0,0,0,0,0,0,0.0218340611353712,0,0.027027027027027,0,0,0,0.0545454545454545,0,0,0.053030303030303,0.0408805031446541,0.0365853658536585,0.0305343511450382,0,0,0,0,0.0487804878048781,0,0,0.0161290322580645,0.0408163265306122,0,0,0,0,0.0140845070422535,0,0,0,0,0.0223463687150838,0,0.0256410256410256,0,0,0.0285714285714286,0,0,0,0.00555555555555556,0,0,0,0,0,0,0,0,0,0,0,0,0,0,0,0,0,0,0,0,0,0,0,0,0,0,0,0,0,0,0,0,0,0,0,0,0,0,0,0,0,0,0,0,0.0140845070422535,0,0,0,0,0,0,0,0,0,0,0,0,0,0,0,0,0,0,0,0,0,0,0,0,0.0149253731343284,0,0.0180505415162455,0,0,0,0,0.0162162162162162,0.0538922155688623,0,0,0,0,0.0211267605633803,0,0,0
0.00546448087431694,0,0,0,0,0,0.0635451505016722,0.0099009900990099,0.0045045045045045,0,0,0.041044776119403,0.032967032967033,0.00571428571428571,0,0,0,0,0.0106951871657754,0,0.0225563909774436,0.00632911392405063,0,0,0,0,0,0,0,0.00413223140495868,0.00578034682080925,0,0.0101522842639594,0,0,0.0323741007194245,0.0308370044052863,0,0,0.00323624595469256,0,0.0385964912280702,0,0,0,0,0.0225988700564972,0.00409836065573771,0,0.0238095238095238,0,0,0,0,0,0,0.00645161290322581,0,0,0,0,0,0,0,0.0173913043478261,0,0.0194174757281553,0.0297397769516729,0,0.0209205020920502,0,0,0,0,0,0.00609756097560976,0,0,0,0.0436893203883495,0,0,0.0240549828178694,0,0,0,0,0,0.00561797752808989,0,0.0100502512562814,0,0,0,0,0,0.0317460317460317,0.0170454545454545,0,0,0.00840336134453781,0.00581395348837209,0,0,0,0,0,0,0,0,0,0,0,0,0.0115606936416185,0,0,0,0.00568181818181818,0,0,0.00518134715025907,0,0,0,0,0,0,0,0,0,0,0,0.0282258064516129,0,0.00558659217877095,0,0,0,0,0,0,0,0,0,0,0,0,0,0,0.0456140350877193,0,0.00505050505050505,0.0266666666666667,0,0,0,0.00609756097560976,0,0.00401606425702811,0.0536723163841808,0.00943396226415094,0.00568181818181818,0,0,0,0,0,0,0,0,0,0,0,0,0,0,0.0195121951219512,0,0,0,0,0,0,0,0,0,0,0.0315457413249211,0.00606060606060606,0.0366300366300366,0,0,0,0.0229885057471264,0,0,0.045045045045045,0.0495049504950495,0.0113636363636364,0.0686695278969957,0,0,0.00649350649350649,0.0487804878048781,0,0,0,0.0488431876606684,0.0336134453781513,0,0,0,0,0.00609756097560976,0,0.00980392156862745,0,0,0.0298507462686567,0,0.00581395348837209,0,0,0,0,0,0,0,0,0,0,0,0,0,0,0,0,0,0,0,0.00467289719626168,0,0,0.00995024875621891,0,0,0,0,0,0,0,0.00495049504950495,0,0,0,0,0,0,0,0,0,0,0,0,0,0,0,0,0,0,0,0,0,0,0,0,0,0,0,0,0,0,0,0,0,0,0,0,0,0,0,0,0,0,0,0.00636942675159236,0,0,0,0.0504201680672269,0,0,0,0,0.0293040293040293,0.0426356589147287,0.0172413793103448,0,0,0.00434782608695652,0.0347826086956522,0,0,0
0,0,0,0,0,0,0,0,0,0,0,0,0,0,0,0,0,0,0,0,0,0,0,0,0,0,0,0,0,0,0,0,0,0,0,0,0,0,0,0,0,0,0,0,0,0,0,0,0,0,0,0,0,0,0,0,0,0,0,0,0,0,0,0,0,0,0,0,0,0,0,0,0,0.0144927536231884,0,0,0,0,0,0,0,0,0,0,0,0,0,0,0,0,0,0,0,0,0,0,0,0,0,0,0,0,0,0,0,0,0,0,0,0,0,0,0,0,0,0,0,0,0,0,0,0,0,0,0,0,0,0,0,0,0,0,0.0909090909090909,0,0,0,0,0,0,0,0,0,0.0185185185185185,0,0,0,0,0,0,0,0,0,0,0,0.00869565217391304,0,0,0,0,0,0,0,0,0,0,0,0,0,0,0,0,0,0,0,0,0,0,0,0,0,0,0,0,0,0,0,0,0,0,0,0,0,0,0,0,0,0,0,0,0,0,0.00460829493087558,0.00381679389312977,0,0,0,0,0,0,0,0,0,0,0,0,0,0,0,0,0,0,0,0,0,0,0,0,0,0,0,0,0,0,0,0,0,0,0,0,0,0,0,0,0,0,0,0,0,0,0,0,0,0,0,0,0,0,0,0,0,0,0,0,0,0,0,0,0,0,0,0,0,0,0,0,0,0,0,0,0,0,0,0,0,0,0,0,0,0,0,0,0,0,0,0,0,0,0,0,0,0,0,0,0,0,0,0,0,0,0,0,0,0.0294117647058824,0,0
0,0,0,0,0,0,0,0,0,0,0,0,0,0,0,0,0,0,0,0,0,0,0,0,0,0,0,0,0,0,0,0,0,0,0,0,0,0,0,0,0,0,0,0,0,0,0,0,0,0,0,0,0,0,0,0,0,0,0,0,0,0,0,0,0,0,0,0,0,0,0,0,0,0,0,0,0,0,0,0,0,0,0,0,0,0,0,0,0,0,0,0,0,0,0,0,0,0,0,0,0,0,0,0,0,0,0,0,0,0,0,0,0.00980392156862745,0,0,0,0,0,0,0,0,0,0,0,0,0,0,0,0,0,0,0,0,0,0,0,0,0,0,0,0,0,0,0,0,0,0,0,0,0,0,0.0131578947368421,0,0,0.00869565217391304,0,0,0,0,0,0,0,0,0.0232558139534884,0,0,0,0,0,0,0,0,0,0,0,0,0,0,0,0,0,0,0,0,0,0,0,0,0,0,0,0,0,0,0,0,0,0,0,0,0,0,0,0,0,0,0,0,0,0,0,0,0,0,0,0,0,0,0,0,0,0,0,0,0,0,0,0,0.00332225913621262,0,0,0,0,0,0,0,0,0,0,0,0,0,0,0,0,0,0,0,0,0,0,0,0,0,0,0,0,0,0,0,0,0,0,0,0,0,0,0,0,0,0,0,0,0,0,0,0,0,0,0,0,0,0,0,0,0,0,0,0,0,0,0,0,0,0,0,0,0,0,0,0,0,0,0,0,0,0,0,0,0,0,0,0,0,0
0.0106761565836299,0,0,0,0,0,0.0245098039215686,0.00996677740863787,0.0157232704402516,0,0,0.0243243243243243,0.0233393177737881,0.0072992700729927,0,0,0.00389105058365759,0,0.00696864111498258,0.00387596899224806,0.0191780821917808,0.0245098039215686,0.0335195530726257,0,0,0,0,0,0,0.0208333333333333,0.00366300366300366,0,0.0101351351351351,0,0.00378787878787879,0.0211081794195251,0.0308641975308642,0,0,0.0148514851485149,0,0.0127877237851662,0.0166666666666667,0,0.0101522842639594,0,0.0144404332129964,0.0147058823529412,0,0.0170454545454545,0.00384615384615385,0,0,0,0,0.00380228136882129,0,0.00704225352112676,0,0,0,0,0,0,0.0151975683890578,0.0112781954887218,0.00323624595469256,0.0272479564032698,0,0.0177514792899408,0,0,0.00371747211895911,0,0,0,0.00373134328358209,0.00344827586206897,0,0.00318471337579618,0,0.0233236151603499,0.0153061224489796,0,0,0,0,0,0.0108695652173913,0,0.0168918918918919,0,0,0,0,0,0.0172413793103448,0.0108695652173913,0,0,0.0179640718562874,0.0148698884758364,0.013986013986014,0.00754716981132075,0.00390625,0,0,0,0.00746268656716418,0,0,0,0,0,0.00364963503649635,0,0,0,0.0109489051094891,0,0,0.0173010380622837,0,0,0,0,0,0,0,0,0.00378787878787879,0,0,0.0260115606936416,0,0.00719424460431655,0,0,0,0,0,0,0,0,0,0,0,0.0208333333333333,0.00386100386100386,0,0.0364583333333333,0.00609756097560976,0.00335570469798658,0.034375,0.00271739130434783,0,0.0145454545454545,0,0,0.0263929618768328,0.0487804878048781,0.0228013029315961,0.0183823529411765,0,0.00313479623824451,0,0,0.0149253731343284,0,0,0,0,0,0,0.0075187969924812,0.00387596899224806,0,0.026578073089701,0,0.00373134328358209,0,0,0,0,0,0,0,0.00280898876404494,0.0314009661835749,0.00757575757575758,0.0521978021978022,0,0,0,0.0367231638418079,0.00373134328358209,0,0.031055900621118,0.0737704918032787,0.0183150183150183,0.0755395683453237,0,0,0,0.0161290322580645,0.0488431876606684,0,0,0,0.0613496932515337,0,0,0.00390625,0,0.0114503816793893,0,0.0380710659898477,0,0,0.032967032967033,0,0,0,0.0111940298507463,0.0153256704980843,0,0,0,0.00909090909090909,0,0,0,0,0,0.0110294117647059,0,0,0,0.0241379310344828,0,0,0.0260586319218241,0,0,0.01,0,0,0.00766283524904215,0,0,0,0,0.0236486486486486,0,0,0,0,0,0,0,0,0,0,0,0,0,0,0.00367647058823529,0,0,0,0,0,0.012012012012012,0,0,0,0,0,0,0,0,0,0,0,0,0,0.00341296928327645,0,0,0,0,0,0,0,0,0,0,0,0.00706713780918728,0.01931330472103,0,0,0,0,0.016,0.025,0.0036231884057971,0.00384615384615385,0,0.0184615384615385,0.0336391437308868,0,0,0.0037593984962406
0.00826446280991736,0,0,0,0,0,0.040650406504065,0.0142857142857143,0,0,0,0.0382775119617225,0.0355329949238579,0.0178571428571429,0,0,0,0,0.00793650793650794,0,0.00961538461538462,0,0,0,0,0,0,0,0,0.00555555555555556,0.037037037037037,0,0.0300751879699248,0,0,0.0368663594470046,0.0424242424242424,0,0,0,0,0.0263157894736842,0,0,0,0,0.0258620689655172,0,0,0,0,0,0,0,0,0,0,0.00813008130081301,0,0,0,0,0,0,0.0424242424242424,0.019047619047619,0.00680272108843537,0.0238095238095238,0,0.0111111111111111,0,0,0.00934579439252336,0,0,0,0,0,0,0.02,0,0,0.0350877192982456,0,0,0,0,0,0.0173913043478261,0,0.0072463768115942,0,0,0,0,0,0.047244094488189,0.0173913043478261,0,0,0,0,0,0,0,0,0,0,0,0,0,0,0,0,0,0,0,0,0.0176991150442478,0,0,0.0232558139534884,0,0,0,0,0,0,0,0,0.0198019801980198,0,0,0.0211640211640212,0,0.0260869565217391,0,0,0,0.0108695652173913,0,0,0,0,0,0,0,0,0,0,0.00854700854700855,0,0,0.0242424242424242,0,0,0.0173913043478261,0,0,0.0444444444444444,0.0366666666666667,0.027027027027027,0,0,0.00636942675159236,0,0,0,0,0,0,0,0,0,0,0.0210526315789474,0,0.0208333333333333,0,0.00943396226415094,0,0,0,0,0,0,0,0,0.0271317829457364,0.0196078431372549,0.0574162679425837,0,0,0,0.0512820512820513,0,0,0.0493827160493827,0.06158357771261,0,0.0608272506082725,0,0,0,0.0408163265306122,0.0336134453781513,0,0,0.0613496932515337,0,0,0,0,0,0.03,0,0,0,0,0.0541871921182266,0,0.00909090909090909,0,0,0,0,0,0,0,0,0,0,0,0,0.018018018018018,0,0,0,0,0,0,0,0,0,0,0,0,0,0,0,0,0,0.00714285714285714,0,0,0,0,0,0,0,0,0,0,0,0,0,0,0,0,0,0,0,0,0.0174418604651163,0,0,0,0,0,0,0,0,0,0,0,0,0,0,0,0,0,0,0,0,0,0,0,0,0,0,0.0296052631578947,0.0106382978723404,0,0,0,0.028169014084507,0.0298507462686567,0.036036036036036,0,0,0,0.0352941176470588,0,0,0.00961538461538462
0,0,0,0,0,0,0.00609756097560976,0,0,0,0,0,0.00316455696202532,0,0,0,0,0,0,0,0,0,0,0,0,0,0,0,0,0.0112359550561798,0,0,0,0,0,0,0,0,0,0,0,0,0,0,0,0,0,0,0,0,0,0,0,0,0,0,0,0,0,0,0,0,0,0,0,0,0,0,0,0,0,0,0,0,0,0,0,0,0,0,0,0,0,0,0,0,0,0,0,0,0,0,0,0,0,0,0,0.04,0,0,0,0,0,0,0,0,0,0,0,0,0,0,0,0,0,0,0,0,0,0,0,0,0,0,0,0,0,0,0,0,0,0,0,0,0,0,0,0,0,0,0,0,0,0,0,0,0,0,0,0,0,0,0,0,0,0,0,0,0,0,0,0,0,0,0,0,0,0,0,0,0,0,0,0,0,0,0,0,0,0,0,0,0,0,0,0,0,0,0.00578034682080925,0,0,0,0,0,0,0,0,0,0,0,0,0,0,0,0,0,0,0,0,0,0,0,0,0,0,0,0,0,0,0,0,0,0,0,0,0,0,0,0,0,0,0,0,0,0,0,0,0,0,0,0,0,0,0,0,0,0,0,0,0,0,0,0,0,0,0,0,0,0,0,0,0,0,0,0,0,0,0,0,0,0,0,0,0,0,0,0,0,0,0,0,0,0,0,0,0,0,0,0,0,0,0,0,0,0,0,0,0,0,0,0.00452488687782805,0,0,0,0,0,0,0,0,0,0,0,0,0,0
0,0,0,0,0,0,0,0,0,0,0,0,0,0,0,0,0,0,0,0,0,0,0,0,0,0,0.00478468899521531,0,0,0,0,0,0,0,0,0,0,0,0,0,0,0,0,0,0,0,0,0,0,0,0,0,0,0,0,0,0,0,0,0,0,0.0078125,0,0,0,0,0,0,0,0,0,0,0,0.0135135135135135,0,0,0,0,0,0,0,0,0,0,0,0,0,0.0121212121212121,0,0,0,0,0,0,0.0138888888888889,0,0,0,0,0,0,0,0,0,0,0,0,0,0,0,0,0,0.00934579439252336,0,0,0,0,0,0,0,0,0,0,0,0.00952380952380952,0,0,0,0,0,0,0,0,0,0,0,0,0,0,0,0,0,0,0,0,0,0,0,0,0,0,0,0,0,0,0,0,0,0,0,0,0,0,0.0208333333333333,0,0,0,0,0,0,0,0,0,0,0,0,0,0,0,0,0,0,0.0303030303030303,0.0147058823529412,0.00970873786407767,0,0,0,0,0,0,0,0,0,0,0,0,0,0,0,0,0,0.00374531835205993,0,0,0,0,0,0,0,0,0,0,0,0,0,0,0,0,0,0,0,0,0,0,0,0,0,0.00986842105263158,0.0163934426229508,0,0,0,0,0,0,0,0,0,0,0,0,0,0,0,0,0,0,0.0416666666666667,0,0,0,0,0,0,0,0,0,0,0,0,0,0.0666666666666667,0,0,0.04,0,0,0,0,0,0,0,0,0.0277777777777778,0,0,0,0,0,0.00757575757575758,0,0,0,0,0,0,0,0,0,0.166666666666667,0,0,0,0.166666666666667,0,0,0,0,0,0,0,0,0,0.0434782608695652,0,0,0,0,0,0,0,0,0,0
0,0,0,0,0,0,0,0,0,0,0,0,0,0,0,0,0,0,0,0,0,0,0,0,0,0,0,0,0,0,0,0,0,0,0,0,0,0,0,0,0,0,0,0,0,0,0,0,0,0,0,0,0,0,0,0,0,0,0,0,0,0,0,0,0,0,0,0,0,0,0,0,0,0,0,0,0,0,0,0,0,0,0,0,0,0,0,0,0,0,0,0,0,0,0,0,0,0,0,0,0.0113636363636364,0,0,0,0,0,0,0,0,0,0,0,0,0,0,0,0,0,0,0,0,0,0,0,0,0,0,0,0,0,0,0,0,0,0,0,0,0,0,0,0,0,0,0,0,0,0,0,0,0,0,0,0,0,0,0,0,0,0,0,0,0,0,0,0,0,0,0,0,0,0,0,0,0,0,0,0,0,0,0,0,0,0,0,0,0,0,0,0,0,0,0,0,0,0,0,0,0,0,0,0,0,0,0,0,0,0,0,0.00390625,0,0,0,0,0,0,0,0,0,0,0,0,0,0,0.0526315789473684,0,0,0,0,0,0,0,0,0,0,0,0,0,0,0,0,0,0,0,0,0,0,0,0,0,0,0,0,0,0,0,0,0,0,0,0,0,0,0,0,0,0,0,0,0,0,0,0,0,0,0,0,0,0,0,0,0,0,0,0,0,0,0,0,0,0,0,0,0,0,0,0,0,0,0,0,0,0,0,0,0,0,0,0,0,0,0,0,0,0,0
0,0,0.00324675324675325,0.0178571428571429,0.0182926829268293,0,0,0,0,0,0,0,0,0,0,0.0115384615384615,0,0,0,0,0,0,0,0,0.00342465753424658,0.0133333333333333,0.0160642570281124,0.019047619047619,0.0422535211267606,0,0,0,0,0,0,0,0,0.0241935483870968,0.00478468899521531,0,0,0,0,0,0,0,0,0,0.0344827586206897,0,0,0,0.0282485875706215,0.0153846153846154,0.0150375939849624,0,0,0,0,0.0176991150442478,0.0144927536231884,0.0238095238095238,0,0,0,0,0,0,0,0,0.00367647058823529,0,0,0.0442477876106195,0,0,0,0,0,0,0,0,0,0.0291666666666667,0,0,0.00961538461538462,0.024390243902439,0,0,0,0,0.0119047619047619,0,0.0175438596491228,0,0,0,0,0,0,0,0,0,0,0,0,0,0,0,0,0,0.0342465753424658,0,0,0,0,0,0,0.0470588235294118,0,0,0.0176991150442478,0,0.0275862068965517,0,0,0,0,0,0,0.0148148148148148,0,0,0,0,0,0.0113636363636364,0,0,0.0315789473684211,0.0143884892086331,0.03,0,0,0,0,0,0,0,0,0.016260162601626,0.010752688172043,0,0.0379746835443038,0,0,0,0,0,0,0,0,0.010989010989011,0.036036036036036,0,0,0,0,0,0.00657894736842105,0,0,0,0,0,0.017921146953405,0,0,0,0,0,0.0405405405405405,0,0.0137931034482759,0,0.0263157894736842,0.00662251655629139,0,0,0,0,0,0,0,0,0,0,0,0,0,0.0191570881226054,0.0230263157894737,0,0,0,0,0,0,0,0,0,0,0,0,0,0,0,0,0,0,0,0,0,0,0,0.0258064516129032,0,0.00286532951289398,0.00961538461538462,0,0,0,0,0,0,0,0,0,0.0350877192982456,0.02,0,0,0,0,0,0.00602409638554217,0,0,0,0,0,0,0,0,0.0151515151515152,0.0508474576271186,0,0.0175438596491228,0.0204081632653061,0.010752688172043,0,0.0172413793103448,0,0.0188679245283019,0,0,0,0,0,0,0,0,0.0153846153846154,0,0,0,0,0,0.0344827586206897,0.0414201183431953,0,0,0,0,0,0,0,0,0,0,0,0,0,0,0,0,0,0,0,0,0,0,0,0.0151515151515152,0,0,0,0,0.04,0,0,0.0375,0.0218579234972678,0
0,0,0,0,0,0,0.0174418604651163,0,0,0,0,0.00740740740740741,0.00306748466257669,0,0,0,0,0,0,0,0,0,0.00793650793650794,0,0,0,0,0,0,0,0.0333333333333333,0,0,0,0,0.00699300699300699,0.0111111111111111,0,0,0,0,0.00657894736842105,0,0,0,0,0,0,0,0,0,0,0,0,0,0,0,0,0,0,0,0,0,0,0,0,0,0.0151515151515152,0,0,0,0,0,0,0,0,0,0,0,0.0140845070422535,0,0.00934579439252336,0,0,0,0,0,0,0,0,0,0,0,0,0,0,0,0,0,0,0,0.0344827586206897,0,0,0,0,0,0,0,0,0,0,0,0,0,0,0,0,0.0303030303030303,0,0,0.02,0,0,0,0,0,0,0,0,0,0,0,0,0,0,0,0,0,0,0,0,0,0,0,0,0,0,0,0,0.00649350649350649,0,0,0,0,0,0.0285714285714286,0,0,0.0388349514563107,0,0,0,0,0,0,0,0.0357142857142857,0,0,0,0,0,0,0.0416666666666667,0,0,0,0,0,0,0,0,0,0,0,0,0,0.00546448087431694,0,0,0,0,0,0.0247933884297521,0,0,0,0.00357142857142857,0,0.00282485875706215,0,0,0.0909090909090909,0.0140845070422535,0.00609756097560976,0,0,0.0114503816793893,0.03,0,0,0,0,0,0,0,0,0,0.00757575757575758,0,0,0,0,0,0,0,0,0.00321543408360129,0,0,0,0,0,0,0,0,0,0,0,0,0,0,0,0,0,0,0,0,0,0,0,0,0,0,0,0,0,0,0,0,0,0,0,0,0,0,0,0,0,0,0,0,0,0,0,0,0,0,0,0,0,0,0,0,0,0,0,0,0,0,0,0,0,0,0,0,0,0,0,0.00432900432900433,0,0,0,0,0,0.0161290322580645,0,0,0,0,0,0,0,0
0,0,0,0,0,0,0,0,0,0,0,0,0,0,0,0,0,0,0,0,0,0,0,0,0,0,0,0,0,0,0,0,0,0,0,0,0,0,0,0,0,0,0,0,0,0,0,0,0,0,0,0,0,0,0,0,0,0,0,0,0,0,0,0,0,0,0,0,0,0,0,0,0,0,0,0,0,0,0,0,0,0,0,0,0,0,0,0,0,0,0,0,0,0,0,0,0,0,0,0,0,0,0,0,0,0,0,0,0,0,0,0,0,0,0,0,0,0,0,0,0,0,0,0,0,0,0,0,0,0,0,0.0113636363636364,0,0,0,0,0,0,0,0,0,0,0,0,0,0,0,0,0,0,0,0,0,0,0,0,0,0,0,0,0,0,0,0,0,0,0,0,0,0,0,0,0,0,0,0,0,0,0,0,0,0,0,0,0,0,0,0,0,0,0,0,0,0,0,0,0,0,0,0,0,0,0,0,0,0,0,0,0,0,0,0,0,0,0,0,0,0,0,0,0,0,0,0,0,0,0,0,0,0,0,0,0,0,0,0,0,0,0,0,0,0,0,0,0,0,0,0,0,0,0,0,0,0,0,0,0,0,0,0,0,0,0,0,0,0,0,0,0,0,0,0,0,0,0,0,0,0,0,0,0,0,0,0,0,0,0,0,0,0,0,0,0,0,0,0,0,0,0,0,0,0,0,0,0,0,0,0,0,0,0,0,0,0,0
0.00543478260869565,0,0,0,0,0,0,0.0199004975124378,0.037037037037037,0,0,0,0,0,0,0,0,0.0350877192982456,0.0106382978723404,0,0,0.042483660130719,0.0669291338582677,0,0,0,0,0,0,0.0252100840336134,0,0,0,0,0,0,0,0,0,0.0578231292517007,0,0.00337837837837838,0.0456852791878173,0.00645161290322581,0.0346020761245675,0,0,0.055793991416309,0,0,0.0125,0,0,0,0,0.0248447204968944,0,0,0.0113636363636364,0,0,0,0,0,0,0,0,0,0.0177514792899408,0,0,0.00625,0,0,0,0.00606060606060606,0.0179640718562874,0.032258064516129,0,0,0,0.037037037037037,0,0,0,0,0,0,0,0,0.0150753768844221,0,0,0,0,0,0,0.00558659217877095,0,0,0.0478260869565217,0,0.0105820105820106,0,0,0,0,0,0,0,0,0,0,0,0.0114942528735632,0,0,0,0.00564971751412429,0.00515463917525773,0,0,0,0,0,0,0,0,0,0,0,0,0,0,0,0,0,0,0,0,0,0,0,0,0,0,0,0.0427807486631016,0.00625,0,0,0.00434782608695652,0,0.00869565217391304,0,0,0.00558659217877095,0.00606060606060606,0,0.00803212851405622,0,0.0287081339712919,0.0348837209302326,0,0,0,0.004,0,0,0,0,0,0,0,0.0119760479041916,0,0,0,0,0.00591715976331361,0,0,0,0,0,0,0,0,0,0,0,0,0,0,0,0.00591715976331361,0.0109289617486339,0,0.00950118764845606,0,0,0,0,0,0,0.00980392156862745,0,0,0.0380710659898477,0,0,0,0,0,0,0,0,0,0,0,0,0.0116279069767442,0.00636942675159236,0.0177514792899408,0,0,0,0,0.0110864745011086,0,0,0,0,0,0,0,0,0.00645161290322581,0.0879120879120879,0,0,0.0384615384615385,0,0,0.0303030303030303,0,0,0.00613496932515337,0,0,0,0.0142857142857143,0.0851063829787234,0.00645161290322581,0,0,0,0,0,0,0,0,0,0,0,0,0.00641025641025641,0.0116279069767442,0,0,0,0,0,0,0,0,0,0,0,0,0,0,0,0,0,0,0,0.0103626943005181,0,0,0,0,0,0,0,0,0,0,0,0.0333333333333333,0,0,0,0.00645161290322581,0,0,0,0,0,0,0.0357142857142857,0,0,0,0
0,0,0,0,0,0,0,0,0,0,0,0,0,0,0,0,0,0,0,0,0,0,0,0,0,0,0,0,0,0,0,0,0,0,0,0,0,0,0,0.00641025641025641,0,0,0,0,0,0,0,0,0,0,0,0,0,0,0,0,0,0,0,0,0,0,0,0,0,0,0,0,0,0,0,0,0,0,0,0,0,0,0,0,0,0,0.00694444444444444,0,0,0,0,0,0,0,0,0,0,0,0,0,0,0,0,0,0,0,0,0,0,0,0,0,0,0,0,0,0,0,0,0,0,0,0,0,0,0,0,0,0,0,0,0,0,0,0,0,0,0,0,0,0,0,0,0,0,0,0,0,0,0,0,0,0,0,0,0,0,0,0,0,0,0,0,0,0,0,0,0,0,0,0,0,0,0,0,0,0,0,0,0,0,0,0,0,0,0,0,0,0,0,0,0,0,0,0,0,0,0,0,0,0,0,0,0,0,0,0,0,0,0,0,0,0,0,0,0,0,0,0,0,0,0,0,0,0,0,0,0,0,0,0,0,0,0,0,0,0,0,0,0,0,0,0,0,0,0,0,0,0,0,0,0,0,0,0,0,0,0,0,0,0,0,0,0,0,0,0,0,0,0,0,0,0,0,0,0,0,0,0,0,0,0,0,0,0,0,0,0,0,0,0,0,0,0,0,0,0,0,0,0,0,0,0,0,0,0,0,0,0,0,0,0,0,0,0,0,0,0,0
0,0,0,0,0,0,0,0,0,0,0,0,0,0,0,0,0,0,0,0,0,0,0,0,0,0,0,0,0,0,0,0,0,0,0,0,0,0,0,0,0,0,0,0,0,0,0,0,0,0,0,0,0,0,0,0,0,0,0,0,0,0,0,0,0,0,0,0,0,0,0,0,0,0,0,0,0,0,0,0,0,0,0,0,0,0,0,0,0,0,0,0,0,0,0,0,0,0,0,0.003690036900369,0,0,0,0,0,0,0,0,0,0,0,0,0,0,0,0,0,0,0,0,0,0,0,0,0,0,0,0,0,0,0,0,0,0,0,0,0,0,0,0,0,0,0,0,0,0,0,0,0,0,0,0,0,0,0,0,0,0,0,0,0,0,0,0,0,0,0,0,0,0,0,0,0,0,0,0,0,0,0,0,0,0,0,0,0,0,0,0,0,0,0,0,0,0,0,0,0,0,0,0,0,0,0,0,0,0,0,0,0,0,0,0,0,0,0,0,0,0,0,0,0,0,0,0,0,0,0,0,0,0,0,0,0,0,0,0,0,0,0,0,0,0,0,0,0,0,0,0,0,0,0,0,0,0,0,0,0,0,0,0,0,0,0,0,0,0,0,0,0,0,0,0,0,0,0,0,0,0,0,0,0,0,0,0,0,0,0,0,0,0,0,0,0,0,0,0,0,0,0,0,0,0,0,0,0,0,0,0,0,0,0,0,0,0,0
0.0201342281879195,0,0,0,0,0,0.0214285714285714,0.00584795321637427,0,0,0,0.024896265560166,0.108860759493671,0.0285714285714286,0,0,0,0,0.00641025641025641,0,0.0212765957446809,0,0,0,0,0,0,0,0,0.0144230769230769,0.0289855072463768,0,0.0372670807453416,0,0,0.0365853658536585,0.0575916230366492,0,0,0,0,0.056,0,0,0,0,0.0347222222222222,0,0,0.036697247706422,0,0,0,0,0,0,0,0,0,0,0,0,0,0,0.0202020202020202,0.0148148148148148,0.00564971751412429,0.0425531914893617,0,0.029126213592233,0,0,0.0147058823529412,0,0,0,0,0,0,0.0223463687150838,0,0,0.0191570881226054,0,0,0,0,0,0.0208333333333333,0,0.0242424242424242,0,0,0,0,0,0.0382165605095541,0.0208333333333333,0,0,0.00970873786407767,0,0,0,0,0,0,0,0.0222222222222222,0,0,0,0,0,0.00704225352112676,0,0,0,0.00694444444444444,0,0,0.0318471337579618,0,0,0,0,0,0,0,0,0.0230769230769231,0,0,0.0136363636363636,0,0.0206896551724138,0,0,0,0.00819672131147541,0,0,0,0,0,0,0,0,0.0078740157480315,0,0.0230769230769231,0,0,0.0257731958762887,0,0,0,0.00757575757575758,0,0.0480769230769231,0.103559870550162,0.0459770114942529,0,0,0,0,0,0,0,0,0,0,0,0,0.00740740740740741,0,0,0.0172413793103448,0,0,0,0,0,0,0,0,0,0,0.0498220640569395,0.0075187969924812,0.0371900826446281,0,0,0,0.0352422907488987,0,0,0.0471204188481675,0.0623306233062331,0.020979020979021,0.0737327188940092,0,0,0,0.0223463687150838,0.0298507462686567,0,0,0.032967032967033,0.0541871921182266,0,0,0,0,0.00757575757575758,0,0,0,0,0,0,0.0143884892086331,0,0,0,0,0,0,0,0,0,0,0,0,0.0141843971631206,0,0,0,0,0,0,0,0,0,0,0,0,0,0,0,0,0,0,0,0,0,0,0,0,0,0,0,0,0,0,0,0,0,0,0,0,0,0,0,0,0,0,0,0,0,0,0,0,0,0,0,0,0,0,0,0,0,0,0,0,0,0,0,0,0,0.0425531914893617,0,0,0,0,0.0289256198347107,0.021551724137931,0.0211267605633803,0,0,0,0.03,0,0,0
0,0,0,0,0,0,0,0,0,0,0,0,0.00630914826498423,0,0,0,0,0,0,0,0.00833333333333333,0,0,0,0,0,0,0,0,0,0,0,0,0,0,0.0149253731343284,0,0,0,0,0,0,0,0,0,0,0,0,0,0.00943396226415094,0,0,0,0,0,0,0,0,0,0,0,0,0,0,0.0121951219512195,0,0.0172413793103448,0,0,0.0108695652173913,0,0,0,0,0,0,0,0,0,0,0,0,0.00684931506849315,0,0,0,0,0,0,0,0,0,0,0,0,0,0,0,0,0,0,0,0,0,0,0,0,0,0,0,0,0,0,0,0,0,0,0,0.04,0,0,0,0,0,0,0,0,0,0,0,0,0,0,0.00970873786407767,0,0,0,0,0,0,0,0,0,0,0,0,0,0,0,0,0.00684931506849315,0,0,0,0,0,0,0,0,0.0102040816326531,0.00452488687782805,0.0161290322580645,0,0,0,0,0,0,0,0,0,0,0,0,0,0,0,0,0,0,0,0,0,0,0,0,0,0,0,0,0,0,0,0,0,0,0,0,0,0,0,0,0,0,0,0,0,0,0,0,0,0,0,0,0,0,0,0,0,0,0,0,0,0,0,0,0,0,0,0,0,0,0,0,0,0,0,0,0,0,0,0,0,0,0,0,0,0,0,0,0,0,0,0,0,0,0,0,0,0,0,0,0,0,0,0,0,0,0,0,0,0,0,0,0,0,0,0,0,0,0,0,0,0,0,0,0,0,0,0,0,0,0,0,0,0,0,0,0,0,0.00448430493273543,0,0,0,0,0,0,0,0,0,0,0,0,0,0
0,0,0,0,0,0,0.00549450549450549,0.0147058823529412,0,0,0,0,0.00600600600600601,0,0,0,0,0,0,0,0,0,0,0,0,0,0,0,0,0,0,0,0.032258064516129,0,0,0,0.0206185567010309,0,0,0,0,0.00625,0,0,0,0,0.0222222222222222,0,0,0,0,0,0,0,0,0,0,0,0.024390243902439,0,0,0,0,0,0,0,0,0.00709219858156028,0,0.00925925925925926,0,0,0,0,0,0.0344827586206897,0,0,0,0,0,0,0.0124223602484472,0,0,0,0,0,0,0,0,0,0,0,0,0,0,0,0,0,0.00961538461538462,0,0,0,0,0,0,0,0,0,0,0,0,0,0,0,0,0,0,0,0,0,0,0,0,0,0,0,0,0,0,0,0,0.0169491525423729,0,0,0,0,0,0,0,0,0,0,0,0,0,0.0350877192982456,0,0,0,0,0,0,0,0,0,0,0,0,0.00847457627118644,0,0,0,0,0,0,0,0,0,0,0,0,0,0,0,0,0,0,0,0,0,0,0,0,0,0,0,0,0,0.00680272108843537,0,0,0,0.0232558139534884,0,0,0.0210526315789474,0.00347222222222222,0,0.00833333333333333,0,0,0,0.0256410256410256,0.00581395348837209,0,0,0,0.00909090909090909,0,0,0,0,0,0,0.0116279069767442,0,0,0.0143884892086331,0,0,0,0,0,0,0,0,0,0,0,0,0,0,0,0,0,0,0,0,0,0.0126582278481013,0,0,0,0,0,0,0,0,0,0,0.0149253731343284,0,0,0,0,0,0,0,0,0,0,0,0,0,0,0.027027027027027,0,0,0,0,0,0,0,0,0,0,0,0,0,0,0,0,0,0,0,0,0,0,0,0,0,0,0,0,0,0,0,0,0,0,0,0,0,0.00689655172413793,0,0.024390243902439,0,0,0,0.0198019801980198,0,0,0
0,0,0,0,0,0,0,0.0192307692307692,0,0,0,0,0,0,0,0,0,0,0,0,0,0,0,0,0,0,0,0,0,0.010989010989011,0,0.142857142857143,0,0,0,0,0,0,0,0,0,0,0,0,0.00684931506849315,0,0,0.010752688172043,0,0,0,0,0,0,0,0,0,0,0,0,0,0,0,0,0,0,0,0,0,0,0,0,0,0,0,0,0,0,0,0,0,0,0,0,0,0,0,0,0,0,0,0,0,0,0,0,0,0,0,0,0,0,0,0,0,0,0,0,0,0,0,0,0,0,0,0,0,0,0,0,0,0,0,0,0,0,0,0,0,0,0,0,0,0,0,0,0,0,0,0,0,0,0,0,0,0,0,0,0,0,0,0,0,0,0,0,0,0,0,0,0,0,0,0,0,0,0,0,0,0,0,0,0,0,0,0,0,0,0,0,0,0,0,0,0,0,0,0,0,0,0,0,0,0,0.00869565217391304,0,0,0,0,0,0,0,0,0,0,0,0,0,0,0,0,0,0,0,0,0,0.00636942675159236,0,0,0,0,0,0,0,0,0,0,0,0,0,0,0,0,0,0,0,0,0,0,0,0,0,0,0,0,0,0,0,0,0,0,0,0.0196078431372549,0,0,0,0,0,0,0,0,0,0,0,0,0,0,0,0,0,0,0,0,0,0,0,0,0,0,0,0,0,0,0,0,0,0,0,0,0,0,0,0,0,0,0,0,0,0,0,0,0,0,0,0,0,0,0,0,0,0,0,0,0,0
0,0,0,0,0,0,0,0.0151515151515152,0,0,0,0,0,0,0,0,0,0,0,0,0,0.00555555555555556,0.0310077519379845,0,0,0,0,0,0,0.00952380952380952,0,0.0476190476190476,0,0,0,0,0,0,0,0,0,0,0,0,0.0125786163522013,0,0,0,0,0,0,0,0,0,0,0,0,0,0,0,0,0,0,0,0,0,0,0,0,0,0,0,0,0,0,0,0,0.0384615384615385,0,0,0,0.00884955752212389,0,0,0,0,0,0,0,0,0,0,0,0,0,0,0,0,0,0,0.0198019801980198,0,0.0392156862745098,0,0,0,0,0,0,0,0,0,0,0,0,0,0,0,0,0,0,0,0,0,0,0,0,0,0,0,0,0,0,0,0,0,0,0,0,0,0,0,0,0,0,0,0,0,0,0,0,0,0,0.010752688172043,0,0,0,0,0,0.00892857142857143,0,0,0.0256410256410256,0,0,0,0,0,0,0,0,0,0,0,0,0,0,0,0,0,0,0,0,0,0,0,0,0,0,0,0,0,0,0,0,0,0,0,0.0034965034965035,0,0,0,0,0,0,0,0,0,0.0111940298507463,0,0,0,0.0526315789473684,0,0,0,0.0177514792899408,0,0,0,0,0,0,0,0,0,0,0,0,0,0,0,0,0,0,0,0,0,0,0,0,0.012987012987013,0,0,0,0,0,0,0,0,0,0,0,0,0,0,0,0,0,0,0,0,0,0,0,0,0,0,0,0,0,0,0,0,0,0,0,0,0,0,0,0,0,0,0,0,0,0,0,0,0,0,0,0,0,0,0,0,0,0,0,0,0,0,0,0,0,0,0,0,0.0217391304347826,0,0,0,0
0.025,0,0,0,0,0,0,0,0,0,0,0,0.00306748466257669,0,0,0,0,0,0,0,0,0,0,0,0,0,0,0,0,0,0,0,0,0,0,0,0.0111111111111111,0,0,0,0,0.00657894736842105,0,0,0,0,0,0,0,0.0087719298245614,0,0,0,0,0,0,0,0,0,0,0,0,0,0,0,0,0,0,0,0,0,0,0,0,0,0,0,0,0,0,0,0,0,0,0,0,0,0,0,0,0,0,0,0,0,0,0,0,0,0,0,0,0.0217391304347826,0.0434782608695652,0,0,0,0,0,0,0,0,0,0,0,0,0,0,0,0,0,0,0,0,0,0,0,0,0,0,0,0,0,0,0,0,0,0,0,0,0,0,0,0,0,0,0,0,0,0,0,0,0,0,0,0,0,0,0,0,0,0.0142857142857143,0.0303030303030303,0,0,0,0,0,0,0,0,0,0,0,0,0,0,0,0,0,0,0,0,0,0,0,0,0,0.00546448087431694,0,0,0,0,0,0.0163934426229508,0,0,0,0.0107913669064748,0,0.0056657223796034,0,0,0,0.0285714285714286,0,0,0,0.0153256704980843,0,0,0,0,0,0,0,0,0,0,0,0,0,0,0,0,0,0,0,0.00970873786407767,0,0,0,0,0,0,0,0,0,0.0384615384615385,0,0,0.0285714285714286,0,0,0,0,0,0,0,0,0,0,0.0169491525423729,0,0,0,0,0,0,0,0,0,0,0,0,0,0,0.0344827586206897,0,0,0,0,0,0.010752688172043,0,0,0,0,0,0,0,0,0,0,0,0,0,0,0,0,0,0,0,0,0,0,0,0,0,0,0.00432900432900433,0,0,0,0,0,0.008,0,0,0,0,0,0,0,0
0,0,0,0,0,0,0,0,0,0,0,0,0,0,0,0,0,0,0,0,0,0,0,0,0,0,0,0,0,0,0,0,0,0,0,0,0,0,0,0,0,0,0,0,0,0,0,0,0,0,0,0,0,0,0,0,0,0,0,0,0,0.00793650793650794,0,0,0,0,0,0,0,0,0,0,0,0.0138888888888889,0,0,0,0,0,0,0,0,0,0,0,0,0,0.00609756097560976,0,0,0,0,0,0,0.0142857142857143,0,0,0,0,0,0,0,0,0,0,0,0,0,0,0,0,0,0.00952380952380952,0,0,0,0,0,0,0.0232558139534884,0,0,0,0,0,0,0,0,0,0,0,0,0,0,0,0,0,0,0,0,0,0.0105263157894737,0,0,0,0,0,0,0,0,0,0.038961038961039,0.0208333333333333,0,0,0,0,0,0,0,0,0,0,0,0,0,0.0101010101010101,0,0,0,0,0,0,0,0,0,0,0,0,0,0,0,0,0.0151515151515152,0.02,0,0,0,0,0,0,0,0,0,0,0,0,0,0,0,0,0.00454545454545455,0.00757575757575758,0,0,0,0,0,0,0,0,0,0,0,0,0,0,0,0,0,0,0,0,0,0,0,0,0,0.0132890365448505,0,0,0,0,0,0,0,0,0,0,0,0,0,0,0,0,0,0,0,0,0,0,0,0,0,0,0,0,0,0,0,0,0,0,0,0,0,0,0,0,0,0,0,0,0,0,0,0,0.2,0,0,0,0,0,0,0,0,0,0,0,0,0,0,0,0.2,0,0,0,0,0,0,0,0,0,0,0.0476190476190476,0,0,0,0,0,0,0,0,0,0
0,0,0,0,0,0,0,0,0,0,0,0,0,0,0,0.0062111801242236,0,0,0,0,0,0,0,0,0.00568181818181818,0,0.00964630225080386,0.0120481927710843,0.0150375939849624,0,0,0,0,0,0,0,0,0.0273224043715847,0.00743494423791822,0,0,0,0,0,0,0,0,0,0.0134228187919463,0,0,0,0.00829875518672199,0,0.00501672240802676,0,0,0,0,0.0292397660818713,0.0155038759689922,0.0130434782608696,0,0,0,0,0,0,0,0,0.003003003003003,0,0,0.0591715976331361,0,0,0,0,0,0,0,0,0,0.0131578947368421,0,0,0,0.0503875968992248,0,0,0,0,0,0.0391061452513966,0,0,0,0,0,0.00263157894736842,0,0,0,0,0,0,0,0,0,0,0,0,0.0495049504950495,0,0,0,0,0,0,0.0344827586206897,0,0,0.0352941176470588,0,0.0194174757281553,0,0,0,0,0,0,0.0102040816326531,0,0,0,0,0,0,0,0,0.0127388535031847,0.0202020202020202,0.0379746835443038,0,0,0,0.00909090909090909,0,0,0,0,0.021978021978022,0.0264900662251656,0,0.0465116279069767,0.008,0,0,0,0,0,0,0,0.02,0.0538922155688623,0.008,0.03,0,0,0.00900900900900901,0,0.0062111801242236,0,0.00854700854700855,0,0,0.00290697674418605,0,0,0,0,0,0.0615384615384615,0.0236686390532544,0.0146341463414634,0,0.0072463768115942,0.065,0,0,0,0,0,0,0,0,0.00719424460431655,0,0,0,0,0.101010101010101,0.11377245508982,0,0,0,0,0,0,0,0,0,0,0.0258064516129032,0,0,0,0,0,0,0,0,0,0,0,0,0,0,0.0198511166253102,0.00606060606060606,0,0,0,0.008,0,0,0,0,0,0.0654761904761905,0,0,0,0,0,0.0105263157894737,0,0,0,0,0,0.00598802395209581,0,0,0,0.0158730158730159,0,0.00892857142857143,0.00847457627118644,0.00909090909090909,0.0402684563758389,0,0.0344827586206897,0,0.0087719298245614,0.00775193798449612,0,0.0078125,0.00840336134453781,0.00900900900900901,0.0260869565217391,0.00900900900900901,0.0107913669064748,0.0104712041884817,0.0143884892086331,0.00847457627118644,0,0,0,0.00833333333333333,0.0394736842105263,0.00909090909090909,0,0,0,0,0,0,0,0,0,0,0,0,0,0,0,0,0,0,0,0,0,0,0.0078740157480315,0,0,0,0,0.0373134328358209,0,0,0.0212765957446809,0.0163934426229508,0
0,0,0.0107142857142857,0.0333333333333333,0.0291970802919708,0,0,0,0,0,0,0,0,0,0,0.00851063829787234,0,0,0,0,0,0,0,0.037037037037037,0.00754716981132075,0,0.00888888888888889,0,0,0,0,0,0,0,0,0,0,0,0,0,0,0,0,0,0,0,0,0,0,0,0,0,0,0,0.00390625,0,0,0,0,0,0,0.0138888888888889,0,0,0,0,0,0,0,0,0.00816326530612245,0,0,0,0,0,0,0,0.00934579439252336,0,0,0,0,0.0091324200913242,0,0,0.0128205128205128,0.010989010989011,0,0,0,0,0,0,0,0,0,0,0,0.0103092783505155,0,0,0,0,0,0.03125,0,0.0434782608695652,0,0,0,0,0.016260162601626,0.0208333333333333,0,0,0,0,0,0.0161290322580645,0,0,0,0,0,0,0,0,0,0,0,0.00909090909090909,0.0303030303030303,0,0,0,0,0.0161290322580645,0,0,0.0140845070422535,0.0267857142857143,0.0131578947368421,0,0,0,0,0,0,0,0,0.0206185567010309,0,0,0.0222222222222222,0,0,0,0,0,0,0,0,0,0.0113636363636364,0,0,0,0,0,0.00793650793650794,0,0,0,0,0,0.032,0,0,0,0,0,0,0.0117647058823529,0.0254237288135593,0,0,0,0,0,0,0,0,0,0,0,0,0,0,0,0,0.00840336134453781,0.00352112676056338,0,0,0,0,0,0,0,0,0,0,0,0,0,0,0,0,0,0,0,0,0,0,0,0,0,0.0156739811912226,0,0,0,0.0422535211267606,0,0,0,0,0,0,0,0,0,0,0,0,0.0294117647058824,0.0291970802919708,0,0,0,0,0,0,0,0,0.025,0,0,0,0,0,0,0.03125,0,0.037037037037037,0,0,0,0,0,0,0,0.00518134715025907,0.0495049504950495,0,0,0,0,0,0,0.0135135135135135,0,0,0,0,0,0,0,0,0,0,0,0,0,0,0,0,0,0,0,0,0,0,0,0,0,0,0,0,0,0,0,0.0363636363636364,0,0
0.00303030303030303,0,0.0369685767097967,0.00324675324675325,0.00239234449760766,0,0.0021551724137931,0,0,0.00332225913621262,0.00332225913621262,0,0.00162337662337662,0,0,0.0258964143426295,0,0,0,0,0,0,0,0,0.0321969696969697,0.00923076923076923,0.0243407707910751,0.00842696629213483,0.00928792569659443,0.0025706940874036,0,0,0,0,0,0,0,0.02710027100271,0.0266666666666667,0.00219298245614035,0.00323624595469256,0,0,0,0.00225225225225225,0,0,0,0.0118343195266272,0,0,0.00536193029490617,0.0382775119617225,0.00632911392405063,0.0299089726918075,0.0032258064516129,0,0,0,0.0308988764044944,0.00311526479750779,0.0417690417690418,0,0,0,0,0,0.004739336492891,0,0,0.0154738878143133,0,0,0.0164835164835165,0,0,0,0,0.0184696569920844,0,0,0,0,0.0246406570841889,0,0.00325732899022801,0.0113314447592068,0.05,0,0,0,0,0,0.0189189189189189,0.0279329608938547,0.00324675324675325,0,0.00307692307692308,0,0.0324909747292419,0,0,0,0,0,0.0032258064516129,0,0,0,0,0.00641025641025641,0,0.041343669250646,0.00306748466257669,0,0,0,0,0,0.00887573964497041,0,0,0.0251396648044693,0,0.0126262626262626,0,0,0.00563380281690141,0,0,0,0.0077720207253886,0.00645161290322581,0,0,0,0,0.00294117647058824,0,0,0.0144927536231884,0.0261096605744125,0.0289855072463768,0.00332225913621262,0.0033003300330033,0,0,0,0,0,0,0.0272479564032698,0.0176470588235294,0,0.0348258706467662,0.012779552715655,0,0,0,0.00252525252525253,0.00192678227360308,0.00557103064066852,0,0.029940119760479,0.00547945205479452,0.00634920634920635,0.0258397932816537,0,0,0,0.0125,0.0202312138728324,0,0,0,0,0.0151515151515152,0.0028169014084507,0,0,0.00320512820512821,0,0,0.0196078431372549,0.0310077519379845,0,0.00303951367781155,0.0227848101265823,0.0106609808102345,0,0.00233100233100233,0,0,0,0.00975609756097561,0,0.00303030303030303,0.00797872340425532,0.0106194690265487,0.00308641975308642,0.00467289719626168,0.0443548387096774,0.0406654343807763,0,0.00555555555555556,0,0,0.00332225913621262,0.00909090909090909,0,0,0.00986842105263158,0,0.00286532951289398,0.00321543408360129,0,0.0110864745011086,0,0,0,0,0,0,0,0.00970873786407767,0.0132890365448505,0.0198511166253102,0.0156739811912226,0,0.0229226361031519,0,0.0032258064516129,0.00571428571428571,0.00634920634920635,0,0,0,0,0,0.0192837465564738,0.0033112582781457,0,0,0,0,0.032345013477089,0.0194647201946472,0,0.00313479623824451,0,0.00332225913621262,0.0112676056338028,0.00864553314121038,0,0,0.0126984126984127,0,0.0033003300330033,0.00323624595469256,0,0.0146627565982405,0.0033112582781457,0.00647249190938511,0,0,0.003125,0,0.0191082802547771,0.00974025974025974,0,0.00324675324675325,0.0033112582781457,0.0238611713665944,0.0131926121372032,0.00302114803625378,0.00977198697068404,0,0.00664451827242525,0,0.00321543408360129,0.014218009478673,0,0,0,0.00655737704918033,0,0,0.00589970501474926,0,0,0,0.00326797385620915,0.00996677740863787,0.0033112582781457,0,0,0,0,0,0,0.00191938579654511,0,0.00321543408360129,0,0.00949367088607595,0,0.00726392251815981,0,0,0.00303951367781155,0,0,0.00903614457831325,0.00919540229885057,0
0,0,0.00636942675159236,0,0.0175438596491228,0,0,0,0,0,0,0,0,0,0,0.0112359550561798,0,0,0,0,0,0,0,0,0.00334448160535117,0.0246913580246914,0.0317460317460317,0.027027027027027,0.0253164556962025,0,0,0,0,0,0,0,0,0.0551181102362205,0.0235849056603774,0,0.015625,0,0,0,0,0,0,0,0,0,0,0.00775193798449612,0.0271739130434783,0.0138888888888889,0.011090573012939,0,0,0,0,0.00826446280991736,0.0131578947368421,0.028735632183908,0,0,0,0,0,0,0,0,0.003584229390681,0,0,0.0416666666666667,0,0,0,0,0.00714285714285714,0,0,0,0,0.0119521912350598,0,0,0.00900900900900901,0.0333333333333333,0,0,0,0,0,0,0.00819672131147541,0,0,0,0,0,0,0,0,0,0,0,0,0,0,0,0.0147058823529412,0.0161290322580645,0.0128205128205128,0.0123456790123457,0,0,0,0,0,0,0,0,0.0252100840336134,0,0.04,0,0,0,0,0,0,0.00699300699300699,0,0,0,0,0,0.0105263157894737,0,0,0.00961538461538462,0.0277777777777778,0.00917431192660551,0,0,0,0,0,0,0,0,0.0153846153846154,0,0,0.0118343195266272,0,0,0,0,0,0,0,0,0,0.0166666666666667,0,0.0201342281879195,0,0,0,0.0191082802547771,0,0,0,0,0,0.0104166666666667,0,0,0,0,0,0.024390243902439,0.0170940170940171,0.0065359477124183,0,0,0,0,0,0,0,0,0.0169491525423729,0,0,0.0117647058823529,0,0,0,0,0.0263157894736842,0.0324675324675325,0,0,0,0,0,0,0,0,0.0163934426229508,0,0.00961538461538462,0,0,0,0,0,0,0,0,0,0,0,0,0.00606060606060606,0,0.0229226361031519,0,0,0,0.00943396226415094,0,0,0,0,0,0,0.0683760683760684,0,0,0,0,0,0.0222222222222222,0.0116279069767442,0,0,0,0,0,0,0,0,0.0136986301369863,0,0,0,0,0.01,0,0.0153846153846154,0,0,0.0133333333333333,0,0,0,0,0.0158730158730159,0,0.0133928571428571,0.0072463768115942,0.0235294117647059,0,0,0,0,0,0.0223463687150838,0,0,0,0,0,0,0,0,0,0.0178571428571429,0,0.0172413793103448,0,0.0178571428571429,0,0,0,0,0,0,0,0,0,0.0136986301369863,0,0,0,0,0,0,0,0.0344827586206897,0.0777777777777778,0
0,0,0.00380228136882129,0,0,0,0,0,0,0,0,0,0,0,0,0,0,0,0,0,0,0,0,0,0,0,0.00483091787439614,0,0,0,0,0,0,0,0,0,0,0,0.00609756097560976,0,0,0,0,0,0,0,0,0,0,0,0,0,0,0,0.00202429149797571,0,0,0,0,0,0,0,0,0,0,0,0,0,0,0,0,0,0,0,0,0,0,0,0,0,0,0,0,0,0,0,0.0169491525423729,0,0,0,0,0,0,0,0,0,0,0,0,0.00364963503649635,0,0,0,0,0,0,0,0,0,0,0,0,0,0,0,0,0,0,0,0,0,0,0,0,0,0,0,0.0169491525423729,0,0,0,0,0,0,0,0,0,0,0,0,0,0,0,0,0,0,0,0,0,0,0,0,0,0,0,0,0,0,0,0,0,0,0,0,0.0144927536231884,0,0,0,0,0,0,0.0181818181818182,0,0,0,0,0,0,0,0,0,0,0,0,0.0099009900990099,0,0,0,0,0,0,0,0,0,0,0,0,0,0,0,0,0.00454545454545455,0.00377358490566038,0,0,0,0,0,0,0,0,0,0,0,0,0,0,0,0,0,0,0,0,0,0,0,0,0,0,0,0,0,0,0,0,0,0,0,0,0,0,0,0,0,0,0,0,0,0,0,0,0,0,0,0,0,0,0,0,0,0,0,0,0,0,0,0,0,0,0,0,0,0,0,0,0,0,0,0,0.0714285714285714,0,0,0,0,0,0,0,0,0,0,0,0,0,0,0,0,0,0,0,0,0,0,0.0714285714285714,0,0,0,0,0,0,0,0,0,0,0,0
0,0,0,0,0,0,0,0,0,0,0,0,0,0,0,0,0,0,0,0,0,0,0,0,0.00793650793650794,0,0,0,0,0,0,0,0,0,0,0,0,0,0,0,0,0,0,0,0,0,0,0,0,0,0,0,0.0214285714285714,0.0384615384615385,0.002,0,0,0,0,0,0,0,0,0,0,0,0,0,0,0,0,0,0,0.0533333333333333,0,0,0,0,0,0,0,0,0,0.00483091787439614,0,0,0,0,0,0,0,0,0,0.0238095238095238,0,0,0,0,0,0,0,0,0,0,0,0,0,0,0,0,0,0,0.0275229357798165,0,0,0,0,0,0,0,0,0,0,0,0.00917431192660551,0,0,0,0,0,0,0,0.05,0,0,0,0,0.0204081632653061,0,0,0,0.0099009900990099,0,0,0,0,0,0,0,0,0,0.0238095238095238,0.0185185185185185,0,0,0,0,0,0,0,0,0,0,0,0,0,0.029126213592233,0,0,0,0,0,0,0,0,0,0.00823045267489712,0,0,0,0,0,0,0,0,0,0,0,0,0,0,0,0,0,0,0,0,0,0,0,0,0.00442477876106195,0.003690036900369,0,0,0,0,0,0,0,0,0,0,0,0,0,0,0,0,0,0,0,0,0,0,0,0,0,0.0032258064516129,0,0,0,0,0,0,0,0,0,0,0,0,0,0,0,0,0,0,0,0,0,0,0,0,0,0,0,0,0,0,0,0,0,0,0,0,0,0,0.0740740740740741,0,0,0.0588235294117647,0,0.00555555555555556,0,0,0,0,0,0,0,0,0,0,0,0,0,0,0,0,0,0,0,0,0,0,0,0,0,0,0,0,0,0,0,0,0,0,0,0,0,0,0,0,0,0
0,0,0.019672131147541,0.0172413793103448,0,0,0,0,0,0,0,0,0,0,0,0.0114503816793893,0,0,0,0,0,0,0,0,0.0243055555555556,0,0,0.00925925925925926,0,0,0,0,0,0,0,0,0,0,0.0192307692307692,0,0,0,0,0,0,0,0,0,0,0,0,0.016260162601626,0,0,0.018796992481203,0,0,0,0,0.00862068965517241,0,0.0116279069767442,0,0,0,0,0,0,0,0,0.00732600732600733,0,0,0.00840336134453781,0,0,0,0,0.0303030303030303,0,0,0,0,0,0,0,0,0,0,0,0,0,0,0,0,0,0,0,0,0.00940438871473354,0,0,0,0,0,0,0,0,0,0,0.0158730158730159,0,0,0,0,0,0,0,0,0.0111111111111111,0,0,0,0,0,0,0,0,0,0,0,0,0,0,0,0,0,0.0111111111111111,0,0,0,0.036231884057971,0.0194174757281553,0,0,0,0,0,0,0,0,0.00793650793650794,0,0,0.0121951219512195,0,0,0,0,0,0,0,0,0,0.00862068965517241,0,0,0,0,0,0.00649350649350649,0.00980392156862745,0,0,0,0,0.0141843971631206,0,0,0,0,0,0,0.00884955752212389,0.0136054421768707,0,0,0.0065359477124183,0,0,0,0,0,0,0,0,0,0,0,0,0,0.00374531835205993,0.00320512820512821,0,0,0,0,0,0,0,0,0,0,0,0,0,0,0,0,0,0,0,0,0,0,0,0,0.0422535211267606,0.00571428571428571,0.00943396226415094,0,0,0,0,0,0,0,0,0,0,0,0,0,0,0,0.0390625,0,0,0.0144927536231884,0,0,0,0,0,0,0,0,0,0,0,0,0,0,0,0,0,0,0,0,0,0,0,0,0.0307692307692308,0,0,0,0,0,0,0.00564971751412429,0,0,0,0,0,0,0.0224719101123595,0,0,0,0,0,0,0,0,0,0,0,0,0,0,0,0,0,0,0,0,0,0,0,0,0,0.00531914893617021,0
0,0,0,0,0,0,0,0,0,0,0,0,0,0,0,0,0,0,0,0,0,0,0,0,0.00386100386100386,0,0.0138248847926267,0,0.025,0,0,0,0,0,0,0,0,0,0,0,0,0,0,0,0,0,0,0,0,0,0,0,0.00675675675675676,0,0,0,0,0,0,0.025,0,0.0145985401459854,0.0555555555555556,0,0,0,0,0,0,0,0,0,0,0.0119047619047619,0,0,0,0,0,0,0,0,0,0,0,0,0.0140845070422535,0.00568181818181818,0,0,0,0,0,0,0,0,0,0,0,0,0,0,0,0,0,0,0,0,0,0,0,0,0,0,0,0,0,0,0,0,0,0,0.0123456790123457,0,0,0,0,0,0,0,0,0,0,0,0,0,0,0,0,0,0,0,0,0,0,0,0,0,0,0,0,0.010989010989011,0,0,0.0155038759689922,0,0,0,0,0,0,0,0,0.0350877192982456,0.025,0,0.0181818181818182,0,0,0,0,0,0,0,0,0,0,0,0,0,0,0,0,0,0,0,0,0.0170940170940171,0,0,0,0,0,0,0,0,0,0,0,0,0,0.0219298245614035,0.0183150183150183,0,0,0,0,0,0,0,0,0,0,0,0,0,0,0,0,0,0,0,0,0,0,0,0.008,0,0.00634920634920635,0,0,0,0,0,0,0,0,0,0,0.0119047619047619,0,0,0,0,0,0.0103092783505155,0,0,0,0,0,0,0,0,0,0,0,0,0,0,0.0166666666666667,0,0,0,0,0,0,0,0,0,0,0,0,0,0,0,0,0,0,0,0.00704225352112676,0,0,0,0,0,0,0,0,0,0,0,0,0,0,0,0,0,0,0,0,0,0,0,0.133333333333333,0,0,0,0,0.0465116279069767,0,0,0,0.0065359477124183,0
0,0,0,0,0,0,0.0220994475138122,0,0,0,0,0.00689655172413793,0.0243161094224924,0,0,0,0,0,0,0,0.0072463768115942,0,0,0,0,0,0,0,0,0,0.025,0,0.0153846153846154,0,0,0.0476190476190476,0.0631578947368421,0,0,0.00568181818181818,0,0,0,0,0,0,0,0,0,0,0,0,0,0,0,0,0,0.0392156862745098,0,0,0,0,0,0,0,0,0,0.0140845070422535,0,0.00909090909090909,0,0,0,0,0,0,0,0,0,0,0,0,0.00609756097560976,0,0,0,0,0,0,0,0,0,0,0,0,0,0,0,0,0,0,0,0,0,0,0,0,0,0.0277777777777778,0,0,0,0,0,0,0,0,0,0,0,0,0.0338983050847458,0,0,0,0,0,0,0,0,0,0,0,0,0,0,0,0,0,0,0,0,0,0,0,0,0,0,0,0,0.0122699386503067,0,0,0,0,0,0,0,0,0.00862068965517241,0.00840336134453781,0,0.0232558139534884,0,0,0,0,0.0263157894736842,0,0,0,0,0,0,0,0,0,0.0133333333333333,0.0476190476190476,0,0,0,0,0,0,0,0,0,0.0157068062827225,0,0.00671140939597315,0,0,0,0.0151515151515152,0,0,0.0102040816326531,0.00344827586206897,0,0.0110803324099723,0,0,0,0,0,0,0,0.0110294117647059,0.018018018018018,0,0,0,0,0,0,0,0,0,0.0141843971631206,0,0,0,0,0,0,0,0,0,0,0,0,0,0,0,0.0476190476190476,0,0,0,0,0,0,0,0,0,0,0,0,0,0,0,0,0,0,0,0,0,0,0,0,0,0,0,0,0,0,0,0,0,0,0,0,0,0.00970873786407767,0,0,0,0,0,0,0,0,0,0,0,0,0,0,0,0,0,0,0,0,0,0,0,0,0,0,0.0210970464135021,0,0,0,0,0.00680272108843537,0,0,0,0,0,0,0,0,0.0303030303030303
0,0,0,0,0,0,0,0,0,0,0,0,0,0,0,0,0,0,0,0,0,0,0,0,0,0,0,0,0,0,0,0,0,0,0,0,0,0,0,0,0,0,0,0,0,0,0,0,0,0,0,0,0,0,0,0,0,0,0,0,0,0,0,0,0,0,0,0.00813008130081301,0,0,0,0,0,0,0,0,0,0,0,0,0,0,0,0,0,0,0,0,0,0,0,0,0,0,0,0,0,0,0,0,0,0,0,0,0,0,0,0,0,0,0,0,0,0,0,0,0,0,0,0,0,0,0,0,0,0,0,0,0,0,0,0,0,0,0,0,0,0,0,0,0,0,0,0,0,0,0,0,0,0,0.00694444444444444,0,0,0,0,0,0,0,0,0,0,0,0,0,0,0,0,0,0,0,0,0,0,0,0,0,0,0,0,0,0,0,0,0,0,0,0,0,0,0,0,0,0,0,0,0,0,0,0,0,0,0,0,0,0,0,0,0,0,0,0,0,0,0,0,0,0,0,0,0,0,0,0,0,0,0,0,0,0,0,0,0,0,0,0.0476190476190476,0,0,0,0,0,0,0,0,0,0,0,0,0,0,0,0,0,0,0,0,0,0,0,0,0,0,0,0,0,0,0,0,0,0,0,0,0,0,0,0,0,0,0,0,0,0,0,0,0,0,0,0,0,0,0,0,0,0,0,0,0,0,0,0,0,0,0,0,0,0,0,0,0,0,0,0,0,0,0,0
0,0,0,0,0,0,0,0,0,0,0,0,0,0,0,0,0,0,0,0,0,0,0.00862068965517241,0,0,0,0,0,0,0.0112359550561798,0,0,0,0,0,0,0,0,0,0,0,0,0,0,0,0,0,0,0,0,0,0,0,0,0,0,0,0,0,0,0,0,0,0,0,0,0,0,0,0,0,0,0,0,0,0,0,0,0,0,0,0,0,0,0,0,0,0,0,0,0,0,0,0,0,0,0,0,0,0,0,0,0,0,0,0,0,0,0,0,0,0,0,0,0,0,0,0,0,0,0,0,0,0,0,0,0,0,0,0,0,0,0,0,0,0,0,0,0,0,0,0,0,0,0,0,0,0,0,0,0,0,0,0,0,0,0,0,0,0,0,0,0,0,0,0,0,0,0,0,0,0,0,0,0,0,0,0,0,0,0,0,0,0,0,0,0,0,0,0,0,0,0,0,0,0,0,0,0,0,0,0,0,0,0,0,0,0,0,0,0,0,0,0,0,0,0,0,0,0,0,0,0,0,0,0,0,0,0,0,0,0,0,0,0,0,0,0,0,0,0,0,0,0,0,0,0,0,0,0,0,0,0,0,0,0,0,0,0,0,0,0,0,0,0,0,0,0,0,0,0,0,0,0,0,0,0,0,0,0,0,0,0,0,0,0,0,0,0,0,0,0,0,0,0,0,0,0,0,0,0,0,0,0,0,0,0,0,0,0,0,0,0,0,0
0,0,0,0,0,0,0,0,0,0,0,0,0,0,0,0,0,0,0,0,0,0,0,0,0,0,0,0,0,0.0112359550561798,0,0,0,0,0,0,0,0,0,0,0,0,0,0,0.00694444444444444,0,0,0,0,0,0,0,0,0,0,0,0,0,0,0,0,0,0,0,0,0,0,0,0,0,0,0,0,0,0,0,0,0,0,0,0,0,0,0,0,0,0,0,0,0,0,0,0,0,0,0,0,0,0,0,0,0,0,0,0,0,0,0,0,0,0,0,0,0,0,0,0,0,0,0,0,0,0,0,0,0,0,0,0,0,0,0,0,0,0,0,0,0,0,0,0,0,0,0,0,0,0,0,0.166666666666667,0,0,0,0,0,0,0,0,0,0,0,0,0,0,0,0,0,0,0,0,0,0,0,0,0,0,0,0,0,0,0,0,0,0,0,0,0,0,0,0,0,0,0,0,0,0,0,0,0,0,0,0,0,0,0,0,0,0,0,0,0,0,0,0,0,0,0,0.00645161290322581,0,0,0,0,0,0,0,0,0,0,0,0,0,0,0,0,0,0,0,0,0,0,0,0,0,0,0,0,0,0,0,0,0,0,0,0,0,0,0,0,0,0,0,0,0,0,0,0,0,0,0,0,0,0,0,0,0,0,0,0,0,0,0,0,0,0,0,0,0,0,0,0,0,0,0,0,0,0,0,0,0,0,0,0,0,0,0,0,0,0,0,0,0,0,0,0,0,0
0,0,0,0,0,0,0,0.0449438202247191,0.0275229357798165,0,0,0,0,0,0,0,0,0,0,0,0,0.0197044334975369,0.00632911392405063,0,0,0,0,0,0,0.0153846153846154,0,0,0,0,0,0,0,0,0,0.0101522842639594,0,0,0.0217391304347826,0,0.0108108108108108,0,0,0.0151515151515152,0,0,0,0,0,0,0,0,0,0,0.0153846153846154,0,0,0,0,0,0,0,0,0,0.0526315789473684,0,0,0.0208333333333333,0,0,0,0,0,0.0256410256410256,0,0,0,0.0294117647058824,0,0,0,0,0,0,0,0,0.0344827586206897,0,0,0,0,0,0,0,0,0,0.0078125,0,0,0,0,0,0,0,0,0,0,0,0,0,0.0158730158730159,0,0,0,0,0,0,0,0,0,0,0,0,0,0,0,0,0,0,0,0,0,0,0,0,0,0,0,0,0,0,0,0,0.0506329113924051,0,0,0,0,0,0,0.00636942675159236,0,0.0149253731343284,0,0,0.0220588235294118,0,0.0198019801980198,0.0645161290322581,0,0,0,0,0.0338983050847458,0,0,0,0,0,0,0.0555555555555556,0,0,0,0,0.0175438596491228,0,0,0,0,0,0,0,0,0,0,0,0,0,0,0,0.0175438596491228,0,0,0.00967741935483871,0,0,0,0,0,0,0,0,0,0.0241379310344828,0,0,0,0,0,0,0,0.0879120879120879,0,0,0,0,0,0,0,0.0384615384615385,0,0,0,0,0,0,0,0,0,0,0,0,0,0,0,0,0.130434782608696,0,0,0.0337078651685393,0,0,0.0833333333333333,0,0,0,0,0.010989010989011,0,0,0,0,0,0,0,0,0,0,0,0,0,0,0,0,0,0,0,0,0,0,0,0,0,0,0,0,0,0,0,0,0,0,0,0,0,0,0,0,0,0,0,0,0,0,0.0136986301369863,0,0,0,0,0,0,0,0,0,0,0.0169491525423729,0,0,0,0
0,0,0.00611620795107034,0,0.0218579234972678,0,0,0,0,0,0,0,0,0,0,0.0253623188405797,0,0,0,0,0,0,0,0,0.00967741935483871,0,0.0340909090909091,0.0241935483870968,0.032967032967033,0,0,0,0,0,0,0,0,0.05,0.0176991150442478,0,0,0,0,0,0,0,0,0,0.00917431192660551,0,0,0.0141843971631206,0.0466321243523316,0,0.0163339382940109,0,0,0,0,0.0384615384615385,0.0227272727272727,0.032258064516129,0,0,0,0,0,0,0,0,0,0,0,0.037593984962406,0,0,0,0,0,0,0,0,0,0.0190839694656489,0,0,0.00806451612903226,0.0599078341013825,0,0,0,0,0,0.013986013986014,0.0149253731343284,0,0,0,0,0.00294985250737463,0,0,0,0,0,0,0,0,0,0,0,0,0.0301204819277108,0,0,0,0,0,0,0.0283018867924528,0,0,0.0546875,0,0.0304878048780488,0,0,0.00806451612903226,0,0,0,0,0,0,0,0,0,0.0186915887850467,0,0,0.00854700854700855,0.0387096774193548,0.00819672131147541,0,0,0,0.0144927536231884,0,0,0,0,0.0357142857142857,0.00884955752212389,0,0.0574712643678161,0.0119047619047619,0,0,0,0,0,0,0,0.00900900900900901,0.0546875,0,0.0185185185185185,0,0,0,0.0359281437125748,0,0,0,0,0,0.0167224080267559,0,0,0,0,0,0.0319148936170213,0,0.00602409638554217,0,0.0315789473684211,0.0424242424242424,0,0,0,0,0,0,0,0,0.0102040816326531,0,0,0,0,0.0476190476190476,0.0408805031446541,0,0,0,0,0,0,0,0,0,0,0.0350877192982456,0,0,0,0,0,0,0,0,0,0,0,0,0.0654761904761905,0,0.0192837465564738,0.0683760683760684,0,0,0,0.0119047619047619,0,0,0,0,0,0,0,0,0,0,0,0,0.0108108108108108,0,0.0114942528735632,0,0,0.016,0,0,0,0.0357142857142857,0.0123456790123457,0,0.012987012987013,0,0.0555555555555556,0,0.0128205128205128,0,0,0,0,0.0114942528735632,0,0,0.0131578947368421,0,0,0,0.0101010101010101,0,0,0,0,0,0.0261780104712042,0,0,0,0,0,0,0,0,0,0,0,0,0,0,0,0,0,0,0,0,0,0,0,0.0235294117647059,0,0,0,0,0.0103092783505155,0,0,0.0404040404040404,0.137362637362637,0
0,0,0,0,0,0,0,0,0,0,0,0,0,0,0,0,0,0,0,0,0,0,0,0,0,0,0,0,0.0384615384615385,0,0,0,0,0,0,0,0,0,0,0,0,0,0,0,0,0,0,0,0,0,0,0,0,0,0,0,0,0,0,0,0,0,0,0,0,0,0,0,0,0,0,0,0,0,0,0,0,0,0,0,0,0,0,0.0050251256281407,0,0,0.0175438596491228,0,0,0,0,0,0,0.012987012987013,0,0,0,0,0,0.00367647058823529,0,0,0,0,0,0,0,0,0,0,0,0,0,0,0,0,0,0,0,0.024390243902439,0,0,0,0,0,0,0,0,0,0,0,0.0112359550561798,0,0,0,0,0,0,0,0,0,0,0,0,0,0,0,0,0,0,0,0,0,0,0,0,0,0,0,0,0,0,0,0,0,0,0,0,0,0,0,0,0,0,0,0,0,0,0,0,0,0,0,0,0,0,0,0,0,0,0,0,0,0,0,0,0,0,0,0,0,0,0,0,0,0,0,0,0,0,0,0,0,0.02,0,0,0,0,0,0,0,0,0,0,0,0,0,0,0.0033112582781457,0,0,0,0,0,0,0,0,0,0,0,0,0,0,0,0,0,0,0,0,0,0,0,0,0,0,0,0,0,0,0,0,0,0,0,0,0,0,0,0,0,0,0,0,0,0,0,0,0,0,0,0,0,0,0,0,0,0,0,0,0,0,0,0,0,0,0,0,0,0,0,0,0,0,0,0,0,0,0,0,0,0,0,0,0,0
0,0,0,0,0,0.0151515151515152,0,0.0277777777777778,0.04,0,0,0,0,0,0,0,0,0.0121951219512195,0,0,0,0.0135135135135135,0.023121387283237,0,0,0,0,0,0,0.0416666666666667,0,0.0153846153846154,0,0,0.0285714285714286,0,0,0,0,0.0235849056603774,0,0,0.0181818181818182,0,0.0199004975124378,0,0,0.0482758620689655,0,0,0,0,0,0,0.00181488203266788,0,0,0,0,0,0,0,0,0,0,0,0,0,0.0263157894736842,0,0,0,0.0131578947368421,0,0,0.0285714285714286,0.027027027027027,0.0208333333333333,0,0,0,0.0326797385620915,0,0,0,0,0,0,0,0,0,0,0,0,0,0,0,0.0117647058823529,0,0,0.0137931034482759,0,0.0319148936170213,0,0,0,0,0,0,0,0,0,0,0,0.0123456790123457,0.0163934426229508,0,0,0.0120481927710843,0.0202020202020202,0,0,0,0,0,0.0163934426229508,0,0,0,0,0,0,0,0,0,0.0116279069767442,0,0,0,0,0,0,0,0,0,0,0,0.0202020202020202,0,0,0,0,0.00952380952380952,0,0.00571428571428571,0,0,0,0,0.0261437908496732,0,0,0.037037037037037,0,0,0,0,0.0128205128205128,0,0,0,0,0,0,0.0135135135135135,0,0,0,0,0.027027027027027,0,0,0,0,0,0,0,0,0,0,0,0,0,0,0,0,0,0,0.00914634146341463,0,0,0,0,0,0,0.00467289719626168,0,0,0.0260586319218241,0,0,0,0,0,0,0,0.0384615384615385,0,0,0,0,0.0126582278481013,0,0.012987012987013,0.0285714285714286,0,0,0,0,0,0,0,0,0,0,0,0,0,0.130434782608696,0,0,0,0,0,0.00917431192660551,0,0,0,0,0,0,0,0,0,0,0,0,0,0,0,0,0,0,0,0,0,0.0161290322580645,0,0,0,0,0,0,0,0,0,0,0,0,0,0,0,0,0,0,0,0,0,0,0,0,0,0,0,0,0,0,0,0,0.010989010989011,0,0,0,0.0163934426229508,0,0,0,0,0,0,0.037593984962406,0,0,0,0
0,0,0,0,0,0,0,0,0,0,0,0,0,0,0,0.014018691588785,0,0,0,0,0,0,0,0,0,0,0,0,0,0,0,0,0,0,0,0,0,0,0,0,0,0,0,0,0,0,0,0,0,0,0,0,0,0,0,0,0,0,0,0.0147058823529412,0,0,0,0,0,0,0,0,0,0,0,0,0,0,0,0,0,0,0,0,0,0,0,0,0,0,0,0,0,0,0,0,0,0,0,0,0,0,0,0,0,0,0,0,0,0,0,0,0,1,0,0,0,0,0,0,0,0,0,0,0,0,0,0,0,0,0,0,0,0,0,0,0,0,0,0,0,0,0,0,0,0,0,0,0,0,0,0,0,0,0,0,0,0,0,0,0,0,0,0,0,0,0,0,0,0,0,0,0,0,0,0,0,0,0,0,0,0,0,0,0,0,0,0,0,0,0,0,0,0,0,0,0,0,0,0,0,0,0,0,0,0,0.00378787878787879,0,0,0,0,0,0,0,0,0,0,0,0,0,0,0,0,0,0,0,0,0,0,0,0,0,0,0,0,0,0,0,0,0,0,0,0,0,0,0,0,0,0,0,0,0,0,0,0,0,0,0,0,0,0,0,0,0,0.0212765957446809,0,0,0,0,0,0,0,0,0,0,0,0,0,0,0,0,0,0,0,0,0,0,0,0,0,0,0,0,0,0,0,0,0,0,0,0,0,0,0,0,0,0,0,0,0,0,0,0,0,0,0,0,0.00714285714285714,0
0,0,0,0,0,0,0,0,0,0,0,0,0,0,0,0,0,0,0,0,0,0,0,0,0,0,0,0,0,0,0,0,0,0,0,0,0,0,0,0,0,0,0.0196078431372549,0,0,0,0,0,0,0,0,0,0,0,0,0,0,0,0,0,0,0,0,0,0,0,0,0,0,0,0,0,0,0,0,0,0,0,0,0,0,0,0,0,0,0,0,0,0,0,0,0,0,0,0,0,0,0,0,0,0.0116279069767442,0,0,0,0,0,0,0,0,0,0,0,0,0,0,0,0,0,0,0,0,0,0,0,0,0,0,0,0,0,0,0,0,0,0,0,0,0,0,0,0,0,0,0,0,0,0,0,0,0,0,0,0,0,0,0,0,0,0,0.0104166666666667,0,0,0,0,0,0,0,0,0,0,0,0,0,0,0,0,0,0,0,0,0,0,0,0,0,0,0,0,0,0,0,0,0,0,0,0,0,0,0,0,0,0,0,0,0,0,0,0,0,0,0,0,0,0,0,0,0,0,0,0,0,0,0,0,0,0,0,0,0,0,0,0,0,0,0,0,0,0,0,0,0,0,0,0,0,0,0,0,0,0,0,0,0,0,0,0,0,0,0,0,0,0,0,0,0,0,0,0,0,0,0,0,0,0,0,0,0,0,0,0,0,0,0,0,0,0,0,0,0,0,0,0,0,0,0,0,0,0,0,0,0,0,0,0,0,0,0,0,0,0,0,0,0,0,0
0,0,0,0,0,0,0,0.03125,0.0442477876106195,0,0,0,0,0,0,0,0,0.0142857142857143,0,0,0,0.23121387283237,0.0185185185185185,0,0,0,0,0,0,0.037593984962406,0,0.0188679245283019,0,0,0.0169491525423729,0,0,0,0,0.00985221674876847,0,0,0.0101010101010101,0,0.0320855614973262,0,0,0.0294117647058824,0,0,0.0181818181818182,0,0,0,0,0,0,0,0.0140845070422535,0,0,0,0,0,0,0,0,0,0.0153846153846154,0,0,0,0.015625,0,0,0.0169491525423729,0.0158730158730159,0.0617283950617284,0,0,0,0.0579710144927536,0,0,0,0,0,0,0,0,0,0,0,0,0,0,0,0,0,0,0.0305343511450382,0,0.0119047619047619,0,0.0196078431372549,0,0,0,0,0,0,0,0,0,0.0294117647058824,0,0,0,0,0,0,0,0,0,0,0,0,0,0,0,0,0,0,0,0,0,0,0,0,0,0,0,0,0,0,0,0,0.0229885057471264,0,0,0,0,0,0.008,0,0,0,0,0,0.013986013986014,0,0.0186915887850467,0,0,0,0,0,0.046875,0,0,0,0,0,0,0.0161290322580645,0,0,0,0,0.032258064516129,0,0,0,0,0,0,0,0,0,0,0,0,0,0,0,0.0158730158730159,0,0,0.00314465408805031,0.0138888888888889,0,0,0,0,0,0.00995024875621891,0,0,0.01,0,0,0,0,0,0,0,0.0303030303030303,0,0,0,0,0,0,0,0,0,0,0,0,0,0,0,0,0,0,0,0,0,0.0337078651685393,0,0,0.00917431192660551,0,0,0,0,0,0.0357142857142857,0,0,0,0,0.0208333333333333,0,0,0,0,0,0,0,0,0,0,0,0,0,0,0,0,0,0,0,0,0,0,0,0,0,0,0,0,0,0,0,0,0,0,0,0,0,0,0,0,0,0,0,0,0,0,0.0526315789473684,0,0,0,0,0,0,0,0,0,0,0.05,0,0,0,0
0,0,0.0148367952522255,0,0,0,0,0,0,0,0,0,0,0,0,0.00680272108843537,0,0,0,0,0,0,0,0,0.0124223602484472,0.00925925925925926,0.00704225352112676,0.0218978102189781,0,0,0,0,0,0,0,0,0,0.00628930817610063,0.00413223140495868,0,0,0,0,0,0,0,0,0,0.0165289256198347,0,0,0.00645161290322581,0.00467289719626168,0,0.00880281690140845,0,0,0,0,0,0,0.0148514851485149,0,0,0,0,0,0,0,0,0.0166112956810631,0,0,0.0134228187919463,0,0,0,0,0,0,0,0,0,0.0256410256410256,0,0,0,0.0125,0,0,0,0,0,0.0394736842105263,0,0,0,0,0,0.014367816091954,0,0,0,0,0,0,0,0,0,0,0,0,0.00546448087431694,0.0188679245283019,0,0,0,0,0,0.00826446280991736,0,0,0.0206896551724138,0,0.0167597765363128,0,0,0.0147058823529412,0,0,0,0.00591715976331361,0.0108695652173913,0,0,0,0,0,0,0,0.0155038759689922,0.0235294117647059,0.0303030303030303,0,0,0,0,0,0,0,0,0,0,0,0,0,0,0,0,0,0,0,0,0.016260162601626,0,0.0103092783505155,0.0171428571428571,0,0,0,0,0.0075187969924812,0,0,0,0,0.00955414012738853,0,0,0,0,0,0,0.00694444444444444,0.00558659217877095,0,0,0,0,0,0,0,0,0,0,0,0.00900900900900901,0,0,0,0,0.0101351351351351,0.0147492625368732,0,0,0,0,0,0,0,0,0,0,0,0,0,0,0,0,0,0,0,0,0,0,0,0.0105263157894737,0.0294117647058824,0.032345013477089,0.0222222222222222,0,0,0.0390625,0.0103092783505155,0,0,0,0,0,0,0,0,0,0,0,0,0.0362694300518135,0,0,0,0,0,0,0,0,0,0.0106382978723404,0,0,0,0.00793650793650794,0,0.010989010989011,0,0,0,0,0,0.010989010989011,0,0.0112359550561798,0,0.0284552845528455,0.0122699386503067,0.00892857142857143,0,0,0,0,0,0.00480769230769231,0,0,0,0,0,0,0.0166666666666667,0.0114942528735632,0,0,0,0,0,0,0,0,0,0,0,0,0,0,0,0,0,0,0,0,0,0,0,0,0,0
0,0,0.0441988950276243,0,0.0260869565217391,0,0,0,0,0,0,0,0,0,0,0.164912280701754,0,0,0,0,0,0,0,0,0.0372492836676218,0.013986013986014,0.0125786163522013,0.0232558139534884,0.0214285714285714,0,0,0,0,0,0,0,0,0.0155440414507772,0.0608365019011407,0,0,0,0,0,0.00383141762452107,0,0,0,0.0392156862745098,0,0,0.00523560209424084,0.0161943319838057,0.00746268656716418,0.041025641025641,0,0,0,0,0.010989010989011,0,0.0168776371308017,0,0,0,0,0,0,0,0,0.0239520958083832,0,0,0.00537634408602151,0,0,0,0,0.0304568527918782,0,0,0,0,0.0293159609120521,0.00847457627118644,0,0.00578034682080925,0.00359712230215827,0,0,0,0,0.0266666666666667,0.043010752688172,0.00543478260869565,0,0,0,0,0.0428954423592493,0,0,0,0,0,0.0158730158730159,0,0,0,0,0.00769230769230769,0,0,0.0140845070422535,0,0,0,0,0,0.0128205128205128,0.00847457627118644,0,0.00546448087431694,0,0.00925925925925926,0,0,0.0116279069767442,0,0,0,0.0351758793969849,0,0,0,0,0,0.00636942675159236,0,0,0.0245398773006135,0.0344827586206897,0.00584795321637427,0,0,0,0,0,0,0,0,0,0.00617283950617284,0,0.0174672489082969,0.0075187969924812,0,0,0,0,0,0,0,0,0.010989010989011,0.0075187969924812,0.019047619047619,0,0,0,0.0277777777777778,0.0179640718562874,0,0.0161290322580645,0,0,0.0505952380952381,0,0,0,0.00775193798449612,0.00806451612903226,0,0,0.0334928229665072,0,0.00684931506849315,0.00454545454545455,0,0,0,0,0,0,0,0,0,0,0,0,0,0.00903614457831325,0.0106382978723404,0,0,0,0,0,0,0,0,0,0,0.00602409638554217,0,0,0,0,0,0,0,0,0,0,0,0,0,0.0291970802919708,0.0194647201946472,0.0116279069767442,0,0,0,0,0,0,0,0,0,0.0108108108108108,0,0,0,0,0,0.0362694300518135,0,0,0,0,0,0.0173410404624277,0,0,0,0.00740740740740741,0,0,0,0,0.0124223602484472,0,0,0,0,0,0,0,0,0,0,0,0.0140350877192982,0.0100502512562814,0,0,0,0,0,0.0078125,0,0,0,0,0,0,0,0.0128205128205128,0,0,0,0,0,0,0,0,0,0,0,0,0,0,0,0,0.00740740740740741,0,0,0,0,0.00684931506849315,0,0,0,0.0281124497991968,0
0,0,0,0,0,0,0,0.0535714285714286,0,0,0,0,0,0,0,0,0,0,0,0,0,0.0176470588235294,0,0,0,0,0,0,0,0,0,0,0,0,0,0,0,0,0,0,0,0,0,0,0,0,0,0,0,0,0,0,0,0,0,0,0,0,0,0,0,0,0,0,0,0,0,0,0,0,0,0,0,0,0,0,0,0.0222222222222222,0,0,0,0.0392156862745098,0,0,0,0,0,0,0,0,0,0,0,0,0,0,0,0,0,0,0,0,0.0227272727272727,0,0.0909090909090909,0,0,0,0,0,0,0,0,0,0,0,0,0,0,0,0,0,0,0,0,0,0,0,0,0,0,0,0,0,0,0,0,0,0,0,0,0,0,0,0,0,0,0,0,0,0,0,0,0.0117647058823529,0,0,0,0,0,0,0,0,0,0,0,0,0,0.08,0,0,0,0,0,0,0.0454545454545455,0,0,0,0,0,0,0,0,0,0,0,0,0,0,0,0,0,0,0,0,0,0,0,0,0,0,0,0,0,0,0,0,0,0.00766283524904215,0,0,0,0,0,0,0,0.00613496932515337,0,0,0,0,0,0,0,0,0,0,0,0,0,0,0,0,0,0,0,0,0,0.0833333333333333,0,0,0,0,0,0.0357142857142857,0,0,0,0,0,0,0,0,0,0,0,0,0,0,0,0,0,0,0,0,0,0,0,0,0,0,0,0,0,0,0,0,0,0,0,0,0,0,0,0,0,0,0,0,0,0,0,0,0,0,0,0,0,0,0,0,0,0,0,0,0,0,0,0,0,0,0,0,0,0
0,0,0,0,0.0148148148148148,0,0,0,0,0,0,0,0,0,0,0,0,0,0,0,0,0,0,0,0,0,0.0045045045045045,0.0131578947368421,0,0,0,0,0,0,0,0,0,0,0,0,0,0,0,0,0,0,0,0,0,0,0,0.0333333333333333,0,0,0.0323886639676113,0,0,0,0,0,0.0256410256410256,0,0,0,0,0,0,0,0,0,0.00413223140495868,0,0,0,0,0,0,0,0.00970873786407767,0,0,0,0,0,0,0,0,0.00558659217877095,0,0,0,0,0.0185185185185185,0.0106382978723404,0,0,0,0,0,0,0,0,0,0,0,0,0,0,0,0,0,0,0.00833333333333333,0.0465116279069767,0,0,0,0,0,0,0,0,0.0240963855421687,0,0,0,0,0.0135135135135135,0,0,0,0,0,0,0,0,0,0.0172413793103448,0,0,0,0.018348623853211,0,0,0,0,0,0,0,0,0,0,0,0,0,0,0,0,0,0,0,0,0,0.0333333333333333,0,0,0.0087719298245614,0,0,0,0,0.0142857142857143,0,0,0,0,0.00793650793650794,0,0,0,0,0,0,0,0.00862068965517241,0,0,0,0,0,0,0,0,0,0,0,0,0,0,0,0,0.00854700854700855,0.00357142857142857,0,0,0,0,0,0,0,0,0.0416666666666667,0,0,0,0,0,0,0,0,0,0,0,0,0,0,0,0,0.00313479623824451,0,0,0,0.0144927536231884,0,0,0,0,0,0,0.0114942528735632,0,0,0,0,0,0,0,0,0,0,0,0,0,0,0,0,0,0,0,0,0,0,0,0,0,0,0,0.027027027027027,0,0,0,0,0,0.0099009900990099,0,0,0,0,0,0,0,0,0,0,0,0,0,0,0,0,0,0,0,0,0,0,0,0,0,0,0,0,0,0,0,0,0,0,0,0,0,0,0,0.00641025641025641,0
0,0,0,0,0,0,0,0,0,0,0,0,0,0,0,0,0,0,0,0,0,0,0,0,0,0,0.00483091787439614,0.0163934426229508,0,0,0,0,0,0,0,0,0,0,0.00609756097560976,0,0,0,0,0,0,0,0,0,0,0,0,0,0,0,0,0,0,0,0,0,0,0,0,0,0,0,0,0,0,0,0,0,0,0,0,0,0,0,0,0,0,0,0,0.01,0,0,0,0,0,0,0,0,0,0,0,0,0,0,0,0,0,0,0,0,0,0,0,0,0,0,0,0,0,0,0,0,0,0,0,0,0,0,0,0,0.00970873786407767,0,0,0,0,0,0,0,0,0,0,0,0,0.0232558139534884,0,0,0,0,0,0,0,0,0,0,0,0,0,0,0,0,0,0,0,0,0,0,0,0,0,0,0,0,0,0,0,0,0,0,0,0,0,0,0.00420168067226891,0,0,0,0,0,0,0,0,0,0,0,0,0,0,0,0,0,0,0,0,0,0,0,0,0.00454545454545455,0.00377358490566038,0,0,0,0,0,0,0,0,0,0,0,0,0,0,0,0,0,0,0,0,0,0,0,0,0,0,0,0,0,0,0,0,0,0,0,0,0,0,0,0,0,0,0,0,0,0,0,0,0,0,0,0,0,0,0,0,0,0,0,0,0,0,0,0,0,0,0,0,0,0,0,0,0,0,0,0,0,0,0,0,0,0,0,0,0,0,0,0,0,0,0,0,0,0,0.4,0,0,0,0,0,0,0,0,0,0,0,0,0,0,0,0,0
0,0,0,0,0,0,0,0,0,0,0,0,0,0,0,0,0,0,0,0,0,0,0,0,0,0,0,0,0,0,0,0,0,0,0,0,0,0.0128205128205128,0,0,0,0,0,0,0,0,0,0,0,0,0,0,0,0,0,0,0,0,0,0,0,0.00813008130081301,0,0,0,0,0,0,0,0,0,0,0,0,0,0,0,0,0,0,0,0,0,0.00505050505050505,0,0,0,0,0,0,0,0,0,0,0,0,0,0,0,0,0,0,0,0,0,0,0,0,0,0,0,0,0,0,0,0,0,0,0,0,0,0,0.0151515151515152,0,0.01,0,0,0,0,0,0,0,0,0,0,0,0,0,0,0,0,0,0,1,0,0,0,0,0,0,0,0,0.0222222222222222,0,0.00869565217391304,0,0,0,0,0,0,0,0,0,0,0,0,0,0,0,0,0,0,0,0,0,0,0,0,0,0,0,0,0,0,0,0,0,0,0,0,0,0,0,0,0,0,0,0,0,0,0,0,0,0,0,0,0,0,0,0,0,0,0,0,0,0,0,0,0,0,0,0,0,0,0,0,0,0.00332225913621262,0,0,0,0,0,0,0,0,0,0,0,0,0,0,0,0,0,0,0,0,0,0,0,0,0,0,0,0,0,0,0,0,0,0,0,0,0,0,0,0,0,0,0,0,0,0,0,0,0,0,0,0,0,0,0,0,0,0,0,0,0,0,0,0,0,0,0,0,0,0,0,0,0,0,0,0,0,0,0,0,0,0,0,0,0,0
0,0,0.00315457413249211,0,0.0114942528735632,0,0,0,0.00793650793650794,0,0,0,0,0,0,0.00740740740740741,0,0.0256410256410256,0,0,0,0,0.00578034682080925,0,0,0,0.0194552529182879,0.00869565217391304,0,0,0,0,0,0,0,0,0,0.0381679389312977,0,0.00943396226415094,0,0,0.00925925925925926,0,0.01,0,0,0.00675675675675676,0.0102040816326531,0,0,0,0.0159574468085106,0.0273972602739726,0.00919117647058824,0,0,0,0.0125,0.0163934426229508,0.0128205128205128,0.0225988700564972,0,0,0,0,0,0,0,0,0,0,0,0.0241935483870968,0,0,0,0,0,0,0,0.0197368421052632,0,0.0118577075098814,0.0172413793103448,0,0,0.037914691943128,0,0,0,0,0,0.0075187969924812,0.00806451612903226,0,0,0,0,0,0.0212765957446809,0,0.0217391304347826,0,0,0,0,0,0,0,0,0,0.0596026490066225,0,0,0,0,0,0,0.0103092783505155,0,0,0.0420168067226891,0,0.0821917808219178,0,0,0,0.0172413793103448,0,0,0,0,0,0,0,0,0.0208333333333333,0,0,0,0.00671140939597315,0.0275229357798165,0,0,0,0,0.0103092783505155,0,0,0,0.046875,0.0510204081632653,0,0.0297619047619048,0.0136986301369863,0.0121951219512195,0,0,0,0,0,0.0125,0.0520833333333333,0.0163934426229508,0,0.0335570469798658,0,0,0,0,0,0,0,0.0140845070422535,0,0.013840830449827,0,0,0.0138888888888889,0,0,0,0.0431034482758621,0.012987012987013,0,0.0235294117647059,0.00625,0,0.0144927536231884,0,0,0,0,0,0,0.0114942528735632,0,0.00613496932515337,0,0,0.0261194029850746,0.032258064516129,0,0,0,0,0,0,0,0,0,0,0,0,0,0.0142857142857143,0,0,0,0,0,0,0,0,0,0.00598802395209581,0,0.0112676056338028,0,0,0,0,0,0,0,0,0,0,0.016,0,0,0,0,0,0,0.0173410404624277,0,0,0,0,0,0.0288461538461538,0,0,0.027027027027027,0.0289855072463768,0,0,0,0.03,0,0,0,0,0.0263157894736842,0,0.0405405405405405,0.0303030303030303,0,0,0.0169491525423729,0,0.0217391304347826,0.0113636363636364,0.0151515151515152,0,0,0,0,0.0335195530726257,0,0,0.0172413793103448,0,0,0,0,0,0,0,0,0,0,0,0,0,0,0,0.0229885057471264,0,0,0,0,0,0,0,0,0,0.0235294117647059,0.00746268656716418,0,0.0222222222222222,0.0155440414507772,0
0.0128205128205128,0,0,0,0,0,0,0.0102040816326531,0.0350877192982456,0,0,0,0,0,0,0,0,0.0289855072463768,0,0,0,0.0441176470588235,0.0443037974683544,0,0,0,0,0,0,0.0147058823529412,0,0,0,0,0,0,0,0,0,0.0148514851485149,0,0.00526315789473684,0.0204081632653061,0,0.0157894736842105,0,0,0.0294117647058824,0,0,0.0181818181818182,0,0,0,0,0,0,0,0.0285714285714286,0,0,0,0,0,0,0,0,0,0,0.0072463768115942,0,0,0,0,0,0.0344827586206897,0.0158730158730159,0.0238095238095238,0,0.00917431192660551,0,0.020979020979021,0.00520833333333333,0,0,0,0,0,0,0,0,0,0,0,0,0,0,0,0,0,0.062992125984252,0,0,0,0,0,0,0,0,0,0,0,0,0,0,0,0,0,0,0,0,0,0,0,0,0,0,0,0,0,0,0,0,0,0,0,0,0,0,0,0,0,0,0,0,0,0,0.0470588235294118,0,0,0,0.00806451612903226,0,0.008,0,0,0.0136986301369863,0,0,0.00694444444444444,0,0,0.0140845070422535,0,0,0,0,0,0,0,0,0,0,0,0,0,0,0,0,0.032258064516129,0,0,0,0,0,0,0,0,0,0,0.0171428571428571,0,0,0,0.0125,0.0491803278688525,0,0,0.00949367088607595,0,0.00255102040816327,0,0,0,0,0.00495049504950495,0,0,0.0236486486486486,0.00714285714285714,0,0,0,0,0,0,0.0851063829787234,0,0,0,0,0.0149253731343284,0.0196078431372549,0,0.0169491525423729,0,0,0,0.00864553314121038,0,0,0,0,0,0,0,0,0,0.010989010989011,0,0,0,0,0,0.0208333333333333,0,0,0,0,0,0,0.0288461538461538,0,0,0,0,0,0,0,0,0,0,0,0,0,0,0,0.0303030303030303,0,0,0,0,0,0,0,0,0,0,0,0,0,0,0,0,0,0,0,0.0229885057471264,0,0,0,0,0,0,0,0,0,0,0,0.0126582278481013,0.00371747211895911,0,0,0,0,0.00571428571428571,0,0,0,0,0.0161290322580645,0,0,0,0
0,0,0,0,0,0,0,0,0,0,0,0,0,0,0,0,0,0,0,0,0,0.00609756097560976,0,0,0,0,0,0,0,0,0,0,0,0,0,0,0,0,0,0,0,0,0.0196078431372549,0,0,0,0,0,0,0,0,0,0,0,0,0,0,0,0,0,0,0,0,0,0,0,0,0,0,0,0,0,0,0,0,0,0,0,0,0,0,0,0,0,0,0,0,0,0,0,0,0,0,0,0,0,0,0,0,0,0,0,0,0,0,0,0,0,0,0,0,0,0,0,0,0,0,0,0,0,0,0,0,0,0,0,0,0,0,0,0,0,0,0,0,0,0,0,0,0,0,0,0,0,0,0,0,0,0,0,0,0,0,0,0,0,0,0,0,0,0,0,0,0,0,0,0,0,0,0,0,0,0,0,0,0,0,0,0,0,0,0,0,0,0,0,0,0,0,0,0,0,0,0,0,0,0,0,0,0,0,0,0,0,0,0,0,0,0,0,0,0,0,0,0,0,0.00645161290322581,0,0,0,0,0,0,0,0,0,0,0,0,0,0,0,0,0,0,0,0,0,0,0,0,0,0,0,0,0,0,0,0,0,0,0,0,0,0,0,0,0,0,0,0,0,0,0,0,0,0,0,0,0,0,0,0,0,0,0,0,0,0,0,0,0,0,0,0,0,0,0,0,0,0,0,0,0,0,0,0,0,0,0,0,0,0,0,0,0,0,0,0,0,0,0,0,0,0
0,0,0,0,0,0,0,0,0,0,0,0,0,0,0,0,0,0,0,0,0,0,0,0,0,0,0,0,0,0,0,0,0,0,0,0,0,0,0,0,0,0,0,0,0,0,0,0,0,0,0,0,0.0150375939849624,0,0,0,0,0,0,0,0,0.00806451612903226,0,0,0,0,0,0,0,0,0,0,0,0,0,0,0,0,0,0,0,0,0,0,0,0,0,0,0,0,0,0,0,0,0,0,0,0,0,0,0,0,0,0,0,0,0,0,0,0,0,0,0,0,0,0,0,0,0,0.024390243902439,0,0,0,0,0,0,0,0,0,0,0,0,0,0,0,0,0,0,0,0,0,0,0,0,0,0,0,0,0,0,0,0,0,0,0,0,0,0,0,0,0,0,0,0,0,0,0,0,0,0,0,0,0,0,0,0,0,0,0,0,0,0,0,0,0,0,0,0,0,0,0,0,0,0,0,0,0,0,0,0,0,0.00458715596330275,0.00380228136882129,0,0,0,0,0,0,0,0,0,0,0,0,0,0,0,0,0,0,0,0,0,0,0,0,0,0,0,0,0,0,0,0,0,0,0,0,0,0,0,0,0,0,0,0,0,0,0,0,0,0,0,0,0,0,0,0,0,0,0,0,0,0,0,0,0,0,0,0,0,0,0,0,0,0,0,0,0,0,0,0,0,0,0,0,0,0,0,0,0,0,0,0,0,0,0,0,0,0,0,0,0,0,0,0,0,0,0,0,0,0,0,0
0,0,0,0,0.00740740740740741,0,0,0,0,0,0,0,0,0,0,0.00432900432900433,0,0,0,0,0,0,0,0,0.00383141762452107,0,0.00909090909090909,0.0133333333333333,0.0487804878048781,0,0,0,0,0,0,0,0,0.0105263157894737,0,0,0,0,0,0,0,0,0,0,0,0,0,0,0.00666666666666667,0.0294117647058824,0.00992063492063492,0,0,0,0,0,0,0.0143884892086331,0,0,0,0,0,0,0,0,0,0,0,0,0,0,0,0,0,0,0,0,0,0.0140845070422535,0,0,0.0136986301369863,0.028735632183908,0,0,0,0,0,0,0,0,0,0,0,0,0,0,0,0,0,0,0,0,0,0,0,0,0.00840336134453781,0,0,0,0,0,0,0.0175438596491228,0,0,0.037037037037037,0,0.0172413793103448,0,0,0,0,0,0,0,0,0,0,0,0,0,0,0,0,0,0.0140845070422535,0,0,0,0.0555555555555556,0,0,0,0,0.0561797752808989,0,0,0.0152671755725191,0.0303030303030303,0,0,0,0,0,0,0,0.0517241379310345,0.0120481927710843,0,0.00884955752212389,0,0,0,0,0,0,0,0,0,0.012,0,0,0,0,0,0,0.0125,0.00869565217391304,0,0.0681818181818182,0,0,0,0,0,0,0,0,0,0,0,0,0,0,0.0262008733624454,0.0218978102189781,0,0,0,0,0,0,0,0,0,0,0.0151515151515152,0,0,0,0,0,0,0,0,0,0,0,0,0.0158730158730159,0.025,0.0126984126984127,0.0136986301369863,0,0,0,0,0,0,0,0,0,0.0357142857142857,0,0,0,0,0,0,0.00740740740740741,0,0,0,0,0.027027027027027,0,0,0,0,0,0,0,0,0.0161290322580645,0,0.037037037037037,0,0,0.027027027027027,0,0,0.037037037037037,0,0,0,0.00531914893617021,0,0,0.0384615384615385,0,0,0,0,0.00694444444444444,0,0,0,0,0,0,0,0.0434782608695652,0,0,0,0,0,0,0,0,0,0,0,0,0,0,0,0,0,0,0,0,0.0217391304347826,0,0,0.0196078431372549,0.00645161290322581,0
0,0,0,0,0,0,0,0,0,0,0,0,0,0,0,0.00442477876106195,0,0,0,0,0,0,0,0,0.00390625,0,0.00462962962962963,0,0.027027027027027,0,0,0,0,0,0,0,0,0.0111111111111111,0,0,0,0,0,0,0,0,0,0,0.0188679245283019,0,0,0,0,0,0,0,0,0,0,0,0,0,0,0,0,0,0,0,0,0,0,0,0,0.0379746835443038,0,0,0,0,0,0,0,0,0,0,0,0,0,0.0116279069767442,0,0,0,0,0,0.0113636363636364,0.0526315789473684,0,0,0,0,0,0,0,0,0,0,0,0,0,0,0,0,0.0526315789473684,0.0176991150442478,0,0,0,0,0,0,0,0,0,0.0128205128205128,0,0.00892857142857143,0,0,0,0,0,0,0,0,0,0,0,0,0,0,0,0,0,0,0,0,0,0,0,0,0,0,0.0348837209302326,0,0,0.040650406504065,0,0,0,0,0,0,0,0,0,0.0128205128205128,0,0,0,0,0,0,0,0,0,0,0,0,0,0,0,0,0,0,0.0133333333333333,0.018348623853211,0,0,0,0,0,0,0,0,0,0,0,0,0,0,0,0,0.0176991150442478,0.0110294117647059,0,0,0,0,0,0,0,0,0,0,0.0508474576271186,0,0,0,0,0,0,0,0,0,0,0,0,0,0,0,0,0,0,0,0,0,0,0,0,0,0.0123456790123457,0,0,0,0,0,0.0106382978723404,0,0,0,0,0,0.0289855072463768,0,0,0,0,0,0,0,0,0.0175438596491228,0,0,0,0,0,0,0.032258064516129,0,0,0,0,0,0.0105263157894737,0,0,0,0,0,0,0,0,0,0.0769230769230769,0,0,0,0,0,0,0,0,0,0,0,0,0,0,0,0,0,0,0,0,0.0333333333333333,0,0,0,0,0.05,0,0,0,0,0
0,0,0,0,0,0,0,0,0,0,0,0,0,0,0,0,0,0,0,0,0,0,0,0,0,0,0,0,0.037037037037037,0,0,0,0,0,0,0,0,0,0.00613496932515337,0,0,0,0,0,0,0,0,0,0,0,0,0,0.00740740740740741,0,0,0,0,0,0,0,0,0,0,0,0,0,0,0,0,0,0,0,0,0,0,0,0,0,0,0,0,0,0,0.005,0,0,0,0,0,0,0,0,0,0,0,0,0,0,0,0,0,0,0,0,0,0,0,0,0,0,0,0,0,0,0,0,0,0,0,0,0,0,0,0,0,0,0,0,0,0,0,0,0,0,0,0,0,0,0,0,0,0,0,0,0,0,0,0,0,0,0,0,0,0,0,0,0,0,0,0,0,0,0,0,0.0147058823529412,0,0,0,0,0,0,0,0,0,0,0,0,0,0,0,0,0,0,0,0,0,0,0,0,0,0,0,0,0,0,0,0,0,0,0,0,0.00917431192660551,0.00378787878787879,0,0,0,0,0,0,0,0,0,0,0,0,0,0,0,0,0,0,0,0,0,0,0,0.00892857142857143,0,0.0033003300330033,0,0,0,0,0,0,0,0,0,0,0,0,0,0,0,0,0,0,0,0,0,0,0,0,0,0,0,0,0,0,0,0,0,0,0,0,0,0,0,0,0,0,0,0,0,0,0,0,0,0,0,0,0,0,0,0,0,0,0,0,0,0,0,0,0,0,0,0,0,0,0,0,0,0,0,0,0,0,0,0,0,0,0,0,0,0
0,0,0,0.307692307692308,0,0,0,0,0,0,0,0,0,0,0,0,0,0,0,0,0,0,0,0,0,0,0.00471698113207547,0,0.0303030303030303,0,0,0,0,0,0,0,0,0.0235294117647059,0,0,0,0,0,0,0,0,0,0,0,0,0,0,0.0142857142857143,0,0,0,0,0,0,0.0135135135135135,0,0.00763358778625954,0,0,0,0,0,0,0,0,0,0,0,0.012987012987013,0,0,0,0,0,0,0,0,0,0,0,0,0,0.0179640718562874,0,0,0,0,0,0,0,0,0,0,0,0,0,0,0,0,0,0,0,0,0,0,0,0,0.00909090909090909,0,0,0,0,0,0,0.0208333333333333,0,0,0.0273972602739726,0,0.00925925925925926,0,0,0,0,0,0,0,0,0,0,0,0,0.0208333333333333,0,0,0,0,0.0327868852459016,0,0,0,0,0,0,0,0,0.0119047619047619,0,0,0,0,0,0,0,0,0,0,0,0,0,0,0.00961538461538462,0,0,0,0,0,0,0,0,0,0,0,0,0,0,0,0.0277777777777778,0,0,0,0.027027027027027,0,0,0,0,0,0,0,0,0,0,0,0,0,0,0.0134529147982063,0.0111940298507463,0,0,0,0,0,0,0,0,0,0,0.0175438596491228,0,0,0,0,0,0,0,0,0,0,0,0,0.00847457627118644,0,0.00323624595469256,0,0,0,0,0,0,0,0,0,0,0.012987012987013,0,0,0,0,0,0,0,0,0,0,0,0,0,0,0,0,0,0,0,0,0.0188679245283019,0,0,0,0,0,0,0,0,0,0,0,0,0.010989010989011,0,0,0,0,0,0.0526315789473684,0.0225563909774436,0,0,0,0,0,0,0,0,0,0,0,0,0,0,0,0,0,0,0,0,0,0,0,0,0,0,0,0,0,0,0,0,0.0137931034482759,0
0,0,0,0,0,0,0,0,0,0,0,0,0,0,0,0,0,0,0,0,0,0,0,0,0,0,0,0,0,0,0,0,0,0,0,0,0,0,0,0,0,0,0,0,0,0,0,0,0,0,0,0,0,0,0,0,0,0,0,0,0,0,0,0,0,0,0,0,0,0,0,0,0,0.0144927536231884,0,0,0,0,0,0,0,0,0,0,0,0,0,0,0,0,0,0,0,0,0,0,0,0,0,0,0,0,0,0,0,0,0,0,0,0,0,0,0.00980392156862745,0,0,0,0,0,0,0,0,0,0,0,0,0,0,0,0,0,0,0,0,0,0,0,0,0,0,0,0,0.0108695652173913,0.0185185185185185,0,0,0,0,0,0,0,0,0,0,0,0,0,0,0,0,0,0,0,0,0,0,0,0,0,0,0,0,0,0,0,0,0,0,0,0,0,0,0,0.0357142857142857,0,0,0,0,0,0,0,0,0,0,0,0,0,0,0,0,0,0,0.00460829493087558,0,0,0,0,0,0,0,0,0,0,0,0.0204081632653061,0,0,0,0,0,0,0,0,0,0,0,0,0.00909090909090909,0,0,0,0,0,0,0,0,0,0,0,0,0,0,0,0,0,0,0,0,0,0,0,0,0,0,0,0,0,0,0,0,0,0,0,0.1,0,0.2,0,0,0,0,0,0,0,0,0,0,0,0,0,0,0,0,0,0,0,0,0,0,0,0,0,0,0,0,0,0,0,0,0,0,0,0,0,0,0,0,0,0,0,0,0.0344827586206897,0,0,0,0,0
0,0,0.00328947368421053,0,0.01875,0,0,0,0,0,0,0,0,0,0,0.0277777777777778,0,0,0,0,0,0,0,0,0.00347222222222222,0.0140845070422535,0.0289256198347107,0.0198019801980198,0.0606060606060606,0,0,0,0,0,0,0,0,0.0603448275862069,0,0,0,0,0,0,0,0,0,0,0.0238095238095238,0,0,0.0170940170940171,0.0289017341040462,0,0.00562851782363977,0,0,0,0,0.0373831775700935,0.0476190476190476,0.0434782608695652,0,0,0,0,0,0,0,0,0.00749063670411985,0,0,0.027027027027027,0,0,0,0,0.00775193798449612,0,0,0,0,0.00829875518672199,0,0,0.0306122448979592,0.0404040404040404,0,0,0,0,0,0,0.0275229357798165,0,0,0,0,0.00317460317460317,0,0,0,0,0,0,0,0,0,0.0212765957446809,0,0,0.0425531914893617,0,0,0,0,0,0,0.0625,0,0,0.018348623853211,0,0.0357142857142857,0,0,0.01,0,0,0,0.0152671755725191,0.0181818181818182,0,0,0,0,0.0240963855421687,0,0,0,0.0300751879699248,0.0421052631578947,0,0,0,0.0222222222222222,0,0,0,0,0.0521739130434783,0.0588235294117647,0,0.0126582278481013,0.0166666666666667,0,0,0,0,0,0,0,0.0114942528735632,0.0471698113207547,0,0.0143884892086331,0,0,0.0217391304347826,0.0205479452054795,0.0104166666666667,0,0,0,0,0.00719424460431655,0,0,0,0,0,0.0138888888888889,0.00934579439252336,0.0141843971631206,0,0.0422535211267606,0.0277777777777778,0,0,0,0,0.0212765957446809,0,0,0,0,0,0,0,0,0.0355731225296443,0.0622837370242214,0,0,0,0,0,0,0,0,0,0,0.010752688172043,0,0,0,0,0,0,0,0,0,0,0,0,0.0402684563758389,0,0.0146627565982405,0.01,0,0,0,0.0166666666666667,0,0,0,0,0,0.0555555555555556,0,0,0.0212765957446809,0,0,0.00793650793650794,0.0124223602484472,0,0,0,0,0.03,0,0,0,0.0161290322580645,0.0175438596491228,0,0.0188679245283019,0,0,0,0.0377358490566038,0,0,0.015625,0,0.0158730158730159,0,0,0.0192307692307692,0,0.023696682464455,0,0.0555555555555556,0,0,0,0.0217391304347826,0,0.029940119760479,0.0222222222222222,0,0.0222222222222222,0,0,0,0.0119047619047619,0,0,0,0,0,0,0,0,0,0.0212765957446809,0,0,0,0,0,0,0.0161290322580645,0,0,0,0,0.072463768115942,0,0,0.0128205128205128,0.0397727272727273,0
0,0,0,0,0,0,0,0,0,0,0,0,0,0,0,0,0,0,0,0,0,0,0,0,0,0,0,0,0,0,0,0,0,0,0,0,0,0.0126582278481013,0,0,0,0,0,0,0,0,0,0,0,0,0,0,0,0,0,0,0,0,0,0.0149253731343284,0,0.00806451612903226,0,0,0,0,0,0,0,0,0,0,0,0,0,0,0,0,0,0,0,0,0,0,0,0,0,0,0,0,0,0,0,0,0,0,0,0,0,0,0,0,0,0,0,0,0,0,0,0,0,0,0,0,0,0,0,0,0,0,0,0,0.0149253731343284,0,0,0,0,0,0,0,0,0,0.0833333333333333,0,0,0,0,0,0,0,0,0,0.0181818181818182,0,0,0,0,0,0,0,0,0,0,0,0,0,0,0,0,0,0,0,0,0,0,0,0,0,0,0,0,0,0,0,0,0,0,0,0,0,0,0,0,0.015625,0,0,0,0,0,0,0,0,0,0,0,0,0,0,0,0,0,0,0,0,0,0,0,0,0,0,0,0,0,0,0,0,0,0,0,0,0,0,0,0,0,0,0,0,0.0033112582781457,0,0,0,0,0,0,0,0,0,0,0,0,0,0,0,0,0,0,0,0,0,0,0,0,0,0,0,0,0,0,0,0,0,0,0,0,0,0,0,0,0,0,0,0.00581395348837209,0,0,0,0,0,0,0,0.0078125,0,0,0,0,0,0,0,0,0,0,0,0,0,0,0,0,0,0,0,0,0,0,0,0,0,0,0,0,0,0,0,0,0,0
0,0,0,0,0,0,0,0,0,0,0,0,0,0,0,0.00448430493273543,0,0,0,0,0,0,0,0,0.00395256916996047,0,0.00943396226415094,0.0303030303030303,0,0,0,0,0,0,0,0,0,0.0114942528735632,0,0,0,0,0,0,0,0,0,0,0,0,0,0,0.00704225352112676,0,0.002,0,0,0,0,0.027027027027027,0,0.0230769230769231,0,0,0,0,0,0,0,0,0,0,0,0.025974025974026,0,0,0,0,0,0,0,0,0,0,0,0,0,0,0,0,0,0,0,0.0117647058823529,0.0131578947368421,0,0,0,0,0,0,0,0,0,0,0,0,0,0,0,0,0,0.00900900900900901,0,0,0,0,0,0,0.0204081632653061,0,0,0,0,0.0185185185185185,0,0,0,0,0,0,0,0,0,0,0,0,0,0,0,0,0.0099009900990099,0.0158730158730159,0,0,0,0.1,0,0,0,0,0.0117647058823529,0.0185185185185185,0,0.00806451612903226,0,0,0,0,0,0,0,0,0,0.0133333333333333,0,0,0,0,0,0,0,0,0,0,0,0.00409836065573771,0,0,0,0,0,0.027027027027027,0.0138888888888889,0.00934579439252336,0,0,0,0,0,0,0,0,0,0,0,0,0,0,0,0,0.00888888888888889,0.0111524163568773,0,0,0,0,0,0,0,0,0.0666666666666667,0,0.0172413793103448,0,0,0,0,0,0,0,0,0,0,0,0,0.0344827586206897,0.03125,0.00647249190938511,0.0153846153846154,0,0,0,0,0,0,0,0,0,0.0128205128205128,0,0,0,0,0,0.010989010989011,0,0,0,0,0,0,0,0,0,0.037037037037037,0,0,0,0.1,0.0377358490566038,0,0,0,0.0714285714285714,0.0714285714285714,0,0.0357142857142857,0,0,0.0588235294117647,0,0.00555555555555556,0.0108695652173913,0.025,0,0,0,0,0,0.0223880597014925,0,0,0,0,0,0,0,0,0,0.1,0,0,0,0.1,0,0,0,0,0,0,0,0,0,0.037037037037037,0,0,0,0,0.181818181818182,0,0,0,0,0
0,0,0,0,0.00840336134453781,0,0,0,0,0,0,0,0,0,0,0,0,0,0,0,0,0,0,0,0,0,0,0.0344827586206897,0,0,0,0,0,0,0,0,0,0,0,0,0,0,0,0,0,0,0,0,0,0,0,0,0,0,0.00203252032520325,0,0,0,0,0,0,0,0,0,0,0,0,0,0,0,0.00444444444444444,0,0,0,0,0,0,0,0,0,0,0,0,0,0,0,0,0,0,0,0,0,0,0.012987012987013,0,0,0,0,0,0.00367647058823529,0,0,0,0,0,0,0,0,0,0,0,0,0,0,0,0,0,0,0,0,0,0,0,0,0.0099009900990099,0,0,0,0,0,0,0,0,0,0,0,0,0,0,0,0,0.010752688172043,0,0,0,0,0,0,0,0,0,0,0,0,0,0,0,0,0,0,0,0,0,0,0,0,0,0,0,0,0,0.0188679245283019,0,0,0,0,0.00423728813559322,0,0,0,0,0,0,0,0,0,0,0,0,0,0,0,0,0,0,0,0,0,0,0,0,0,0,0,0,0,0,0,0,0,0,0,0,0,0,0,0,0,0,0,0,0,0,0,0,0,0,0,0,0,0,0,0,0,0,0,0,0,0,0,0,0,0,0,0,0,0,0,0,0,0,0,0,0,0,0,0,0,0,0,0,0,0,0,0,0,0,0,0,0,0,0,0,0,0,0,0,0,0,0,0,0,0,0,0,0,0,0,0,0,0,0,0,0,0,0,0,0,0,0,0,0,0.0833333333333333,0,0,0,0,0,0,0,0,0,0,0,0
0,0,0,0,0.00819672131147541,0,0,0,0,0,0,0,0,0,0,0,0,0,0,0,0,0,0,0,0.00403225806451613,0,0,0,0,0,0,0,0,0,0,0,0,0,0,0,0,0,0,0,0,0,0,0,0,0,0,0,0,0,0.00404858299595142,0,0,0,0,0,0,0,0,0,0,0,0,0,0,0,0,0,0,0.0136986301369863,0,0,0,0,0,0,0,0,0,0.00495049504950495,0,0,0,0,0,0,0,0,0,0,0,0,0,0,0,0.0072992700729927,0,0,0,0,0,0,0,0,0,0,0,0,0.00943396226415094,0,0,0,0,0,0,0,0,0,0,0,0,0,0,0,0,0,0,0.0108695652173913,0,0,0,0,0,0,0,0,0,0.0104166666666667,0.0172413793103448,0,0,0,0,0,0,0,0,0,0,0,0,0,0,0,0,0,0,0,0,0,0,0.05,0,0,0,0,0,0,0,0,0,0,0,0,0,0,0,0,0.03125,0,0,0,0,0,0,0,0,0,0,0,0,0,0,0,0,0,0,0.00452488687782805,0,0,0,0,0,0,0,0,0,0,0,0.0188679245283019,0,0,0,0,0,0,0,0,0,0,0,0,0.0087719298245614,0.037037037037037,0,0,0,0,0,0,0,0,0,0,0,0,0,0,0,0,0,0,0,0,0,0,0,0,0,0,0,0,0,0,0,0.2,0,0,0.0714285714285714,0,0,0,0,0,0,0,0,0,0,0,0,0,0,0,0,0,0,0,0,0,0,0,0,0,0,0,0,0,0,0,0,0,0,0,0,0,0,0,0,0,0,0,0,0,0,0.0303030303030303,0,0,0,0,0
0,0,0,0,0,0,0,0,0,0,0,0,0,0,0,0.00429184549356223,0,0,0,0,0,0,0,0,0.0114942528735632,0,0.00448430493273543,0,0,0,0,0,0,0,0,0,0,0,0,0,0,0,0,0,0,0,0,0,0.0166666666666667,0,0,0.010752688172043,0,0,0.00788954635108481,0,0,0,0,0.0117647058823529,0,0,0,0,0,0,0,0,0,0,0.0166666666666667,0,0,0.0229885057471264,0,0,0,0,0.00961538461538462,0,0,0,0,0.00460829493087558,0,0,0.0133333333333333,0.00555555555555556,0,0,0,0,0,0.0105263157894737,0,0,0,0,0,0.00344827586206897,0,0,0,0,0,0,0,0,0,0,0.03125,0,0.0166666666666667,0,0,0,0,0,0,0,0,0,0.0117647058823529,0,0.00840336134453781,0,0,0.0133333333333333,0,0,0,0,0,0,0,0,0,0,0,0,0.0147058823529412,0,0,0,0,0,0,0,0,0,0,0.032258064516129,0,0,0.0150375939849624,0.0285714285714286,0,0,0,0,0,0,0,0.0161290322580645,0.0487804878048781,0,0,0,0,0,0,0.0140845070422535,0,0,0,0,0.02,0,0,0,0,0,0.0212765957446809,0.0246913580246914,0.0172413793103448,0,0,0,0,0,0,0,0,0,0,0,0,0,0,0,0,0.00423728813559322,0.010752688172043,0,0,0,0,0,0,0,0,0.04,0,0,0,0,0,0,0,0,0,0,0,0,0,0,0.00775193798449612,0,0.003125,0.0133333333333333,0,0,0,0,0,0,0,0,0,0,0,0,0,0,0,0,0,0,0,0,0,0.0263157894736842,0,0,0,0.027027027027027,0,0,0,0,0.015625,0,0.0714285714285714,0,0,0,0,0.0263157894736842,0.0344827586206897,0,0,0,0,0,0.0408163265306122,0.0740740740740741,0,0,0,0,0.00684931506849315,0,0,0,0,0,0,0,0,0,0.05,0,0,0,0.05,0,0,0,0,0,0,0,0,0,0.027027027027027,0,0,0,0,0.0208333333333333,0,0,0,0,0
0,0,0,0,0,0,0,0,0,0,0,0,0,0,0,0,0,0,0,0,0,0,0.00854700854700855,0,0,0,0,0,0,0,0,0,0,0,0,0,0,0,0,0,0,0,0,0,0,0,0,0,0,0,0,0,0,0,0,0,0,0,0,0,0,0,0,0,0,0,0,0,0,0,0,0,0,0,0,0,0,0,0,0,0,0,0,0,0,0,0,0,0,0,0,0,0,0,0,0,0,0,0,0,0.0114942528735632,0,0,0,0,0,0,0,0,0,0,0,0,0,0,0,0,0,0,0,0,0,0,0,0,0,0,0,0,0,0,0,0,0,0,0,0,0,0,0,0,0,0,0,0,0,0,0,0,0,0,0,0,0,0,0,0,0,0,0,0,0,0,0,0,0,0,0,0,0,0,0,0,0,0,0,0,0,0,0,0,0,0,0,0,0,0,0,0,0,0,0,0,0,0,0,0,0,0,0,0,0,0,0,0,0,0,0,0,0,0,0,0,0,0,0,0.00641025641025641,0,0,0,0,0,0,0,0,0,0,0,0,0,0,0,0,0,0,0,0,0,0,0,0,0.0161290322580645,0,0,0,0,0,0,0,0,0,0,0,0,0,0,0,0,0,0,0,0,0,0,0,0,0,0,0,0,0,0,0,0,0,0,0,0,0,0,0,0,0,0,0,0,0,0,0,0,0,0,0,0,0,0,0,0,0,0,0,0,0,0,0,0,0,0,0,0,0,0,0,0,0
0,0,0,0,0,0,0,0,0,0,0,0,0,0,0,0.00431034482758621,0,0,0,0,0,0,0,0,0,0,0.0045045045045045,0,0,0.00934579439252336,0,0,0,0,0,0,0,0.0210526315789474,0,0,0,0,0,0,0,0,0,0,0.0169491525423729,0,0,0,0.00662251655629139,0.0285714285714286,0,0,0,0,0,0.0240963855421687,0,0.00709219858156028,0,0,0,0,0,0,0,0,0,0,0,0.0232558139534884,0,0,0,0,0,0,0,0,0,0,0,0,0,0.0169491525423729,0,0,0,0,0,0.021505376344086,0.0117647058823529,0,0,0,0,0,0,0,0,0,0,0,0,0,0,0,0,0,0.0168067226890756,0,0,0,0,0,0,0,0,0,0.0119047619047619,0,0.0170940170940171,0,0,0,0,0,0,0,0,0,0,0,0,0.0350877192982456,0,0,0,0,0.0138888888888889,0,0,0,0,0,0,0,0,0.0326086956521739,0,0,0.0307692307692308,0,0,0,0,0,0,0.0128205128205128,0,0.0333333333333333,0.0119047619047619,0,0.0087719298245614,0,0,0,0,0,0,0,0,0,0,0,0,0,0,0,0,0,0,0,0.0212765957446809,0,0,0.0333333333333333,0,0,0,0,0,0,0,0,0,0,0,0.00425531914893617,0.00357142857142857,0,0,0,0,0,0.00367647058823529,0,0,0,0,0,0,0,0.0116279069767442,0,0,0,0,0.027027027027027,0,0,0.0344827586206897,0,0.0078125,0,0.0191082802547771,0,0,0.0740740740740741,0,0,0,0,0,0,0,0.0114942528735632,0,0,0,0,0,0,0,0,0.027027027027027,0,0,0.0405405405405405,0.0303030303030303,0,0,0,0.032258064516129,0,0,0,0.0158730158730159,0,0.0357142857142857,0,0,0.0263157894736842,0,0,0,0,0.0384615384615385,0,0.0106382978723404,0.0099009900990099,0,0,0,0,0,0,0.0138888888888889,0,0,0.0526315789473684,0,0,0,0,0,0,0,0,0,0,0,0,0,0,0,0,0,0,0,0,0,0,0,0,0,0.0434782608695652,0,0,0,0,0
0,0,0,0,0,0,0,0,0,0,0,0,0,0,0,0,0,0,0,0,0,0,0,0,0,0,0,0,0,0,0,0,0,0,0,0,0,0,0,0,0,0,0,0,0,0,0,0,0,0,0,0,0.0141843971631206,0,0,0,0,0,0,0,0,0.0152671755725191,0,0,0,0,0,0,0,0,0,0,0,0,0,0,0,0,0,0,0,0,0,0.00483091787439614,0,0,0,0.0118343195266272,0,0,0,0,0,0,0.0131578947368421,0,0,0,0,0,0,0,0,0,0,0,0,0,0,0,0,0,0.0181818181818182,0,0,0,0,0,0,0,0,0,0.027027027027027,0,0.00917431192660551,0,0,0,0,0,0,0,0,0,0,0,0,0,0,0,0,0,0.0491803278688525,0,0,0,0,0,0,0,0,0,0,0,0.016260162601626,0.04,0,0,0,0,0,0,0,0.0192307692307692,0.0133333333333333,0,0,0,0,0,0,0,0,0,0,0,0,0,0,0,0,0,0,0.028169014084507,0.0188679245283019,0,0,0.00892857142857143,0,0,0,0,0,0,0,0,0,0,0,0,0,0.00888888888888889,0.00740740740740741,0,0,0,0,0,0,0,0,0,0,0,0,0,0,0,0,0,0,0,0,0,0,0,0.00840336134453781,0,0.00974025974025974,0,0,0,0,0,0,0,0,0,0,0,0,0,0,0,0,0.010989010989011,0,0,0,0,0,0.0303030303030303,0,0,0,0.037037037037037,0,0,0,0,0,0,0,0,0,0.0344827586206897,0,0,0,0,0,0,0,0,0,0.0555555555555556,0,0,0,0,0.00735294117647059,0,0,0,0,0,0,0,0,0,0,0.0666666666666667,0,0,0,0,0,0,0,0,0,0,0,0,0,0,0,0,0,0,0,0,0,0.00680272108843537,0
0,0,0,0,0,0,0,0,0,0,0,0,0,0,0,0.00465116279069767,0,0,0,0,0,0,0,0,0,0,0,0,0,0,0,0,0,0,0,0,0,0,0,0,0,0,0,0,0,0,0,0,0,0,0,0,0.00746268656716418,0,0,0,0,0,0,0,0,0,0,0,0,0,0,0,0,0,0,0,0,0,0,0,0,0,0,0,0,0,0,0,0,0,0,0,0,0,0,0,0,0,0,0,0,0,0,0,0,0,0,0,0,0,0,0,0,0,0,0,0,0,0,0,0,0,0,0,0,0,0,0,0,0,0,0,0,0,0,0,0,0,0,0,0,0,0,0,0,0,0,0,0,0,0,0,0,0,0,0,0,0,0,0,0,0,0,0,0,0,0,0,0,0,0,0,0,0,0,0,0,0,0,0,0,0,0,0,0,0,0,0,0,0,0,0,0,0,0,0,0,0,0,0,0,0,0,0,0,0,0,0,0,0,0,0,0,0,0,0,0,0,0,0,0,0,0,0,0,0,0,0,0,0,0.00900900900900901,0,0,0,0,0,0,0,0,0,0,0,0,0,0,0,0,0,0,0,0,0,0,0,0,0,0,0,0,0,0,0,0,0,0,0,0,0,0,0,0,0,0,0,0,0,0,0,0,0,0,0,0,0,0.0078125,0,0,0,0,0,0,0,0,0,0,0,0,0,0,0,0,0,0,0,0,0,0,0,0,0,0,0,0,0,0,0,0,0,0
0,0,0,0,0,0,0,0,0,0,0,0,0,0,0,0,0,0,0,0,0,0,0,0,0,0,0,0,0,0,0,0,0,0,0,0,0,0,0,0,0,0,0,0,0,0,0,0,0,0,0,0,0,0,0,0,0,0,0,0.0422535211267606,0,0,0,0,0,0,0,0,0,0,0,0,0,0.0266666666666667,0,0,0,0,0,0,0,0,0,0.0048780487804878,0,0,0,0,0,0,0,0,0,0.0120481927710843,0.0135135135135135,0,0,0,0,0,0,0,0,0,0,0,0,0,0,0,0,0,0.0185185185185185,0,0,0,0,0,0,0.0212765957446809,0,0,0,0,0,0,0,0,0,0,0,0.0105263157894737,0,0,0,0,0,0,0,0,0,0,0,0,0.1,0,0,0,0,0,0,0,0,0,0.00819672131147541,0,0,0,0,0,0,0,0,0,0,0,0,0,0,0.111111111111111,0,0,0,0,0,0,0,0,0,0,0,0,0,0.0142857142857143,0,0,0.0277777777777778,0.00909090909090909,0,0,0,0,0,0,0,0,0,0,0,0,0,0,0,0,0,0,0,0,0,0,0,0,0,0,0,0,0,0,0,0,0,0,0,0,0,0,0.0260869565217391,0,0.00324675324675325,0.0158730158730159,0,0.0588235294117647,0,0,0,0,0,0,0,0.0131578947368421,0,0,0,0,0,0.0112359550561798,0,0,0,0,0,0,0,0,0,0,0,0,0,0,0.0192307692307692,0,0.0588235294117647,0,0,0,0,0.0384615384615385,0,0,0,0,0.0112994350282486,0,0,0,0,0,0,0,0.00746268656716418,0,0,0,0,0,0,0,0,0,0,0,0,0,0,0,0,0,0,0,0,0,0,0,0,0,0,0,0,0.0277777777777778,0,0,0,0,0
0,0,0,0,0,0,0,0,0,0,0,0,0,0,0,0,0,0,0,0,0,0,0,0,0,0,0,0,0,0,0,0,0,0,0,0,0,0.0126582278481013,0,0,0,0,0,0,0,0,0,0,0,0,0,0,0,0,0,0,0,0,0,0,0,0,0,0,0,0,0,0,0,0,0,0,0,0,0,0,0,0,0,0,0,0,0,0,0,0,0,0,0,0,0,0,0,0,0,0,0,0,0,0,0,0,0,0,0,0,0,0,0,0,0,0,0.00970873786407767,0,0,0,0,0,0,0,0,0,0,0,0.0099009900990099,0,0,0,0,0,0,0,0,0,0,0,0,0,0,0,0,0,0,0,0,0,0,0,0,0,0,0,0,0,0,0,0,0,0,0,0,0,0,0.0227272727272727,0,0,0,0,0,0,0,0,0,0,0,0,0,0,0,0,0,0,0,0.015625,0,0,0,0,0,0,0,0,0,0,0,0,0,0,0,0,0,0,0,0,0,0,0,0,0,0,0,0,0,0,0,0,0,0,0,0,0,0,0,0,0,0,0.00900900900900901,0,0.0033112582781457,0,0,0,0,0,0,0,0,0,0,0,0,0,0,0,0,0,0,0,0,0,0,0.0169491525423729,0,0,0,0,0,0,0,0,0,0,0,0,0,0,0,0,0,0,0,0,0,0,0,0,0,0,0,0,0.0078125,0,0,0,0,0,0,0,0,0,0,0,0,0,0,0,0,0,0,0,0,0,0,0,0,0,0,0,0,0,0,0,0,0,0
0,0,0.00466200466200466,0.0112994350282486,0,0,0,0,0,0,0,0,0,0,0,0.0131578947368421,0,0,0,0,0,0,0,0,0.00484261501210654,0.0050761421319797,0.00806451612903226,0.0043859649122807,0.00512820512820513,0,0,0,0,0,0,0,0,0.0163265306122449,0.0121951219512195,0,0,0,0,0,0,0,0,0,0.0143540669856459,0,0,0.00409836065573771,0.0167224080267559,0.0053475935828877,0.0060790273556231,0,0,0,0,0.0304347826086957,0,0.0103092783505155,0,0,0,0,0,0,0,0,0.0076530612244898,0,0,0.00418410041841004,0,0,0,0,0,0,0,0,0,0.00271739130434783,0,0,0,0.0121951219512195,0,0,0,0,0.00485436893203883,0.0164609053497942,0.00421940928270042,0,0,0,0,0.00226757369614512,0,0,0,0,0,0,0,0,0,0,0,0,0,0,0,0,0,0,0,0,0,0,0.0128205128205128,0,0.0149812734082397,0,0,0.00442477876106195,0,0,0,0.00778210116731518,0.0111111111111111,0,0,0,0,0.00476190476190476,0,0,0,0.0115384615384615,0.0135135135135135,0,0,0,0,0,0,0,0,0,0.00465116279069767,0,0.00350877192982456,0,0,0,0,0,0,0,0,0,0.00851063829787234,0.00537634408602151,0.0190839694656489,0,0,0,0,0,0,0,0,0,0.00744416873449132,0,0,0,0,0,0.00505050505050505,0.00862068965517241,0.00373134328358209,0,0.0050251256281407,0.0148148148148148,0,0,0,0,0,0,0,0,0,0,0,0,0,0.0130548302872063,0.00932400932400932,0,0,0,0,0,0,0,0,0,0,0,0,0,0,0,0,0,0,0,0,0,0,0,0.0107913669064748,0.00518134715025907,0.0238611713665944,0.0133928571428571,0,0.00555555555555556,0,0,0,0,0,0,0,0,0,0,0,0,0,0.0284552845528455,0.0140350877192982,0,0,0,0,0,0,0,0,0.00531914893617021,0,0,0,0,0.023696682464455,0.00581395348837209,0.00555555555555556,0,0,0,0,0.0106382978723404,0,0,0.0112994350282486,0,0,0.0119521912350598,0.0150753768844221,0,0,0,0,0,0.00675675675675676,0,0,0,0,0,0,0.0193236714975845,0.00568181818181818,0,0,0,0,0,0,0,0,0,0,0,0,0,0,0,0,0,0,0,0,0,0,0,0.00490196078431373,0.00651465798045603,0
0,0,0.00292397660818713,0.0111111111111111,0.005,0,0.0040650406504065,0,0,0,0,0,0.00503778337531486,0,0,0.00677966101694915,0,0,0,0,0,0,0,0.0114942528735632,0.0123839009287926,0.0377358490566038,0.0034965034965035,0,0,0,0,0,0,0,0,0,0,0.00625,0,0,0,0,0,0,0,0,0,0,0.00813008130081301,0,0,0.0129032258064516,0.00934579439252336,0,0.0213523131672598,0,0,0,0,0,0,0.0198019801980198,0,0,0,0,0,0,0,0,0.00326797385620915,0,0,0.0201342281879195,0,0,0,0,0,0,0,0,0.00888888888888889,0.0218181818181818,0,0,0,0.00826446280991736,0,0,0,0,0.00847457627118644,0.00632911392405063,0,0,0.00813008130081301,0,0,0.00854700854700855,0,0,0,0,0,0,0,0.0120481927710843,0,0,0,0,0.0109289617486339,0,0,0,0,0,0.00952380952380952,0,0,0,0.00675675675675676,0,0.0280898876404494,0,0,0,0,0,0,0.0118343195266272,0.010752688172043,0.00546448087431694,0,0,0,0.0165289256198347,0,0,0.0232558139534884,0.0115606936416185,0.0223880597014925,0,0,0,0,0,0,0,0,0.0192307692307692,0.0078740157480315,0,0.0206185567010309,0,0,0,0,0,0.00666666666666667,0,0,0.008,0.00675675675675676,0,0.0112994350282486,0,0,0,0.0108108108108108,0.00746268656716418,0,0,0,0,0.0127388535031847,0,0,0,0,0,0.00909090909090909,0.0138888888888889,0.0225988700564972,0,0,0.0163934426229508,0.00392156862745098,0.0106382978723404,0.004739336492891,0,0,0.0116279069767442,0.00512820512820513,0,0.00892857142857143,0.0254777070063694,0.00857142857142857,0,0.00945626477541371,0.0204081632653061,0.00583090379008746,0,0.0140845070422535,0,0,0,0.012012012012012,0.0174418604651163,0,0,0,0.0153846153846154,0,0,0,0,0,0,0,0,0,0,0.010752688172043,0,0.0104712041884817,0.0495049504950495,0.0131926121372032,0.0072463768115942,0,0,0.0307692307692308,0,0.00970873786407767,0,0,0,0,0,0,0,0,0,0,0.0122699386503067,0.0100502512562814,0,0.0099009900990099,0,0,0.0217391304347826,0,0,0,0,0.0105263157894737,0,0.010989010989011,0,0,0,0.0108695652173913,0,0,0,0,0.0099009900990099,0,0,0,0,0.0119521912350598,0,0,0,0,0,0,0.010752688172043,0.00961538461538462,0,0,0,0,0,0,0,0,0,0,0,0,0,0,0,0,0,0,0,0,0,0,0,0,0,0.0050761421319797,0,0,0.00900900900900901,0,0,0.0173913043478261,0,0
0,0,0.00344827586206897,0.0263157894736842,0,0,0,0,0,0,0,0,0,0,0,0,0,0,0,0,0,0,0,0,0,0,0.0173160173160173,0,0,0,0,0,0,0,0,0,0,0.00925925925925926,0,0,0,0,0,0,0,0,0,0,0,0,0,0,0.0123456790123457,0.0212765957446809,0,0,0,0,0,0.0210526315789474,0,0.0131578947368421,0,0,0,0,0,0,0,0,0,0,0,0.0101010101010101,0,0,0,0,0.00869565217391304,0,0,0,0,0.0132743362831858,0,0,0.0116279069767442,0.0158730158730159,0,0,0,0,0,0,0.0103092783505155,0,0,0,0.03125,0,0,0,0,0,0,0,0,0,0,0,0,0,0.00757575757575758,0,0,0,0,0,0,0,0,0,0.0104166666666667,0,0.031496062992126,0,0,0,0,0,0,0,0,0,0,0,0,0,0,0,0,0,0,0,0,0,0,0,0,0,0,0.00943396226415094,0,0,0.00689655172413793,0,0,0,0,0,0,0,0,0,0.0319148936170213,0,0,0,0,0,0,0,0,0,0,0,0,0,0,0,0,0,0.0172413793103448,0.0561797752808989,0.0238095238095238,0,0,0.0229007633587786,0,0,0,0,0.0303030303030303,0,0,0,0.0338983050847458,0,0,0,0,0.0205761316872428,0.0244755244755245,0,0,0,0,0,0,0,0,0.0277777777777778,0,0,0,0,0,0,0,0,0,0,0,0,0,0,0.0143884892086331,0,0.00302114803625378,0.0235294117647059,0,0,0,0,0,0,0,0,0,0.0101010101010101,0,0,0,0,0,0.00892857142857143,0,0,0,0,0,0.0113636363636364,0,0,0,0,0,0,0,0,0.0555555555555556,0,0.025,0,0,0.0408163265306122,0,0,0,0,0,0,0.0150753768844221,0,0,0,0,0,0,0,0.0128205128205128,0,0,0,0,0,0,0.0757575757575758,0,0,0.032258064516129,0.0571428571428571,0,0,0.032258064516129,0,0,0,0,0,0,0,0,0,0.0425531914893617,0,0,0,0,0,0,0,0,0.00595238095238095,0
0,0,0,0,0,0,0,0,0,0,0,0,0,0,0,0,0,0,0,0,0,0,0,0,0,0,0,0,0,0,0,0,0,0,0,0,0,0.0116279069767442,0,0,0,0,0,0,0,0,0,0,0,0,0,0,0,0,0,0,0,0,0,0.0135135135135135,0,0,0,0,0,0,0,0,0,0,0,0,0,0.012987012987013,0,0,0,0,0,0,0,0,0,0.00485436893203883,0,0,0.015625,0.0179640718562874,0,0,0,0,0,0,0,0,0,0,0,0,0,0,0,0,0,0,0,0,0,0,0,0,0.0277777777777778,0,0,0,0,0,0,0,0,0,0.0135135135135135,0,0,0,0,0,0,0,0,0,0,0,0,0,0,0,0,0,0,0.01,0.0161290322580645,0,0,0,0,0,0,0,0,0,0,0,0.00813008130081301,0.0869565217391304,0,0,0,0,0,0,0,0.04,0.0135135135135135,0,0,0,0,0,0,0,0,0,0,0,0,0,0,0,0,0,0,0,0.019047619047619,0,0,0.00900900900900901,0,0,0,0,0,0,0,0,0,0,0,0,0,0.00892857142857143,0.00743494423791822,0,0,0,0,0,0,0,0,0,0,0,0,0,0,0,0,0,0,0,0,0,0,0,0.00847457627118644,0,0.00977198697068404,0,0,0,0,0,0,0,0,0,0,0,0,0,0,0,0,0,0,0,0,0,0,0.0151515151515152,0,0,0,0.0384615384615385,0,0,0,0,0,0,0,0,0,0.0740740740740741,0,0,0.0555555555555556,0,0,0,0,0,0,0,0,0,0,0,0,0,0,0,0.0714285714285714,0,0,0,0,0,0,0,0,0,0,0,0,0,0,0,0,0,0,0,0,0,0,0,0,0,0,0,0.0238095238095238,0,0
0,0,0,0,0,0,0,0,0,0,0,0,0,0,0,0,0,0,0,0,0,0,0,0,0,0,0,0,0,0,0,0,0,0,0,0,0,0,0,0,0,0,0,0,0,0,0,0,0,0,0,0,0,0,0.00203665987780041,0,0,0,0,0,0,0,0,0,0,0,0,0,0,0,0,0,0,0,0,0,0,0,0,0,0,0,0,0,0,0,0,0,0,0,0,0,0,0,0,0,0,0,0,0,0,0,0,0,0,0,0,0,0,0,0,0,0,0,0,0,0,0,0,0,0,0,0.0151515151515152,0,0,0,0,0,0,0,0,0,0,0,0,0,0,0,0,0,0,0,0,0,0,0,0,0,0,0,0,0,0,0,0,0,0,0,0,0,0,0,0,0,0,0,0,0,0,0,0.00961538461538462,0,0,0,0,0,0,0,0,0,0,0,0,0,0,0,0,0,0,0,0,0,0,0,0,0,0,0,0,0,0,0,0,0,0,0,0,0,0,0,0,0,0,0,0,0,0,0,0,0,0,0,0,0,0,0,0,0,0,0,0,0,0,0,0,0,0,0,0,0,0,0,0,0,0,0,0,0,0,0,0,0,0,0,0,0,0,0,0,0,0,0,0,0,0,0,0,0,0,0,0,0,0,0,0,0,0,0,0,0,0,0,0,0,0,0,0,0,0,0,0,0,0,0,0,0,0,0,0,0,0,0,0,0,0,0,0,0,0,0,0,0,0,0,0
0,0,0,0,0,0,0,0,0,0,0,0,0,0,0,0,0,0,0,0,0,0,0,0,0,0,0,0,0,0,0,0,0,0,0,0,0,0,0,0,0,0,0,0,0,0,0,0,0,0,0,0,0,0,0,0,0,0,0,0,0,0,0,0,0,0,0,0,0,0,0,0,0,0,0,0,0,0,0,0,0,0,0,0,0,0,0,0.00617283950617284,0,0,0,0,0,0,0,0,0,0,0,0,0,0,0,0,0,0,0,0,0,0,0,0,0,0,0,0,0,0,0,0.024390243902439,0,0,0,0,0,0,0,0,0,0,0,0,0,0,0,0,0,0,0,0,0,0.010752688172043,0,0,0,0,0,0,0,0,0,0.012987012987013,0,0,0,0,0,0,0,0,0,0,0,0,0,0,0,0,0,0,0,0,0,0,0,0,0,0,0,0,0,0,0,0,0,0,0,0,0,0,0,0,0,0,0,0,0,0,0,0,0,0,0,0,0,0,0,0,0,0,0,0,0,0,0,0,0,0,0,0,0,0,0,0,0,0.2,0,0,0.00664451827242525,0,0,0,0,0,0,0,0,0,0,0,0,0,0,0,0,0,0,0,0,0,0,0,0,0,0,0,0,0,0,0,0,0,0,0,0,0,0,0,0,0,0,0,0,0,0,0,0,0,0,0,0,0,0,0,0,0,0,0,0,0,0,0,0.25,0.333333333333333,0,0,0,0,0,0,0,0,0,0,0,0,0,0,0,0,0,0,0,0,0
0,0,0,0,0,0,0,0,0,0,0,0,0,0,0,0,0,0,0,0,0,0,0,0,0,0,0,0,0.0384615384615385,0,0,0,0,0,0,0,0,0,0,0,0,0,0,0,0,0,0,0,0,0,0,0,0,0,0,0,0,0,0,0,0,0,0,0,0,0,0,0,0,0,0,0,0,0,0,0,0,0,0.0116279069767442,0,0,0,0,0,0,0,0,0,0,0,0,0,0,0,0,0,0,0,0,0,0,0,0,0,0,0,0,0,0,0,0,0,0,0,0,0,0,0,0,0,0,0,0,0,0,0,0,0,0,0,0,0,0,0,0,0,0,0,0,0,0,0,0.0181818181818182,0,0,0,0,0,0,0,0,0,0,0,0,0,0,0,0,0,0,0,0,0,0,0,0,0,0,0,0,0,0,0,0,0,0,0,0,0,0,0,0,0,0,0,0,0.00961538461538462,0,0,0,0,0,0,0,0,0,0,0,0,0,0.00458715596330275,0.00380228136882129,0,0,0,0,0,0,0,0,0,0,0,0,0,0,0,0,0,0,0,0,0,0,0,0,0,0,0,0,0,0,0,0,0,0,0,0,0,0,0,0,0,0,0,0,0,0,0,0,0,0,0,0,0,0,0,0,0,0.0217391304347826,0,0,0,0,0,0,0,0,0,0,0,0,0,0,0,0,0,0,0,0,0,0,0,0,0,0,0,0,0,0,0,0,0,0,0,0,0,0,0,0,0,0,0,0,0,0,0,0,0,0,0,0,0,0
0,0,0,0.0555555555555556,0.0078125,0,0,0,0,0,0,0,0,0,0,0.00446428571428571,0,0,0,0,0,0,0,0.0666666666666667,0,0.027027027027027,0.00467289719626168,0,0.0285714285714286,0,0,0,0,0,0,0,0,0,0,0,0,0,0,0,0,0,0,0,0.0196078431372549,0,0,0,0.0140845070422535,0,0,0,0,0,0,0,0,0.0075187969924812,0,0,0,0,0,0,0,0,0,0,0,0.0126582278481013,0,0,0,0,0,0,0,0,0,0.00966183574879227,0,0,0,0.00584795321637427,0,0,0,0,0,0,0.012987012987013,0,0,0,0,0,0,0,0,0,0,0,0,0,0,0,0,0,0,0,0,0,0,0,0,0.02,0,0,0,0,0.00909090909090909,0,0,0.0151515151515152,0,0,0,0,0,0,0,0,0,0,0,0,0,0,0.0317460317460317,0,0,0,0,0,0,0,0,0.0116279069767442,0,0,0,0,0,0,0,0,0,0,0,0.0188679245283019,0.0131578947368421,0,0.00943396226415094,0,0,0,0,0,0,0,0,0,0,0,0,0,0,0,0.0263157894736842,0,0,0,0,0,0,0,0,0,0,0,0,0,0,0,0,0,0,0.0133333333333333,0.00738007380073801,0,0,0,0,0,0,0,0,0,0,0.0344827586206897,0,0,0,0,0,0,0,0,0,0,0,0,0.00833333333333333,0,0.00321543408360129,0,0.0714285714285714,0,0,0,0,0,0,0,0,0,0,0,0,0,0,0,0.0078125,0,0,0,0,0,0,0,0,0,0,0,0.0526315789473684,0,0,0,0,0,0,0,0,0,0,0,0,0,0,0.010752688172043,0,0,0,0,0,0,0.0147058823529412,0,0,0,0,0,0,0,0,0,0,0,0,0,0,0,0,0,0,0,0,0,0,0,0,0,0,0,0,0,0,0,0,0,0
0,0,0.00259067357512953,0.00746268656716418,0.00823045267489712,0,0,0,0,0,0.0078740157480315,0,0,0,0,0.0118694362017804,0,0,0,0,0,0,0,0,0.00542005420054201,0,0.0311526479750779,0.00543478260869565,0.0201342281879195,0,0,0,0,0,0,0,0,0.0353535353535354,0.00699300699300699,0,0,0,0,0,0,0,0,0,0,0,0,0,0.04,0.00699300699300699,0.00815660685154975,0,0,0,0,0.0211640211640212,0.0136986301369863,0.0460251046025105,0,0,0,0,0,0,0,0,0,0,0,0.0208333333333333,0,0,0,0,0.004739336492891,0,0,0,0,0.0188087774294671,0,0,0,0.0359712230215827,0,0,0,0,0,0.00495049504950495,0.0104166666666667,0,0,0,0.0078125,0,0,0,0,0,0,0,0,0,0,0,0,0.0151515151515152,0.0223214285714286,0.00657894736842105,0,0,0,0,0,0.0121212121212121,0,0,0.00520833333333333,0,0.0460829493087558,0,0,0.00549450549450549,0,0,0,0,0,0,0,0,0,0.0245398773006135,0,0,0.00571428571428571,0.0186046511627907,0.0168539325842697,0,0.00775193798449612,0.0078740157480315,0.0078740157480315,0,0,0,0,0.0357142857142857,0.00584795321637427,0,0.0386266094420601,0.00704225352112676,0,0,0,0,0,0,0,0.0303030303030303,0.0432432432432432,0,0.0182648401826484,0,0,0,0.0176211453744493,0,0,0,0,0,0.0111731843575419,0,0,0,0,0,0.0264900662251656,0.0160427807486631,0.0135135135135135,0.0078740157480315,0.0196078431372549,0.0648148148148148,0,0.0072463768115942,0,0,0,0,0,0,0.0194805194805195,0,0,0,0,0.0519877675840979,0.0599455040871935,0,0,0,0,0,0,0,0,0.00757575757575758,0,0.0414201183431953,0,0,0,0,0,0,0,0,0,0,0,0,0.0394736842105263,0.0135135135135135,0.014218009478673,0.0223463687150838,0,0,0.00564971751412429,0.00704225352112676,0,0,0,0,0,0.0261780104712042,0,0,0,0,0,0.00480769230769231,0,0,0,0,0,0.0335195530726257,0,0,0,0.00694444444444444,0,0,0.0225563909774436,0,0.029940119760479,0.0078125,0.0223880597014925,0,0,0.00684931506849315,0,0.0138888888888889,0.00735294117647059,0.0078125,0.00746268656716418,0.0078125,0.00675675675675676,0.00961538461538462,0.0128205128205128,0,0,0,0,0.0147058823529412,0,0,0,0,0,0,0,0,0,0,0.0078740157480315,0,0.00775193798449612,0,0.0078740157480315,0,0,0,0,0,0,0,0,0,0.0211267605633803,0,0,0,0,0.00645161290322581,0,0,0.0125786163522013,0.0392156862745098,0
0,0,0,0,0,0,0,0,0,0,0,0,0,0,0,0,0,0,0,0,0,0,0,0,0,0,0,0,0,0,0,0,0,0,0,0,0,0,0,0,0,0,0,0,0,0,0,0,0,0,0,0,0,0,0,0,0,0,0,0,0.0476190476190476,0,0,0,0,0,0,0,0,0,0,0,0,0.0144927536231884,0,0,0,0,0,0,0,0,0,0,0,0,0,0.0062111801242236,0,0,0,0,0,0,0,0,0,0,0,0,0,0,0,0,0,0,0,0,0,0,0,0,0.00980392156862745,0,0,0,0,0,0,0,0,0,0,0,0,0,0,0,0,0,0,0,0,0,0,0,0,0,0,0,0,0,0,0,0,0,0,0,0,0,0,0,0,0,0,0,0,0,0,0,0,0,0,0.0232558139534884,0,0,0,0,0,0.5,0,0,0,0,0,0,0,0,0,0,0,0,0,0,0,0,0,0,0,0,0,0,0,0,0,0,0,0,0,0,0,0.00460829493087558,0.00381679389312977,0,0,0,0,0,0,0,0,0,0,0,0,0,0,0,0,0,0,0,0,0,0,0,0.00909090909090909,0,0,0,0,0,0,0,0,0,0,0,0,0,0,0,0,0,0,0,0,0,0,0,0,0,0,0,0,0,0,0,0,0,0.0222222222222222,0,0,0,0,0,0,0,0,0,0,0,0,0,0,0,0,0,0,0,0,0,0,0,0,0,0,0,0,0,0,0,0,0,0,0,0,0,0,0,0,0,0,0,0,0,0,0,0,0,0,0,0,0,0
0,0,0,0,0,0,0,0,0,0,0,0,0,0,0,0,0,0,0,0,0,0,0,0,0,0,0,0,0,0,0,0,0,0,0,0,0,0,0,0,0,0,0,0,0,0,0,0,0,0,0,0,0,0,0,0,0,0,0,0,0,0,0,0,0,0,0,0,0,0,0,0,0,0,0,0,0,0,0,0,0,0,0,0,0,0,0,0.0124223602484472,0,0,0,0,0,0,0,0,0,0,0,0,0,0,0,0,0,0,0,0,0,0,0,0,0,0,0,0,0,0,0,0.024390243902439,0,0,0,0,0,0,0,0,0,0,0,0,0,0,0,0,0,0,0,0,0,0,0,0,0,0,0,0,0,0,0,0,0,0,0,0,0,0,0,0,0,0,0,0,0,0,0,0,0,0,0,0,0,0,0,0,0,0,0,0,0,0,0,0,0,0,0,0,0,0,0,0,0,0.2,0,0,0,0,0,0,0,0,0,0,0,0,0,0,0,0,0,0,0,0,0,0,0,0,0,0,0,0,0,0,0,0,0,0,0,0,0,0,0,0,0,0,0,0,0,0,0,0,0,0,0,0,0,0,0,0,0,0,0,0,0,0,0,0,0,0,0,0,0,0,0,0,0,0,0,0,0,0,0,0,0,0,0,0,0,0,0,0,0,0,0,0,0,0,0,0,0,0,0,0,0,0,0,0,0,0,0,0,0,0,0,0,0,0,0,0,0,0,0,0,0
0,0,0,0,0,0,0,0,0,0,0,0,0,0,0,0,0,0,0,0,0,0,0,0,0,0,0,0,0,0,0,0,0,0,0,0,0,0.0128205128205128,0,0,0,0,0,0,0,0,0,0,0.024390243902439,0,0,0,0,0,0,0,0,0,0,0,0,0,0,0,0,0,0,0,0,0,0,0,0,0,0,0,0,0,0,0,0,0,0,0,0,0,0,0,0,0,0,0,0,0,0.0149253731343284,0,0,0,0,0,0,0,0,0,0,0,0,0,0,0,0,0,0,0,0,0,0,0,0,0,0,0,0,0,0,0,0,0,0,0,0,0,0,0,0,0,0,0,0,0,0,0,0,0,0,0,0,0,0,0,0,0,0,0,0,0,0,0,0,0,0,0,0,0,0,0,0,0,0,0,0,0,0,0,0,0,0,0,0,0,0,0,0,0,0,0,0,0,0,0,0,0,0,0,0,0,0,0,0,0,0,0,0,0,0,0,0,0,0,0,0,0,0,0,0,0,0,0,0,0,0,0,0,0,0,0,0,0,0,0,0,0,0,0,0,0,0,0,0,0,0,0,0,0,0,0,0,0,0,0,0,0.0172413793103448,0,0,0,0,0.0769230769230769,0,0,0,0.0222222222222222,0,0,0,0,0,0,0.0526315789473684,0,0,0,0,0,0,0,0,0,0,0,0,0,0,0,0,0,0,0,0,0,0,0,0,0,0,0,0,0,0,0,0,0,0,0,0,0,0,0,0,0,0.0344827586206897,0,0,0,0,0
0,0,0,0,0,0,0,0,0,0,0,0,0,0,0,0,0,0,0,0,0,0,0,0,0,0,0,0,0,0,0,0,0,0,0,0,0,0.0120481927710843,0,0,0,0,0,0,0,0,0,0,0,0,0,0,0.0072463768115942,0,0,0,0,0,0,0.0285714285714286,0,0.0238095238095238,0,0,0,0,0,0,0,0,0,0,0,0,0,0,0,0,0,0,0,0,0,0,0,0,0.0163934426229508,0.00602409638554217,0,0,0,0,0,0,0,0,0,0,0,0,0,0,0,0,0,0,0,0,0,0,0,0,0,0,0,0,0,0,0,0,0,0,0,0,0.00952380952380952,0,0,0,0,0,0,0,0,0,0,0,0,0,0,0,0,0,0.0169491525423729,0,0,0,0,0,0,0,0,0,0,0,0.0168067226890756,0.0476190476190476,0,0,0,0,0,0,0,0.0425531914893617,0,0,0,0,0,0,0,0,0,0,0,0,0,0,0,0,0,0,0,0.0298507462686567,0.00970873786407767,0,0,0,0,0,0,0,0,0,0,0,0,0,0,0,0,0.00904977375565611,0.0113207547169811,0,0,0,0,0,0,0,0,0,0,0,0,0,0,0,0,0,0,0,0,0,0,0,0,0,0.00655737704918033,0,0,0,0,0,0,0,0,0,0,0,0,0,0,0,0,0,0,0,0,0,0,0,0,0,0,0,0,0,0,0,0,0,0,0,0,0,0,0,0,0,0,0,0,0,0,0.0714285714285714,0,0,0,0,0,0,0,0,0,0,0,0,0.0909090909090909,0,0,0,0,0,0,0,0,0,0,0,0,0,0,0,0,0,0,0,0,0,0,0,0,0,0
0,0,0,0,0,0,0,0,0,0,0,0,0,0,0,0,0,0,0,0,0,0,0,0,0,0,0,0,0,0,0,0,0,0,0,0,0,0,0,0,0,0,0,0,0,0,0,0,0,0,0,0,0,0,0,0,0,0,0,0,0,0,0,0,0,0,0,0,0,0,0,0,0,0,0,0,0,0,0,0,0,0,0,0,0,0,0,0.0062111801242236,0,0,0,0,0,0,0,0,0,0,0,0,0,0,0,0,0,0,0,0,0,0,0,0,0,0,0,0,0,0,0,0,0,0,0,0,0,0,0,0,0,0,0,0,0,0,0,0,0,0,0,0,0,0,0,0,0,0,0,0,0,0,0,0,0,0,0.00869565217391304,0,0,0,0,0,0,0,0,0,0,0,0,0,0,0,0,0,0,0,0,0,0,0,0,0,0,0,0,0,0,0,0,0,0,0,0,1,0,0,0,0,0,0,0,0,0,0.00460829493087558,0,0,0,0,0,0,0,0,0,0,0,0,0,0,0,0,0,0,0,0,0,0,0,0,0,0,0,0,0,0,0,0,0,0,0,0,0,0,0,0,0,0,0,0,0,0,0,0,0,0,0,0,0,0,0,0,0,0,0,0,0,0,0,0,0,0,0,0,0,0,0,0,0,0,0,0,0,0,0,0,0,0,0,0,0,0,0,0,0,0,0,0,0,0,0,0,0,0,0,0,0,0,0,0,0,0,0,0,0,0,0,0,0
0,0,0,0,0,0,0,0,0,0,0,0,0,0,0,0,0,0,0,0,0,0,0,0,0,0,0,0,0,0,0,0,0,0,0,0,0,0,0,0,0,0,0,0,0,0,0,0,0,0,0,0,0,0,0,0,0,0,0,0,0,0,0,0,0,0,0,0,0,0,0,0,0,0,0,0,0,0,0,0,0,0,0,0,0,0,0,0,0,0,0,0,0,0,0,0,0,0,0,0,0,0,0,0,0,0,0,0,0,0,0,0,0,0,0,0,0,0,0,0,0,0,0,0,0,0,0,0,0,0,0,0,0,0,0,0,0,0,0,0,0,0,0,0,0,0,0,0,0,0,0,0,0,0,0,0,0,0,0,0,0,0,0,0,0,0,0,0,0,0,0,0,0,0,0,0,0,0,0,0,0,0,0,0,0,0,0,0,0,0,0,0,0,0,0,0,0,0,0,0,0,0,0,0,0,0,0,0,0,0,0,0,0,0,0,0,0,0,0,0,0,0,0,0,0,0,0,0,0,0,0,0,0,0,0,0,0,0,0,0,0,0,0,0,0,0,0,0,0,0,0,0,0,0,0,0,0,0,0,0,0,0,0,0,0,0,0,0,0,0,0,0,0,0,0,0,0,0,0,0,0,0,0,0,0,0,0,0,0,0,0,0,0,0,0,0,0,0,0,0,0,0,0,0,0,0,0,0,0,0,0,0,0,0,0
0.0144927536231884,0,0,0,0.0128205128205128,0,0,0,0.00925925925925926,0,0,0,0,0,0,0.00395256916996047,0,0.0163934426229508,0,0,0,0,0,0,0.00353356890459364,0,0.00826446280991736,0,0,0,0,0,0,0,0,0,0,0.0172413793103448,0,0,0,0,0.0111111111111111,0,0,0,0,0,0,0,0,0,0.00581395348837209,0,0.00188679245283019,0,0,0,0,0.00952380952380952,0,0.00617283950617284,0,0,0,0,0,0,0,0,0.0114942528735632,0,0,0.00925925925925926,0,0,0,0,0.0245901639344262,0,0,0,0,0.00847457627118644,0,0,0,0,0,0,0,0,0,0,0.00943396226415094,0,0,0,0,0,0,0,0,0,0,0,0,0,0,0,0,0,0,0,0,0,0,0,0,0,0,0,0,0,0.00719424460431655,0,0,0,0,0,0,0,0,0,0,0,0,0,0,0,0,0,0.0217391304347826,0,0,0,0,0,0,0,0,0,0,0,0.00649350649350649,0,0,0,0,0,0,0,0,0,0.00952380952380952,0,0,0,0,0,0,0,0,0,0,0,0.00364963503649635,0,0,0,0,0,0,0.0198019801980198,0,0,0,0,0,0,0,0,0.0238095238095238,0,0,0,0,0,0,0,0,0.00784313725490196,0.00666666666666667,0,0,0,0,0,0.00341296928327645,0,0,0,0,0,0,0,0.0103626943005181,0,0,0,0,0,0,0,0,0,0,0,0.00589970501474926,0,0,0,0.0224719101123595,0,0,0,0,0,0,0,0,0,0,0,0,0.0166666666666667,0.0128205128205128,0,0,0,0,0,0.0229885057471264,0,0,0,0,0,0,0,0.0119047619047619,0,0,0,0,0,0,0,0,0,0,0,0.0193236714975845,0,0.0757575757575758,0,0,0,0,0,0,0,0,0,0,0,0,0,0,0,0,0,0,0,0,0,0,0,0,0,0,0,0,0,0,0,0,0,0,0,0,0,0,0.00564971751412429,0
0,0,0,0,0,0,0,0,0,0,0,0,0,0,0,0,0,0,0,0,0,0,0,0,0,0,0,0,0.0333333333333333,0,0,0,0,0,0,0,0,0,0,0,0,0,0,0,0,0,0,0,0,0,0,0,0,0,0,0,0,0,0,0,0,0,0,0,0,0,0,0,0,0,0,0,0,0,0,0,0,0,0,0,0,0,0,0.00492610837438424,0,0,0.0163934426229508,0.00602409638554217,0,0,0,0,0,0,0,0,0,0,0,0,0,0,0,0,0,0,0,0,0,0,0,0,0,0,0,0,0,0,0,0,0,0,0,0,0,0,0,0,0,0,0,0,0,0,0,0,0,0,0,0,0,0,0,0,0,0,0,0,0,0,0,0.0123456790123457,0,0,0.00833333333333333,0,0,0,0,0,0,0,0,0.0652173913043478,0,0,0,0,0,0,0,0,0,0,0,0,0,0,0,0,0,0,0,0.0147058823529412,0,0,0,0,0,0,0,0,0,0,0,0,0,0,0,0,0,0.00904977375565611,0.0075187969924812,0,0,0,0,0,0,0,0,0,0,0,0,0,0,0,0,0,0,0,0,0,0,0,0,0,0,0,0,0,0,0,0,0,0,0,0,0,0,0,0,0,0,0.0114942528735632,0,0,0,0,0,0,0,0,0,0.0434782608695652,0,0,0,0,0,0,0,0,0,0,0,0,0,0,0,0,0.00568181818181818,0,0,0,0,0,0,0,0,0,0,0,0.0909090909090909,0,0,0,0,0,0,0,0,0,0,0,0,0,0,0,0,0,0,0,0,0,0,0,0,0,0,0,0,0,0
0,0,0,0,0,0,0,0,0,0,0,0,0,0,0,0,0,0,0,0,0,0,0,0,0,0,0,0,0,0,0,0,0,0,0,0,0,0.0126582278481013,0,0,0,0,0,0,0,0,0,0,0,0,0,0,0,0,0,0,0,0,0,0,0,0,0,0,0,0,0,0,0,0,0,0,0,0,0,0,0,0,0,0,0,0,0,0,0,0,0,0,0,0,0,0,0,0,0,0,0,0,0,0,0,0,0,0,0,0,0,0,0,0,0,0,0,0,0,0,0,0,0,0,0,0,0.0149253731343284,0,0,0,0,0,0,0,0,0,0,0,0,0,0,0,0,0,0,0,0,0,0,0,0,0,0,0,0,0,0,0,0,0,0,0,0,0,0,0,0,0.0227272727272727,0,0,0,0,0,0,0,0,0,0,0,0,0,0,0,0,0,0,0,0,0.0101010101010101,0,0,0,0,0,0,0,0,0,0,0,0,0,0,0,0,0,0.00380228136882129,0,0,0,0,0,0,0,0,0,0,0,0,0,0,0,0,0,0,0,0,0,0,0,0,0,0,0,0,0,0,0,0,0,0,0,0,0,0,0,0,0,0,0,0,0,0,0,0,0,0,0,0,0,0,0,0,0,0,0,0,0,0,0,0,0,0,0,0,0,0,0,0,0,0,0,0,0,0,0,0,0,0,0,0,0,0,0,0,0,0,0,0,0,0,0,0,0,0,0,0,0,0,0,0,0,0,0,0,0,0,0,0
0,0,0,0,0,0,0,0,0,0,0,0,0,0,0,0,0,0,0,0,0,0,0,0,0,0,0.00490196078431373,0,0,0,0,0,0,0,0,0,0,0,0,0,0,0,0,0,0,0,0,0,0,0,0,0,0,0,0,0,0,0,0,0,0,0,0,0,0,0,0,0,0,0,0,0,0,0.0144927536231884,0,0,0,0,0,0,0,0,0,0,0,0,0,0,0,0,0,0,0,0,0,0,0,0,0,0,0,0,0,0,0,0,0,0,0,0,0,0,0,0,0,0,0,0,0,0,0,0,0,0,0.01,0,0,0,0,0,0,0,0,0,0,0,0,0,0,0,0,0,0,0,0,0,0,0,0,0,0,0,0,0,0,0,0,0,0,0,0,0,0,0,0,0,0,0,0,0,0,0,0,0,0,0,0,0,0,0,0,0,0,0.0158730158730159,0.0102040816326531,0,0,0,0,0,0,0,0,0,0,0,0,0,0,0,0,0,0.00381679389312977,0,0,0,0,0,0,0,0,0.166666666666667,0,0,0,0,0,0,0,0,0,0,0,0,0,0,0,0,0,0.0178571428571429,0,0,0,0,0,0,0,0,0,0,0,0,0,0,0,0,0,0,0,0,0,0,0,0,0,0,0,0,0,0,0,0,0.1,0,0,0.05,0,0,0,0,0,0,0,0,0.032258064516129,0,0,0,0,0,0.0078740157480315,0,0,0,0,0,0,0,0,0,0,0,0,0,1,0,0,0,0,0,0,0,0,0,0.0555555555555556,0,0,0,0,0,0,0,0,0,0
0,0,0,0,0,0,0,0,0,0,0,0,0,0,0,0,0,0,0,0,0,0,0,0,0,0,0,0,0,0,0,0,0,0,0,0,0,0.0120481927710843,0,0,0,0,0,0,0,0,0,0,0,0,0,0,0,0,0,0,0,0,0,0,0,0,0,0,0,0,0,0,0,0,0,0,0,0,0,0,0,0,0,0,0,0,0,0.00492610837438424,0,0,0,0,0,0,0,0,0,0,0,0,0,0,0,0,0,0,0,0,0,0,0,0,0,0,0,0,0,0,0,0,0,0,0,0,0,0,0,0,0,0,0,0,0,0,0,0,0,0,0,0,0,0,0,0,0,0,0,0,0,0,0,0,0,0,0,0,0,0,0,0,0,0,0,0,0,0,0,0,0,0,0,0,0,0,0,0,0,0,0,0,0,0,0,0,0,0,0,0,0,0,0,0,0,0,0,0,0,0,0,0,0,0,0,0,0,0,0,0,0,0,0,0,0,0,0,0,0,0,0,0,0,0,0,0,0,0,0,0,0,0,0,0,0.00326797385620915,0,0,0,0,0,0,0,0,0,0,0,0,0,0,0,0,0,0,0,0,0,0,0,0,0,0,0,0,0,0,0,0,0,0,0,0,0,0,0,0.0666666666666667,0,0,0,0,0,0.0571428571428571,0,0,0,0,0,0,0,0,0,0,0,0,0,0,0,0,0,0,0,0,0,0,0,0,0,0,0,0,0,0,0,0,0,0,0,0,0,0,0.00699300699300699,0
0,0,0,0,0,0,0,0,0,0,0,0,0,0,0,0.00930232558139535,0,0,0,0,0,0,0,0,0,0,0.00485436893203883,0,0,0,0,0,0,0,0,0,0,0,0.00613496932515337,0,0,0,0,0,0,0,0,0,0,0,0,0,0,0,0,0,0,0,0,0,0,0,0,0,0,0,0,0,0,0,0,0,0,0,0,0,0,0,0,0,0,0,0,0,0,0,0,0.00613496932515337,0,0,0,0,0,0,0,0,0,0,0,0,0,0,0,0,0,0,0,0,0,0,0,0,0,0,0,0,0,0,0,0,0,0,0,0,0,0,0,0,0,0,0,0,0,0,0,0,0,0,0,0,0,0,0,0,0,0,0,0,0,0,0,0,0,0,0,0,0,0,0,0,0,0,0,0,0,0,0,0,0,0,0,0,0,0,0,0,0,0,0,0,0,0,0,0,0,0,0,0,0,0,0,0,0,0,0,0,0,0,0,0,0,0,0,0,0,0,0,0,0,0,0,0,0,0,0,0,0,0,0,0,0,0,0,0,0,0,0,0,0.00996677740863787,0.0172413793103448,0,0,0,0,0,0,0,0,0,0,0,0,0,0,0,0,0,0,0,0,0,0,0,0,0,0,0,0,0,0,0,0,0,0,0,0,0,0,0,0,0,0,0,0,0,0,0,0.25,0,0,0.00775193798449612,0,0,0,0,0,0,0,0,0,0,0,0,0,0,0,0,0,0,0,0,0,0,0,0,0,0,0,0,0,0,0,0,0,0
0,0,0,0,0,0,0,0,0,0,0,0,0,0,0,0,0,0,0,0,0,0,0,0,0,0,0.0048780487804878,0,0,0,0,0,0,0,0,0,0,0,0,0,0,0,0,0,0,0,0,0,0,0,0,0,0,0,0,0,0,0,0,0,0,0.00806451612903226,0,0,0,0,0,0,0,0,0,0,0,0,0,0,0,0,0,0,0,0,0,0,0,0,0,0.00617283950617284,0,0,0,0,0,0,0,0,0,0,0,0,0,0,0,0,0,0,0,0,0,0,0,0,0,0,0,0,0,0,0,0.024390243902439,0,0,0,0,0,0,0,0,0,0,0,0,0,0,0,0,0,0,0,0,0,0.010752688172043,0,0,0,0,0,0,0,0,0,0.012987012987013,0,0,0.00862068965517241,0,0,0,0,0,0,0,0,0,0,0,0,0,0,0,0,0,0,0,0,0,0.00423728813559322,0,0,0,0,0,0,0,0,0,0,0,0,0,0,0,0,0,0,0,0,0,0,0,0,0,0,0,0,0,0,0,0,0,0,0,0,0,0,0,0,0,0,0,0,0,0,0,0,0.2,0,0,0.0033112582781457,0,0,0,0,0,0,0,0,0,0,0,0,0,0,0,0,0,0,0,0,0,0,0,0,0,0,0,0,0,0,0,0,0,0,0,0,0,0,0,0,0,0,0,0,0,0,0,0,0.333333333333333,0,0,0,0,0,0,0,0,0,0,0,0,0,0,0,0,0,0,0,0,0,0,0,0,0,0,0,0,0,0,0,0,0,0,0,0,0
0,0,0,0,0,0,0,0,0,0,0,0,0,0,0,0,0,0,0,0,0,0,0,0,0,0,0.00490196078431373,0,0,0,0,0,0,0,0,0,0,0,0,0,0,0,0,0,0,0,0,0,0,0,0,0,0,0,0,0,0,0,0,0,0,0,0,0,0,0,0,0,0,0,0,0,0,0.0144927536231884,0,0,0,0,0,0,0,0,0,0,0,0,0,0,0,0,0,0,0,0,0,0,0,0,0,0,0,0,0,0,0,0,0,0,0,0,0,0,0,0,0,0,0,0,0,0,0,0,0,0,0.01,0,0,0,0,0,0,0,0,0,0,0,0,0,0,0,0,0,0,0,0,0,0,0,0,0,0,0,0,0,0,0,0,0,0,0,0,0,0,0,0,0,0,0,0,0,0,0,0,0,0,0,0,0,0,0,0,0,0,0.0158730158730159,0.0102040816326531,0,0,0,0,0,0,0,0,0,0,0,0,0,0,0,0,0,0.00381679389312977,0,0,0,0,0,0,0,0,0.166666666666667,0,0,0,0,0,0,0,0,0,0,0,0,0,0,0,0,0,0.0178571428571429,0,0,0,0,0,0,0,0,0,0,0,0,0,0,0,0,0,0,0,0,0,0,0,0,0,0,0,0,0,0,0,0,0.1,0,0,0.05,0,0,0,0,0,0,0,0,0.032258064516129,0,0,0,0,0,0.0078740157480315,0,0,0,0,0,0,0,0,0,1,0,0,0,0,0,0,0,0,0,0,0,0,0,0.0555555555555556,0,0,0,0,0,0,0,0,0,0
0,0,0,0,0,0,0,0,0,0,0,0,0,0,0,0,0,0,0,0,0,0,0,0,0,0,0,0,0,0,0,0,0,0,0,0,0,0,0,0,0,0,0,0,0,0,0,0,0,0,0,0,0,0,0,0,0,0,0,0,0,0,0,0,0,0,0,0,0,0,0,0,0,0,0,0,0,0,0,0,0,0,0,0,0,0,0,0,0,0,0,0,0,0,0,0,0,0,0,0,0,0,0,0,0,0,0,0,0,0,0,0,0,0,0,0,0,0,0,0,0,0,0,0,0,0,0,0,0,0,0,0,0,0,0,0,0,0,0,0,0,0,0,0,0,0,0,0,0,0,0,0,0,0,0,0,0,0,0,0,0,0,0,0,0,0,0,0,0,0,0,0,0,0,0,0,0,0,0,0,0,0,0,0,0,0,0,0,0,0,0,0,0,0,0,0,0,0,0,0,0,0,0,0,0,0,0,0,0,0,0,0,0,0,0,0,0,0,0,0,0,0,0,0,0,0,0,0,0,0,0,0,0,0,0,0,0,0,0,0,0,0,0,0,0,0,0,0,0,0,0,0,0,0,0,0,0,0,0,0,0,0,0,0,0,0,0,0,0,0,0,0,0,0,0,0,0,0,0,0,0,0,0,0,0,0,0,0,0,0,0,0,0,0,0,0,0,0,0,0,0,0,0,0,0,0,0,0,0,0,0,0,0,0,0
0,0,0,0,0,0,0,0.0188679245283019,0,0,0,0,0.00313479623824451,0,0,0,0.142857142857143,0,0.0540540540540541,0,0,0,0,0,0,0,0,0,0,0,0.0434782608695652,0,0,0,0,0.00735294117647059,0,0,0,0,0,0,0,0,0,0,0,0,0,0.00934579439252336,0,0,0,0,0,0,0,0,0,0,0,0,0,0,0.0120481927710843,0,0,0,0,0.010752688172043,0,0,0,0,0,0.0714285714285714,0,0,0,0,0,0,0,0,0,0,0,0,0,0,0.02,0,0,0,0,0,0.0227272727272727,0,0,0,0,0,0,0,0,0,0,0,0,0,0,0,0,0,0,0,0,0,0,0,0,0.0232558139534884,0,0,0,0,0,0,0,0,0,0,0,0,0,0,0,0,0,0,0,0,0,0,0,0,0,0,0,0,0,0,0,0.0125,0,0,0,0,0,0.0101010101010101,0,0,0,0,0,0,0,0,0,0,0,0,0,0,0,0,0,0.0172413793103448,0,0,0,0,0,0,0,0,0,0,0,0,0,0,0,0,0,0,0,0,0.00366300366300366,0,0,0,0,0,0,0.00636942675159236,0,0,0,0,0,0,0,0,0,0,0,0,0,0,0,0,0,0,0,0,0,0,0,0,0,0,0,0,0,0,0,0,0,0,0,0,0,0,0,0,0,0,0,0,0,0,0,0,0,0,0,0,0,0,0,0,0,0,0,0,0,0,0,0,0,0,0,0,0,0,0,0,0,0,0,0,0,0,0,0,0,0,0,0,0,0,0,0,0,0,0,0,0,0,0,0,0,0,0,0,0,0,0,0,0,0,0,0,0
0,0,0,0,0,0,0,0,0,0,0,0,0,0,0,0.00462962962962963,0,0,0,0,0,0,0,0,0,0,0,0,0,0,0,0,0,0,0,0,0,0,0,0,0,0,0,0,0,0,0,0,0,0,0,0,0,0,0,0,0,0,0,0,0.0434782608695652,0,0,0,0,0,0,0,0,0,0,0,0,0,0,0,0,0,0,0,0,0,0,0.005,0,0,0,0,0,0,0,0,0,0,0,0,0,0,0,0,0,0,0,0,0,0,0,0,0,0,0,0,0,0,0,0,0,0,0,0,0,0,0.0147058823529412,0,0,0,0,0,0,0,0,0,0,0,0,0,0,0,0,0,0,0,0,0,0,0,0,0,0,0,0,0.0128205128205128,0.0212765957446809,0,0,0,0,0,0,0,0,0,0,0,0,0,0,0,0,0,0,0,0,0,0,0,0.00847457627118644,0,0,0,0,0,0,0,0,0,0,0,0,0,0,0,0,0,0,0,0,0,0,0,0,0.0045662100456621,0.00378787878787879,0,0,0,0,0,0,0,0,0,0,0,0,0,0,0,0,0,0,0,0,0,0,0,0,0,0,0,0,0,0,0,0,0,0,0,0,0,0,0,0,0,0,0,0,0,0,0.4,0,0,0,0,0,0,0,0,0,0,0.0212765957446809,0,0,0,0,0,0,0,0,0,0,0,0,0,0,0,0,0,0,0,0,0,0,0,0,0,0,0,0,0,0,0,0,0,0,0,0,0,0,0,0,0,0,0,0,0,0,0,0,0,0,0,0,0,0
0,0,0,0,0,0,0.00588235294117647,0,0,0,0,0.056,0,0.0357142857142857,0,0,0,0,0,0,0,0,0,0,0,0,0,0,0,0,0,0,0.0196078431372549,0,0,0.00719424460431655,0.0116279069767442,0,0,0,0,0.00675675675675676,0,0,0,0,0,0,0,0,0,0,0,0,0,0,0,0,0,0,0,0,0,0,0,0,0,0.00775193798449612,0,0,0,0,0,0,0,0,0,0,0,0,0,0,0.0202702702702703,0,0,0,0,0,0,0,0,0,0,0,0,0,0,0,0,0,0,0,0,0,0,0,0,0,0,0,0,0,0,0,0,0,0,0,0,0,0,0,0,0,0,0,0,0,0,0,0,0,0,0,0,0.03125,0,0,0,0,0,0,0,0,0,0,0,0,0,0,0,0,0,0,0,0,0,0,0,0,0,0,0,0,0,0,0,0,0,0,0,0,0,0,0,0,0,0.0163934426229508,0,0,0,0,0,0,0,0,0,0,0,0,0,0,0,0,0,0,0,0,0,0,0.00285714285714286,0,0,0,0.0149253731343284,0,0,0,0,0,0,0,0,0,0,0,0,0,0,0,0,0,0,0,0,0,0,0,0,0,0,0,0,0,0,0,0,0,0,0,0,0,0,0,0,0,0,0,0,0,0,0,0,0,0,0,0,0,0,0,0,0,0,0,0,0,0,0,0,0,0,0,0,0,0,0,0,0,0,0,0,0,0,0,0,0,0,0,0,0,0,0,0,0,0,0,0,0,0,0,0.00440528634361234,0,0,0,0,0.0075187969924812,0.0166666666666667,0,0,0,0,0.0111111111111111,0,0,0
0,0,0,0,0,0,0,0.0253164556962025,0.0204081632653061,0,0,0,0,0,0,0,0,0.0392156862745098,0,0,0,0.0372340425531915,0.0352112676056338,0,0,0,0,0,0,0.0434782608695652,0,0,0,0,0,0,0,0,0,0.0331491712707182,0,0,0.0379746835443038,0,0.0115606936416185,0,0,0.0166666666666667,0,0,0.0857142857142857,0,0,0,0,0,0,0,0,0,0,0,0,0,0,0,0,0,0.0212765957446809,0,0,0.0277777777777778,0.0217391304347826,0,0,0.024390243902439,0,0,0,0,0,0.040650406504065,0,0,0,0,0,0,0,0,0,0,0,0,0,0,0,0,0,0,0.0263157894736842,0,0.0307692307692308,0,0,0,0,0,0,0,0,0,0,0,0,0,0,0,0,0,0,0,0,0,0,0,0,0,0,0,0,0,0,0,0,0,0,0,0.0303030303030303,0,0,0,0,0,0,0,0,0.0441176470588235,0,0,0,0.019047619047619,0,0,0,0,0,0,0,0.00793650793650794,0,0.0224719101123595,0.0384615384615385,0,0,0,0,0,0,0,0,0,0,0,0,0,0,0,0,0.0222222222222222,0,0,0,0,0,0,0,0,0,0,0,0,0,0,0,0,0,0.00925925925925926,0.00333333333333333,0,0,0,0,0,0,0,0,0,0.00706713780918728,0,0,0,0,0,0,0,0.0333333333333333,0,0,0,0,0,0,0,0,0,0,0,0,0,0,0,0,0,0,0,0,0,0.0136986301369863,0,0,0.010989010989011,0,0,0.0526315789473684,0,0,0,0,0,0,0.0229885057471264,0.0126582278481013,0,0,0,0,0,0,0,0,0,0,0,0,0,0,0,0,0,0,0,0,0,0,0,0,0,0,0,0,0,0,0,0,0,0,0,0,0,0,0,0,0,0,0,0,0,0,0,0,0,0,0,0,0,0,0,0,0,0.0485436893203883,0.0087719298245614,0,0,0
0.0286885245901639,0,0,0,0,0.00888888888888889,0.129032258064516,0.00743494423791822,0,0,0,0.0778816199376947,0.130526315789474,0.0125,0,0,0,0,0.024,0,0.0495356037151703,0,0,0,0,0,0,0,0,0.0130718954248366,0.0211864406779661,0,0.027027027027027,0,0,0.0858895705521472,0.0451388888888889,0,0,0,0,0.0614035087719298,0,0,0,0,0.0163934426229508,0,0,0.0483870967741935,0,0,0,0,0,0,0,0.00796812749003984,0,0,0,0,0,0.00452488687782805,0.0524475524475524,0.0128755364806867,0.0413533834586466,0.0683229813664596,0,0.0724137931034483,0,0,0.0171673819742489,0,0,0,0.00425531914893617,0,0,0.040590405904059,0.00904977375565611,0,0.0703812316715543,0,0,0,0,0,0.0292887029288703,0.00448430493273543,0.0307692307692308,0,0,0,0,0,0.0234375,0.025,0,0,0.00326797385620915,0.00418410041841004,0,0.0173913043478261,0,0,0,0,0.00851063829787234,0,0,0,0,0,0.0125523012552301,0,0,0,0.012448132780083,0,0,0.0235294117647059,0,0,0,0,0,0,0,0,0,0,0,0.0287539936102236,0,0.0122950819672131,0,0,0.00448430493273543,0,0,0,0,0,0,0,0,0,0,0,0.0579710144927536,0,0,0.0205479452054795,0,0,0.0165289256198347,0,0,0.016025641025641,0.0810810810810811,0.0107913669064748,0,0,0,0,0,0,0,0,0,0,0,0,0,0,0,0.0260223048327138,0,0,0,0,0,0,0,0,0,0,0.0853994490358127,0.00431034482758621,0.0447761194029851,0,0,0,0.0404984423676012,0.00425531914893617,0,0.023972602739726,0.0513918629550321,0,0.125498007968127,0,0,0,0.0180505415162455,0.0504201680672269,0,0,0.01931330472103,0.0296052631578947,0.00452488687782805,0,0,0,0.00432900432900433,0,0,0,0,0.0425531914893617,0.00448430493273543,0,0,0,0.00432900432900433,0,0,0,0.00191938579654511,0,0,0,0,0,0.0210970464135021,0,0,0,0,0,0,0,0,0,0,0,0,0,0,0,0,0,0.00371747211895911,0,0,0,0,0,0,0,0,0,0,0,0,0,0,0,0,0,0,0,0,0,0,0,0,0,0,0,0,0,0,0,0,0,0,0,0,0,0,0,0,0,0,0,0,0,0.00440528634361234,0,0,0.00448430493273543,0,0,0,0.0674846625766871,0.0700636942675159,0.00826446280991736,0.00440528634361234,0,0,0.020066889632107,0,0,0.0173913043478261
0,0,0,0,0,0,0,0,0,0,0,0,0.00314465408805031,0,0,0,0,0,0,0,0,0,0,0,0,0,0,0,0,0.010989010989011,0,0,0,0,0,0,0,0,0,0,0,0.00694444444444444,0,0,0,0,0,0,0,0,0,0,0,0,0,0,0,0,0,0,0,0,0,0,0,0,0,0,0,0,0,0,0,0,0,0,0,0,0,0,0,0,0,0,0,0,0,0,0,0,0,0,0,0,0,0,0,0,0,0,0,0,0,0,0,0,0,0,0,0,0,0,0,0,0,0,0,0,0,0,0,0,0,0,0,0,0,0,0,0,0,0,0,0,0,0,0,0,0,0,0,0,0,0,0,0,0,0,0,0,0,0,0,0,0,0,0,0,0,0.0102040816326531,0.00909090909090909,0,0,0,0,0,0,0,0,0,0,0,0,0,0,0,0,0,0,0,0,0,0,0,0,0,0,0,0,0,0,0,0,0,0,0,0,0.0125,0.00367647058823529,0,0.00579710144927536,0,0,0,0,0,0,0,0,0.0106382978723404,0,0,0,0,0,0,0,0,0,0,0,0,0,0,0,0,0,0,0,0,0,0,0,0,0,0,0,0,0,0,0,0,0,0,0,0,0,0,0,0,0,0,0,0,0,0,0,0,0,0,0,0,0,0,0,0,0,0,0,0,0,0,0,0,0,0,0,0,0,0,0,0,0,0,0,0,0,0,0,0,0,0,0,0,0,0,0,0,0,0,0.00448430493273543,0,0,0,0,0,0,0,0,0,0,0,0,0,0
0,0,0.0111940298507463,0,0.0078125,0,0,0,0,0,0,0,0,0,0,0.00446428571428571,0,0,0,0,0,0,0,0,0.00393700787401575,0,0,0.0298507462686567,0,0,0,0,0,0,0,0,0,0,0.00584795321637427,0,0,0,0,0,0,0,0,0,0,0,0,0,0,0,0.00199600798403194,0,0,0,0,0,0,0,0,0,0,0,0,0,0,0,0.0129310344827586,0,0,0.0126582278481013,0,0,0,0,0,0,0,0,0,0.00480769230769231,0,0,0.0307692307692308,0,0,0,0,0,0,0.0116279069767442,0,0,0,0,0,0.0143884892086331,0,0,0,0,0,0,0,0,0,0,0,0,0.00892857142857143,0,0,0,0,0,0,0,0,0,0,0,0.00909090909090909,0,0,0.0151515151515152,0,0,0,0,0,0,0,0,0,0,0,0,0,0,0,0,0,0,0,0,0,0,0,0,0,0,0,0,0,0,0,0,0,0,0,0,0,0.0384615384615385,0,0,0,0,0,0.0327868852459016,0,0,0,0,0.0123456790123457,0,0,0,0,0,0,0,0.00925925925925926,0,0,0,0,0,0,0,0,0,0,0,0,0,0,0,0,0,0,0,0,0,0,0,0,0,0,0,0,0,0,0,0,0,0,0,0,0,0,0,0,0,0,0,0.00321543408360129,0,0.0714285714285714,0,0,0,0,0,0,0,0,0,0,0,0,0,0,0,0,0,0,0,0,0,0,0,0,0,0,0,0,0,0,0,0,0.0833333333333333,0,0,0,0,0,0,0,0,0,0,0,0,0,0,0,0,0,0,0,0,0,0,0,0,0,0,0,0,0,0,0,0,0,0,0,0,0,0,0,0,0,0,0,0,0,0,0,0,0,0,0
0,0,0,0,0,0,0,0,0,0,0,0,0,0,0,0,0,0,0,0,0,0,0,0,0,0,0,0,0,0,0,0,0,0,0,0,0,0,0,0.00641025641025641,0,0,0,0,0,0,0,0,0,0,0,0,0,0,0,0,0,0,0,0,0,0,0,0,0,0,0,0,0,0,0,0,0,0,0,0,0,0,0,0,0,0,0,0,0,0,0,0,0,0,0,0,0,0,0,0,0,0,0,0,0,0,0,0,0,0,0,0,0,0,0,0,0,0,0,0,0,0,0,0,0,0,0,0,0,0,0,0,0,0,0,0,0,0,0,0,0,0,0,0,0,0,0,0,0,0,0,0,0,0,0,0,0,0,0,0,0,0,0,0.0104166666666667,0,0,0,0,0,0,0,0,0,0,0,0,0,0,0,0,0,0,0,0,0,0,0,0,0,0,0,0,0,0,0,0,0,0,0,0,0,0,0,0,0,0,0,0,0,0,0,0,0,0,0,0,0,0,0,0,0.00645161290322581,0,0,0,0,0,0,0,0,0,0,0,0,0,0,0,0,0,0,0,0,0,0,0,0,0.0163934426229508,0,0,0,0,0,0,0,0,0,0,0,0,0,0,0,0,0,0,0,0,0,0,0,0,0,0,0,0,0,0,0,0,0,0,0,0,0,0,0,0,0,0,0,0,0,0,0,0,0,0,0,0,0,0,0,0,0,0,0,0,0,0,0,0,0,0,0,0,0,0,0,0,0
0,0,0,0,0,0,0,0,0,0,0.0555555555555556,0,0,0,0,0.00869565217391304,0,0,0,0,0,0,0,0,0.00383141762452107,0,0.0136986301369863,0,0,0,0,0,0,0,0,0,0,0.0212765957446809,0,0,0,0,0,0,0,0,0,0,0,0,0,0,0.0134228187919463,0.0294117647058824,0.00196850393700787,0,0,0,0,0.024390243902439,0,0.0217391304347826,0,0,0,0,0,0,0,0,0,0,0,0.0481927710843374,0,0,0,0,0,0,0,0,0,0.00934579439252336,0,0,0.0136986301369863,0.0112994350282486,0,0,0,0,0,0,0.0240963855421687,0.04,0,0,0,0,0,0,0,0,0,0.037037037037037,0,0,0,0,0,0,0.00840336134453781,0,0,0,0,0,0,0,0,0,0,0.0555555555555556,0.00854700854700855,0,0,0,0,0,0,0,0,0,0,0,0,0,0,0,0,0,0,0,0.05,0,0,0,0,0,0,0.0444444444444444,0.0161290322580645,0,0.0230769230769231,0,0,0,0,0,0,0,0,0,0.0120481927710843,0.0303030303030303,0.0178571428571429,0,0,0,0.00826446280991736,0,0,0,0,0,0.00396825396825397,0,0,0,0,0,0.0222222222222222,0.0384615384615385,0.0175438596491228,0,0,0,0,0,0,0,0,0,0,0,0,0,0,0,0,0.0217391304347826,0.0294117647058824,0,0,0,0,0,0,0,0,0.0434782608695652,0,0.0151515151515152,0,0,0,0,0,0,0,0,0,0,0,0.0476190476190476,0.0078740157480315,0,0.00949367088607595,0.0136986301369863,0,0,0,0.133333333333333,0,0,0,0,0,0.0235294117647059,0,0,0,0,0,0,0.00740740740740741,0,0,0,0,0,0,0,0,0,0.0333333333333333,0,0,0,0.0161290322580645,0,0.037037037037037,0,0,0.027027027027027,0,0,0,0,0,0,0,0,0.0425531914893617,0,0,0,0,0,0.0211267605633803,0,0,0,0,0,0,0,0,0,0.0555555555555556,0,0,0,0.0555555555555556,0,0,0,0,0,0,0,0,0,0,0,0,0,0,0.0444444444444444,0,0,0,0.0196078431372549,0
0.0194805194805195,0,0,0,0,0,0.0777777777777778,0.00568181818181818,0,0,0,0.0677966101694915,0.070048309178744,0.0205479452054795,0,0,0.00769230769230769,0,0.0318471337579618,0,0.0515021459227468,0,0,0,0,0,0,0,0,0.00465116279069767,0.0137931034482759,0,0.146666666666667,0,0,0.0569105691056911,0.035,0,0,0,0,0.0803212851405622,0,0,0,0,0.0065359477124183,0,0,0.0596330275229358,0,0,0,0,0,0,0.0078125,0.0127388535031847,0,0,0,0,0,0,0.0615384615384615,0.0142857142857143,0.0578034682080925,0.0330578512396694,0,0.0533980582524272,0,0,0,0,0,0,0,0,0,0.0217391304347826,0,0,0.0711462450592885,0,0,0,0,0,0.0340136054421769,0,0.0357142857142857,0,0,0,0,0,0.037037037037037,0.00662251655629139,0,0,0.00471698113207547,0.00689655172413793,0,0,0,0,0,0,0.00704225352112676,0,0,0,0,0,0.00680272108843537,0,0,0,0.00671140939597315,0,0,0.0245398773006135,0,0,0,0,0,0,0,0,0.0222222222222222,0,0,0.0555555555555556,0.015625,0.00657894736842105,0,0,0,0,0,0,0,0,0,0,0,0,0,0,0.0503875968992248,0,0,0.0408163265306122,0,0,0.00662251655629139,0,0,0.0276497695852535,0.0581039755351682,0.0108108108108108,0,0,0,0,0,0,0,0,0,0,0,0,0,0,0,0.0282485875706215,0,0,0,0,0,0,0,0,0,0,0.0830324909747292,0.0072463768115942,0.0491803278688525,0,0,0,0.038961038961039,0.0142857142857143,0,0.0301507537688442,0.0392670157068063,0,0.0608108108108108,0,0,0,0.0162162162162162,0.0293040293040293,0,0,0.016,0.028169014084507,0,0,0,0,0,0,0,0,0,0.0289256198347107,0,0.00689655172413793,0,0,0,0,0,0,0,0,0,0,0,0,0.00680272108843537,0,0,0,0,0,0,0,0,0,0,0,0,0,0,0,0,0,0.00571428571428571,0,0,0,0,0,0,0,0,0,0,0,0,0,0,0,0,0,0,0,0,0,0,0,0,0,0,0,0,0,0,0,0,0,0,0,0,0,0,0,0,0,0,0,0,0,0.0075187969924812,0,0.0674846625766871,0,0,0,0,0,0.0341880341880342,0.0204081632653061,0,0,0,0.0497512437810945,0,0,0.0144927536231884
0.0431654676258993,0,0,0,0,0,0.0488721804511278,0,0,0,0,0.0714285714285714,0.0435835351089588,0.0148148148148148,0,0,0,0,0.0273972602739726,0,0.0542986425339367,0,0,0,0,0,0,0,0,0.02,0.0305343511450382,0,0.0191082802547771,0,0,0.0333333333333333,0.0317460317460317,0,0,0,0,0.0532786885245902,0,0,0,0,0.00709219858156028,0,0,0.0735294117647059,0,0,0,0,0,0,0.00862068965517241,0.00684931506849315,0,0,0,0,0,0,0.015625,0.015625,0.0301204819277108,0.272727272727273,0,0.0353535353535354,0,0.00833333333333333,0.00769230769230769,0,0,0.008,0,0,0,0.0292397660818713,0.00862068965517241,0,0.065843621399177,0,0,0,0,0,0.0144927536231884,0,0.0125,0,0,0,0,0,0.012987012987013,0.0144927536231884,0,0,0.005,0.0075187969924812,0,0.0158730158730159,0,0,0,0,0.00769230769230769,0,0,0,0,0,0.0149253731343284,0,0,0.0173913043478261,0.0222222222222222,0,0,0.0130718954248366,0,0,0,0,0,0,0,0,0,0,0,0.0434782608695652,0.00854700854700855,0.00714285714285714,0,0,0,0,0,0,0,0,0,0,0,0,0,0,0.0318725099601594,0,0,0.0158730158730159,0,0,0.00719424460431655,0,0,0.0292682926829268,0.0340557275541796,0.0174418604651163,0,0,0,0,0,0,0,0,0,0,0,0,0.0078125,0,0,0.0625,0,0,0,0,0,0,0,0,0,0,0.0510948905109489,0,0.0382978723404255,0,0,0,0.027027027027027,0.015625,0,0.0489130434782609,0.046195652173913,0.0220588235294118,0.0551724137931034,0,0,0,0.0538922155688623,0.0426356589147287,0,0,0.025,0.0298507462686567,0,0,0,0,0.0161290322580645,0,0,0,0,0.021551724137931,0,0,0,0,0.008,0,0,0,0.00726392251815981,0,0,0,0,0,0,0,0,0,0,0,0,0,0,0,0,0,0,0,0,0,0,0,0,0,0,0,0,0,0,0,0,0,0,0,0,0,0,0,0,0,0,0,0,0.0050761421319797,0,0,0,0,0,0,0,0,0,0,0,0,0,0,0,0,0,0,0,0,0,0,0,0,0.0166666666666667,0,0.0700636942675159,0,0,0,0,0.0341880341880342,0,0.0222222222222222,0,0,0,0.0473684210526316,0,0,0.0078740157480315
0,0,0,0,0,0.0357142857142857,0.0274725274725275,0.0138888888888889,0,0,0,0.0277777777777778,0.0119402985074627,0,0,0,0,0,0.0357142857142857,0,0.00714285714285714,0.00537634408602151,0,0,0,0,0,0,0,0.0181818181818182,0,0,0.0303030303030303,0,0,0.04,0.03,0,0,0,0,0.0443037974683544,0,0,0,0,0,0.00884955752212389,0,0,0,0,0,0,0,0,0,0,0.0222222222222222,0,0,0,0,0,0.03,0.027027027027027,0,0.00689655172413793,0,0.0272727272727273,0,0,0.0263157894736842,0,0,0,0,0,0,0.037037037037037,0,0.00840336134453781,0.0121212121212121,0,0,0,0,0,0,0,0,0,0,0,0,0,0.0158730158730159,0.0212765957446809,0,0,0,0,0,0,0,0,0,0,0,0,0,0,0,0,0,0,0,0,0,0,0,0,0,0,0,0,0,0,0,0,0.0303030303030303,0,0,0.0163934426229508,0,0,0,0,0,0,0,0,0,0,0,0,0,0,0.0357142857142857,0,0,0,0,0.0101010101010101,0,0,0,0,0,0,0.00833333333333333,0.0246913580246914,0,0,0,0,0,0,0,0,0,0,0,0,0,0,0,0,0,0,0,0,0,0,0,0,0,0,0,0.0294117647058824,0,0,0,0,0.00740740740740741,0,0,0,0.0209059233449477,0,0.0110192837465565,0,0,0,0,0.0172413793103448,0,0,0.0036231884057971,0.036036036036036,0,0,0,0,0,0,0,0,0,0.0211267605633803,0,0.024390243902439,0,0,0,0,0,0,0,0,0,0,0,0,0,0,0,0,0,0,0,0,0,0,0,0,0,0,0,0,0,0,0,0,0,0,0,0,0,0,0,0,0,0,0,0,0,0,0,0,0,0,0,0,0,0,0,0,0,0,0,0,0,0,0,0,0,0,0,0,0,0,0,0,0,0,0,0,0,0,0.00826446280991736,0,0,0,0,0.0204081632653061,0.0222222222222222,0,0,0,0.0101010101010101,0.019047619047619,0,0,0
0,0,0,0,0,0,0.0178571428571429,0,0,0,0,0.00763358778625954,0.0031055900621118,0,0,0,0,0,0,0,0.00806451612903226,0,0,0,0,0,0,0,0,0,0,0,0,0,0,0,0,0,0,0,0,0,0,0,0,0,0,0,0,0,0,0,0,0,0,0,0,0,0,0,0,0,0,0,0,0,0,0,0,0,0,0,0,0,0,0,0,0,0,0,0,0,0.00666666666666667,0,0,0,0,0,0,0,0,0,0,0,0,0,0,0,0,0,0,0,0,0,0,0,0,0,0,0,0,0,0,0,0,0,0,0,0,0,0,0,0,0,0,0,0,0,0,0,0,0,0,0.00934579439252336,0,0,0,0,0,0,0,0,0,0,0,0,0,0,0,0,0.00666666666666667,0,0,0.0120481927710843,0,0,0,0,0,0,0,0,0,0,0,0,0,0,0,0,0,0,0,0,0,0,0,0,0,0,0,0,0,0,0,0,0,0,0.0169491525423729,0,0.00740740740740741,0,0,0,0.00840336134453781,0,0,0,0,0,0.00285714285714286,0,0,0,0,0,0,0,0.00384615384615385,0,0,0,0,0,0,0,0,0,0,0,0,0,0,0,0,0,0,0,0,0,0,0,0,0,0,0,0,0,0,0,0,0,0,0,0,0,0,0,0,0,0,0,0,0,0,0,0,0,0,0,0,0,0,0,0,0,0,0,0,0,0,0,0,0,0,0,0,0,0,0,0,0,0,0,0,0,0,0,0,0,0,0,0,0,0,0,0,0,0,0,0.00440528634361234,0,0,0,0,0,0,0,0,0,0,0,0,0,0
0,0.032258064516129,0,0,0,0,0,0,0,0,0,0,0,0,0,0.0167364016736402,0,0,0,0,0,0,0,0,0.00367647058823529,0,0.00865800865800866,0.0235294117647059,0,0,0,0,0,0,0,0,0,0.0388349514563107,0,0,0,0,0,0,0,0,0,0,0.0294117647058824,0,0,0,0.0062111801242236,0,0.00580270793036751,0,0,0,0,0.0106382978723404,0,0.0133333333333333,0,0,0,0,0,0,0,0,0,0,0,0.0208333333333333,0,0,0,0,0,0,0,0,0,0.00442477876106195,0,0,0.0119047619047619,0,0,0,0,0,0,0,0.0434782608695652,0,0,0,0,0,0,0,0,0,0,0,0,0,0,0,0,0,0.031496062992126,0,0,0,0,0,0,0.0298507462686567,0.0344827586206897,0,0.021505376344086,0,0.015748031496063,0,0,0,0,0,0,0,0,0,0,0,0,0.0454545454545455,0,0,0,0.00833333333333333,0.0121951219512195,0,0,0,0.0344827586206897,0,0,0,0,0.0294117647058824,0.0136986301369863,0,0.0212765957446809,0,0,0,0,0,0,0,0,0,0.021505376344086,0,0.016260162601626,0,0,0.0333333333333333,0,0,0,0,0,0,0,0,0,0,0,0,0.0178571428571429,0.010989010989011,0,0,0.0175438596491228,0,0,0,0,0,0,0,0,0,0.0172413793103448,0,0,0,0,0.0292887029288703,0.0319148936170213,0,0,0,0,0,0,0,0,0,0,0.04,0,0,0,0,0,0,0,0,0,0,0,0,0.0373134328358209,0,0.00303951367781155,0,0,0,0,0.0465116279069767,0,0,0,0,0,0.0103092783505155,0,0,0,0,0,0,0.00684931506849315,0,0,0,0,0.0235294117647059,0,0,0,0.0217391304347826,0.05,0,0,0.0344827586206897,0.072463768115942,0,0.181818181818182,0,0.0303030303030303,0.0208333333333333,0,0.0434782608695652,0,0,0.0277777777777778,0,0,0.00900900900900901,0,0,0,0,0,0,0.00645161290322581,0,0,0.0344827586206897,0,0,0,0,0,0,0,0,0,0,0,0,0,0,0,0,0,0,0,0,0.0444444444444444,0,0,0,0,0,0,0,0.0161290322580645,0.00602409638554217,0
0,0,0,0,0,0.0121951219512195,0,0.016,0.0895522388059701,0,0,0,0,0,0,0,0,0.0206185567010309,0.00900900900900901,0,0,0.0807174887892377,0.0604395604395604,0,0,0,0,0,0,0.0573248407643312,0,0.025,0,0,0.0232558139534884,0,0,0,0,0.0401785714285714,0,0,0.040650406504065,0,0.0625,0.012987012987013,0.00970873786407767,0.0700636942675159,0,0,0,0,0,0,0,0.0116279069767442,0,0,0.0309278350515464,0,0,0,0,0,0,0,0,0,0.010752688172043,0,0,0,0,0,0,0.0114942528735632,0.010989010989011,0.0178571428571429,0,0,0,0.0807453416149068,0.027906976744186,0,0,0,0,0,0,0,0,0,0,0,0,0,0,0,0,0,0.0448717948717949,0,0.00892857142857143,0,0,0,0,0,0,0,0,0,0,0,0,0,0,0,0.0101010101010101,0,0,0,0,0,0,0,0,0,0,0,0,0,0,0,0,0.0198019801980198,0,0,0.0126582278481013,0,0,0,0,0,0,0,0,0.0353982300884956,0.0121951219512195,0,0,0.00657894736842105,0.00826446280991736,0,0.00523560209424084,0,0,0,0,0,0,0,0.0204081632653061,0,0,0,0,0.021505376344086,0,0,0,0,0,0,0,0,0,0,0,0.010989010989011,0,0,0,0,0,0,0,0,0,0,0,0,0,0,0,0,0,0,0.00579710144927536,0,0,0,0,0,0,0.00434782608695652,0,0,0.0184615384615385,0,0,0,0,0,0,0,0.0357142857142857,0,0,0,0,0,0,0.0217391304347826,0,0,0,0,0,0,0,0,0,0,0,0,0,0,0.0169491525423729,0,0,0.037593984962406,0,0,0.05,0,0,0,0,0,0,0.00746268656716418,0.0161290322580645,0,0,0,0,0,0,0,0,0,0,0,0,0,0,0,0,0,0,0,0,0,0,0,0,0,0,0,0,0,0,0,0,0,0,0,0,0,0,0,0,0,0,0,0,0,0,0.0485436893203883,0,0,0,0,0,0,0,0.0101010101010101,0,0,0,0,0,0,0
0,0,0,0,0,0,0.0376569037656904,0,0,0,0,0.0346534653465347,0.0335917312661499,0.164835164835165,0,0,0,0,0.0258620689655172,0,0.0412371134020619,0,0.0101010101010101,0,0,0,0,0,0,0.00581395348837209,0.00970873786407767,0,0.0078125,0,0,0.00930232558139535,0.0379746835443038,0,0,0.00840336134453781,0,0.036697247706422,0,0,0,0,0.018348623853211,0.00574712643678161,0,0.0386740331491713,0.0111111111111111,0,0,0,0,0,0,0,0.00943396226415094,0,0,0,0,0,0.0379746835443038,0,0.0144927536231884,0.00975609756097561,0,0.0116279069767442,0,0,0,0,0,0,0,0,0,0.0283687943262411,0,0.0111731843575419,0.0604651162790698,0,0,0,0,0,0,0,0.00769230769230769,0,0,0,0,0,0.0416666666666667,0.0186915887850467,0,0,0.00591715976331361,0,0,0.0104166666666667,0,0,0,0,0.0101010101010101,0,0,0,0,0,0,0,0,0,0,0,0,0.0247933884297521,0,0,0,0,0,0,0,0,0,0,0,0.0109289617486339,0,0,0,0,0,0,0,0,0,0,0,0,0,0,0,0,0.0224215246636771,0.00628930817610063,0,0.032051282051282,0,0,0.0186915887850467,0,0,0.00558659217877095,0.0133779264214047,0.0140845070422535,0,0,0,0,0,0,0,0,0,0,0,0,0,0,0,0.0610687022900763,0,0,0,0,0,0,0,0,0,0,0.0576131687242798,0,0.0240384615384615,0,0,0,0.0154639175257732,0.0206185567010309,0,0.0384615384615385,0.023121387283237,0,0.026378896882494,0,0,0,0.0211267605633803,0.0347826086956522,0,0,0.0336391437308868,0.0352941176470588,0,0,0,0,0,0,0,0,0,0.03,0,0.0198019801980198,0,0,0,0,0,0,0,0,0,0,0,0,0,0,0,0,0,0,0,0,0,0,0,0,0,0,0,0,0,0,0,0,0,0,0,0,0,0,0,0,0,0,0,0,0,0,0,0,0,0,0,0,0,0,0,0,0,0,0,0,0,0,0,0,0,0,0,0,0,0,0,0,0,0,0,0,0.0111111111111111,0.0087719298245614,0.020066889632107,0,0,0,0,0.0497512437810945,0.0473684210526316,0.019047619047619,0,0,0,0,0,0,0.0210526315789474
0,0,0.00341296928327645,0,0.00662251655629139,0,0,0,0,0,0,0,0,0,0,0.00813008130081301,0,0,0,0,0,0,0,0.0263157894736842,0.0072463768115942,0,0.0214592274678112,0,0.0172413793103448,0,0,0,0,0,0,0,0,0.037037037037037,0,0,0.0238095238095238,0,0,0,0,0,0,0,0.0135135135135135,0,0,0,0.0182926829268293,0,0.00382409177820268,0,0,0,0,0.0309278350515464,0.0185185185185185,0.0261437908496732,0,0,0,0,0,0,0,0,0,0,0,0.0510204081632653,0,0,0,0,0,0,0,0,0,0.0175438596491228,0,0,0.0112359550561798,0.0317460317460317,0,0,0,0,0,0,0.01,0,0,0,0,0,0,0,0,0,0,0,0,0.0294117647058824,0,0,0,0.025,0.0381679389312977,0,0,0,0,0,0,0.0277777777777778,0,0,0.0204081632653061,0,0.0229007633587786,0,0,0.0112359550561798,0,0,0,0.00826446280991736,0.0465116279069767,0,0,0,0,0.0571428571428571,0,0,0,0.008,0.0232558139534884,0,0,0,0,0,0,0,0,0.0280373831775701,0.0128205128205128,0,0.041958041958042,0.0204081632653061,0,0,0,0,0,0,0,0,0.0416666666666667,0,0,0,0,0,0,0,0,0,0,0,0.0150943396226415,0,0,0,0.0222222222222222,0,0.0333333333333333,0,0,0,0.0327868852459016,0.00735294117647059,0,0,0,0,0.0277777777777778,0,0,0,0,0,0,0,0,0.0502092050209205,0.0277777777777778,0,0,0,0.0294117647058824,0,0,0,0,0,0,0.0375,0,0,0,0,0,0,0,0,0,0,0,0,0.0212765957446809,0.0363636363636364,0.00903614457831325,0.0344827586206897,0,0,0,0,0,0,0,0,0,0.0404040404040404,0,0,0,0,0,0,0,0,0,0,0,0.0222222222222222,0,0,0,0.0196078431372549,0,0,0,0,0.0128205128205128,0,0,0,0,0,0,0,0,0,0,0,0.00490196078431373,0.0173913043478261,0,0.0238095238095238,0,0,0,0,0.0125786163522013,0,0,0,0,0,0,0,0,0,0,0,0,0,0,0,0,0,0,0,0,0,0,0,0,0,0,0,0,0.0161290322580645,0,0,0,0.0177514792899408,0
0,0,0.0205128205128205,0.0138888888888889,0.0199203187250996,0,0,0,0,0,0,0,0,0,0,0.032258064516129,0,0,0,0,0,0,0,0,0.0213903743315508,0.0185185185185185,0.0426829268292683,0.0155440414507772,0.0124223602484472,0,0,0,0,0,0,0,0,0.136842105263158,0.0346020761245675,0,0.00684931506849315,0,0,0,0,0,0,0,0.0170454545454545,0,0,0.00952380952380952,0.0343511450381679,0.00649350649350649,0.0362438220757825,0,0,0,0,0.0303030303030303,0.00632911392405063,0.0398406374501992,0,0,0,0,0,0,0,0,0.0197183098591549,0,0,0.035,0,0,0,0,0.0136363636363636,0,0,0,0,0.0434782608695652,0,0,0.00518134715025907,0.0491228070175439,0,0,0,0,0.0175438596491228,0.014218009478673,0,0,0,0,0,0.0225,0,0,0,0,0,0,0,0,0,0.00714285714285714,0,0.013986013986014,0.0212765957446809,0.00613496932515337,0,0,0,0,0,0.00564971751412429,0.0072463768115942,0,0.02,0,0.0672645739910314,0,0,0.00518134715025907,0,0,0,0.00444444444444444,0,0,0,0,0,0.0229885057471264,0,0,0.0108108108108108,0.031390134529148,0.0158730158730159,0,0,0,0,0,0,0,0,0.0239234449760766,0,0,0.0585774058577406,0.0131578947368421,0,0,0,0,0,0,0,0.00555555555555556,0.02,0.0065359477124183,0.0173913043478261,0,0,0,0.0386266094420601,0,0,0,0,0,0.0303867403314917,0,0,0,0,0,0.0246913580246914,0.0151515151515152,0.0128755364806867,0,0.0121212121212121,0.025531914893617,0,0,0,0,0,0,0,0,0.0306748466257669,0,0,0,0,0.0502958579881657,0.0610079575596817,0,0,0,0,0,0,0,0,0,0,0.0218579234972678,0,0,0,0,0,0,0,0,0,0,0,0,0.0163934426229508,0,0.00919540229885057,0.0777777777777778,0,0,0.00531914893617021,0.0065359477124183,0,0,0,0,0,0.137362637362637,0,0,0.00714285714285714,0,0,0,0.0281124497991968,0,0.00641025641025641,0,0,0.0155440414507772,0,0,0,0.00645161290322581,0,0,0.0137931034482759,0,0.0397727272727273,0,0,0,0,0,0,0,0.00680272108843537,0,0,0,0.00651465798045603,0,0.00595238095238095,0,0,0,0,0,0.0392156862745098,0,0,0,0,0,0,0.00564971751412429,0,0,0,0.00699300699300699,0,0,0,0,0,0,0,0,0,0,0,0,0.0196078431372549,0,0,0,0,0.00602409638554217,0,0,0.0177514792899408,0,0
0,0,0,0,0,0,0.0114285714285714,0,0,0,0,0.0072992700729927,0.00611620795107034,0,0,0,0,0,0,0,0.0234375,0,0,0,0,0,0,0,0,0.0099009900990099,0,0,0.0175438596491228,0,0,0,0,0,0,0,0,0,0,0,0,0,0,0,0,0.0263157894736842,0,0,0,0,0,0,0,0.0227272727272727,0,0,0,0,0,0,0,0.037037037037037,0.0298507462686567,0.0225563909774436,0,0.0198019801980198,0,0,0,0,0,0,0,0,0,0,0,0,0.0129032258064516,0,0,0,0,0,0.0857142857142857,0,0,0,0,0,0,0,0,0,0,0,0,0,0,0.04,0,0,0,0,0,0,0,0,0,0,0,0,0,0,0,0,0,0,0,0,0,0,0,0,0,0,0,0,0,0.00884955752212389,0,0,0,0,0,0,0,0,0,0,0,0,0,0,0,0,0.0194805194805195,0,0,0.0344827586206897,0,0,0,0,0,0,0.0131004366812227,0,0,0,0,0,0,0,0,0,0,0,0,0,0,0,0,0.0149253731343284,0,0,0,0,0,0,0,0,0,0,0.0108695652173913,0,0.0142857142857143,0,0,0,0,0,0,0.0111111111111111,0,0,0.00847457627118644,0,0,0,0,0,0,0,0.0037593984962406,0.00961538461538462,0,0,0,0,0,0,0,0,0,0,0,0,0,0,0,0,0,0,0,0,0,0,0,0,0.0303030303030303,0,0,0,0,0,0,0,0,0,0,0,0,0,0,0,0,0,0,0,0,0,0,0,0,0,0,0,0,0,0,0,0,0,0,0,0,0,0,0,0,0,0,0,0,0,0,0,0,0,0,0,0,0,0,0,0,0,0,0,0,0,0,0,0,0,0.0173913043478261,0,0,0,0,0.0144927536231884,0.0078740157480315,0,0,0,0,0.0210526315789474,0,0,0
