"batch","feather_id","feather_id_new","feather_year_sampled","feather_date","box","JID","BTO","feather_length","feather_weight","extraction_weight_g","extraction_weight_mg","extraction_volume_ml","evaporation_volume_ml","assaybuffer_ml","dilution","CORT_pg.mL","CORT_pg.dL","CORT_pg.mg","CORT_pg.mg.1","site","sex","bite","box_year","feather_year_grown","year_diff","age_2022","age","JID_year_before","JID_year_grown","JID_year_sampled","tarsus_year_before","weight_year_before","tarsus_year_grown","weight_year_grown","tarsus_year_sampled","weight_year_sampled","tarsus","weight","box_grown","box_grown_year","box_owner_grown","partner_yr_before","partner_yr_grown","partner_yr_sampled","pair_ID_yr_before","pair_ID","pair_ID_year","pbvid","body_cond","body_cond_binary","body_cond_binary_num","sex_num","pbvid_mean","pair_ID2","box_density","box_density_cat","mean_tarsus","pair_ID_year2","mean_weight","mean_body_cond","pair_ID_yr_sampled2","feather_year_before","pair_ID_yr_before2","pbvid_mean_yr_before","pbvid_mean_yr_grown","pbvid_mean_yr_sampled","paired_year","repaired_year","feather_year_grown_paired","feather_year_grown_repaired","partner_samediff1","partner_samediff2","partner_samediff3","partner_same","disturbance","body_cond_early","brood_size_early","site_early","site_change","body_cond_c","age_c","body_cond_noNA","pair_ID_yr_sampled","pbvid_mean_c","clutch_size_yr_grown","fledge_nr_yr_grown","fledge_weight_yr_grown","clutch_size_yr_sampled","fledge_nr_yr_sampled","fledge_weight_yr_sampled","fledge_nr","fledge_weight","body_cond_z","age_z"
"A",1,"A1",2014,"11/06/2014","Z34","J833","EY69664",11.8,0.0987,0.0779,77.9,3,2,0.25,1,681.5,0.0682,3.28,3.28,"Z","M",1,"Z34_2014","2013",9,11,2,"J833_2012","J833_2013","J833_2014",NA,NA,NA,NA,43.8,265.5,43.8,265.5,NA,"NA_2013","non-owner",NA,NA,"J797",NA,NA,"NA_2013",NA,24.552525915785,"positive",1,1,NA,NA,NA,NA,44.425,"NA_2013",253.65,9.46454990059181,"J797J833_2014",2012,"NA_2012",NA,NA,NA,NA,2015,NA,-2,1,1,1,3,NA,NA,NA,NA,NA,24.5654874498099,-2.85542168674699,24.552525915785,"J797 J833",NA,NA,NA,NA,5,2,482,2,482,1.48777046147068,-1.22498221450294
"A",2,"A2",2013,"22/05/2013","Z06","J241","EY40903",11.7,0.0912,0.0708,70.8,3,1.5,0.25,1,615.5,0.0616,4.35,4.35,"Z","F",NA,"Z06_2013","2012",10,12,2,"J241_2011","J241_2012","J241_2013",NA,NA,NA,NA,44.5,219.1,44.5,219.1,NA,"NA_2012","non-owner",NA,NA,"J271",NA,NA,"NA_2012",NA,-26.6069522008724,"negative",0,0,NA,NA,NA,NA,43.45,"NA_2012",223,-14.1179844396803,"J241J271_2013",2011,"NA_2011",NA,NA,NA,NA,NA,NA,NA,1,1,1,3,NA,NA,NA,NA,NA,-26.5939906668475,-2.85542168674699,-26.6069522008724,"J241 J271",NA,NA,NA,NA,5,2,438.2,2,438.2,-1.61062359733753,-1.22498221450294
"A",3,"A3",2014,"18/05/2014","Y31","J792","EY69524",11.3,0.085,0.0798,79.8,3,2,0.25,1,664.6,0.0665,3.12,3.12,"Y","F",NA,"Y31_2014","2013",9,11,2,"J792_2012","J792_2013","J792_2014",NA,NA,NA,NA,40.1,196.5,40.1,196.5,NA,"NA_2013","non-owner",NA,NA,"UNMARKED",NA,NA,"NA_2013",NA,-19.2902326104584,"negative",0,0,NA,NA,NA,NA,40.325,"NA_2013",200.55,-13.9158509148963,"J792UNMARKED_2014",2012,"NA_2012",NA,NA,NA,NA,2017,NA,-4,1,1,1,3,NA,NA,NA,NA,NA,-19.2772710764335,-2.85542168674699,-19.2902326104584,"J792 UNMARKED",NA,NA,NA,NA,5,2,482.2,2,482.2,-1.16749787863472,-1.22498221450294
"A",4,"A4",2014,"12/06/2014","Y30","J834","EY69665",11.5,0.0776,0.0721,72.1,3,2,0.25,1,578.5,0.0579,3.01,3.01,"Y","F",NA,"Y30_2014","2013",9,11,2,"J834_2012","J834_2013","J834_2014",NA,NA,NA,NA,44,214.7,44,214.7,NA,"NA_2013","non-owner",NA,NA,"J460",NA,NA,"NA_2013",NA,-27.607324974689,"negative",0,0,0.062041610165,NA,NA,NA,43.9,"NA_2013",211.65,-28.7298916672491,"J834J460_2014",2012,"NA_2012",NA,NA,0.062041610165,NA,NA,NA,NA,1,1,1,3,NA,NA,NA,NA,NA,-27.5943634406641,-2.85542168674699,-27.607324974689,"J834 J460",-0.0173606569487624,NA,NA,NA,2,2,414.3,2,414.3,-1.67120961527772,-1.22498221450294
"A",5,"A5",2013,"20/06/2013","Y28","J361","EY40559",12.1,0.1016,0.0906,90.6,3,2,0.25,1,647.4,0.0647,2.68,2.68,"Y","M",NA,"Y28_2013","2012",10,12,2,"J361_2011","J361_2012","J361_2013",NA,NA,NA,NA,45.4,231.8,45.4,231.8,NA,"NA_2012","non-owner",NA,NA,NA,NA,NA,"NA_2012",NA,-20.0262812080026,"negative",0,1,NA,NA,NA,NA,44.3666666666667,"NA_2012",240.733333333333,-3.02927694028348,"NA_2013",2011,"NA_2011",NA,NA,NA,NA,2016,NA,-4,1,1,1,3,NA,NA,NA,NA,NA,-20.0133196739777,-2.85542168674699,-20.0262812080026,"NA J361",NA,NA,NA,NA,NA,NA,NA,NA,NA,-1.21207551479482,-1.22498221450294
"A",6,"A6",2014,"19/05/2014","Y23","J793","EY69525",9.8,0.0689,0.0786,78.6,3,2,0.25,1,524,0.0524,2.5,2.5,"Y","F",NA,"Y23_2014","2013",9,11,2,"J793_2012","J793_2013","J793_2014",NA,NA,NA,NA,43,237.8,43,237.8,NA,"NA_2013","non-owner",NA,NA,NA,NA,NA,"NA_2013",NA,2.29192947767781,"positive",1,0,NA,NA,NA,NA,43,"NA_2013",240.133333333333,6.27725612122202,"NA_2014",2012,"NA_2012",NA,NA,NA,NA,NA,NA,NA,1,1,1,3,NA,NA,NA,NA,NA,2.30489101170267,-2.85542168674699,2.29192947767781,"J793 NA",NA,NA,NA,NA,5,3,726.9,3,726.9,0.13959213189344,-1.22498221450294
"A",7,"A7",2014,"09/06/2014","Y12","J830","EY69661",12.5,0.106,0.0917,91.7,3,2,0.25,1,819.2,0.0819,3.35,3.35,"Y","M",NA,"Y12_2014","2013",9,11,2,"J830_2012","J830_2013","J830_2014",NA,NA,NA,NA,45.1,251.4,45.1,251.4,NA,"NA_2013","non-owner",NA,NA,"J794",NA,NA,"NA_2013",NA,1.61349512770745,"positive",1,1,0.00881606457,NA,NA,NA,45.1,"NA_2013",251.4,2.32168905923391,"J794J830_2014",2012,"NA_2012",NA,NA,0.00881606457,NA,NA,NA,NA,1,1,1,3,NA,NA,NA,NA,NA,1.62645666173231,-2.85542168674699,1.61349512770745,"J794 J830",-0.0705862025437624,NA,NA,NA,4,2,512.1,2,512.1,0.0985038128444003,-1.22498221450294
"A",8,"A8",2013,"17/06/2013","Y09","J314","EY40512",11.5,0.0937,0.09,90,3,2,0.25,1,685,0.0685,2.85,2.85,"Y","M",NA,"Y09_2013","2012",10,12,2,"J314_2011","J314_2012","J314_2013",NA,NA,NA,NA,45.2,230.5,45.2,230.5,NA,"NA_2012","non-owner",NA,NA,NA,NA,NA,"NA_2012",NA,-19.9664303175292,"negative",0,1,NA,NA,NA,NA,45.25,"NA_2012",230.95,-19.2156133499557,"NA_2013",2011,"NA_2011",NA,NA,NA,NA,2017,NA,-5,1,1,1,3,NA,NA,NA,NA,NA,-19.9534687835043,-2.85542168674699,-19.9664303175292,"NA J314",NA,NA,NA,NA,NA,NA,NA,NA,NA,-1.20845073889241,-1.22498221450294
"A",9,"A9",2013,"13/06/2013","Y07","J290","EY40986",11.1,0.0824,0.0729,72.9,3,2,0.25,1,446,0.0446,2.29,2.29,"Y","M",NA,"Y07_2013","2012",10,12,2,"J290_2011","J290_2012","J290_2013",NA,NA,NA,NA,45.8,247.2,45.8,247.2,NA,"NA_2012","non-owner",NA,NA,"J250",NA,NA,"NA_2012",NA,-7.34598298894932,"negative",0,1,NA,NA,NA,NA,44.94,"NA_2012",241.233333333333,-6.68518837096382,"J250J290_2013",2011,"NA_2011",NA,NA,NA,NA,NA,NA,NA,1,1,1,3,NA,NA,NA,NA,NA,-7.33302145492446,-2.85542168674699,-7.34598298894932,"J250 J290",NA,NA,NA,NA,3,2,442.4,2,442.4,-0.444113015720019,-1.22498221450294
"A",11,"A11",2016,"27/05/2016","Z43","J36","EY40828",12,0.0941,0.0857,85.7,3,2,0.25,1,888.8,0.0889,3.89,3.89,"Z","F",NA,"Z43_2016","2015",7,12,5,"J36_2014","J36_2015","J36_2016",NA,NA,NA,NA,38.6,220,38.6,220,"Z43","Z43_2015","owner",NA,"J833","J833",NA,"J36 J833","J36 J833_2015",NA,14.4086490680919,"positive",1,0,NA,"J36J833",0,"Low",38.75,"J36J833_2015",232.5,29.4508243815948,"J36J833_2016",2014,"NA_2014",NA,NA,NA,NA,NA,NA,NA,1,1,1,3,"Low",NA,NA,NA,NA,14.4216106021168,0.144578313253012,14.4086490680919,"J36 J833",NA,5,2,472.9,6,1,241.3,1.5,357.1,0.87342236967611,0.0620244159241996
"A",12,"A12",2015,"09/06/2015","Z41","J1356","EZ25511",12.1,0.0906,0.0763,76.3,3,2,0.25,1,1442.4,0.1442,7.09,7.09,"Z","M",NA,"Z41_2015","2014",8,9,1,"J1356_2013","J1356_2014","J1356_2015",NA,NA,NA,NA,44.9,242.2,44.9,242.2,NA,"NA_2014","non-owner",NA,NA,"J1314",NA,NA,"NA_2014",NA,-6.22665398181918,"negative",0,1,NA,NA,NA,NA,44.9,"NA_2014",242.2,NA,"J1314J1356_2015",2013,"NA_2013",NA,NA,NA,NA,NA,NA,NA,1,1,1,3,NA,NA,NA,NA,NA,-6.21369244779432,-3.85542168674699,-6.22665398181918,"J1314 J1356",NA,NA,NA,NA,5,2,421.9,2,421.9,-0.376322598905456,-1.65398442464532
"A",13,"A13",2015,"09/06/2015","Z37","J1357","EZ25512",10,0.0647,0.0554,55.4,3,2,0.25,1,665.9,0.0666,4.51,4.51,"Z","M",NA,"Z37_2015","2014",8,9,1,"J1357_2013","J1357_2014","J1357_2015",NA,NA,NA,NA,43.2,224,43.2,224,NA,"NA_2014","non-owner",NA,NA,"J600",NA,NA,"NA_2014",NA,-12.8679214127956,"negative",0,1,NA,NA,NA,NA,43,"NA_2014",220.4,NA,"J600J1357_2015",2013,"NA_2013",NA,NA,NA,NA,NA,NA,NA,1,1,1,3,NA,NA,NA,NA,NA,-12.8549598787707,-3.85542168674699,-12.8679214127956,"J600 J1357",NA,NA,NA,NA,5,2,461.9,2,461.9,-0.778540610281023,-1.65398442464532
"A",14,"A14",2014,"17/07/2014","Z25","J912","EY69743",11.3,0.0795,0.0805,80.5,3,2,0.25,1,733.5,0.0734,3.42,3.42,"Z","F",NA,"Z25_2014","2013",9,9,0,"J912_2012","J912_2013","J912_2014",NA,NA,NA,NA,46.1,207.7,46.1,207.7,NA,"NA_2013","non-owner",NA,NA,NA,NA,NA,"NA_2013",NA,-48.8857593246594,"negative",0,0,NA,NA,NA,NA,45.8333333333333,"NA_2013",224.7,-20.2275205775246,"NA_2014",2012,"NA_2012",NA,NA,NA,NA,NA,NA,NA,1,1,1,3,NA,NA,NA,NA,NA,-48.8727977906345,-4.85542168674699,-48.8857593246594,"J912 NA",NA,NA,NA,NA,NA,NA,NA,NA,NA,-2.95990482871115,-2.0829866347877
"A",15,"A15",2015,"10/06/2015","Z25","J1360","EZ25517",11,0.0834,0.0718,71.8,3,2,0.25,1,925.3,0.0925,4.83,4.83,"Z","M",1.75,"Z25_2015","2014",8,9,1,"J1360_2013","J1360_2014","J1360_2015",NA,NA,NA,NA,42.4,233,42.4,233,NA,"NA_2014","non-owner",NA,NA,"J912",NA,NA,"NA_2014",NA,1.57148214909791,"positive",1,1,0.05770141264,NA,NA,NA,42.7,"NA_2014",230.1,-2.85012359832685,"J912J1360_2015",2013,"NA_2013",NA,NA,0.05770141264,NA,NA,NA,NA,1,1,1,3,NA,NA,NA,NA,NA,1.58444368312277,-3.85542168674699,1.57148214909791,"J912 J1360",-0.0217008544737624,NA,NA,NA,4,3,412.1,3,412.1,0.0959593622731923,-1.65398442464532
"A",18,"A18",2015,"27/06/2015","Z16","J572","EY69519",10.6,0.0779,0.0762,76.2,3,2,0.25,1,1041.3,0.1041,5.12,5.12,"Z","F",NA,"Z16_2015","2014",8,10,2,"J572_2013","J572_2014","J572_2015",40.4,225.2,40.7,206,40.6,196.6,40.5666666666667,209.266666666667,NA,"NA_2014","non-owner",NA,"J257","J257",NA,"J572 J257","J572 J257_2014",NA,-9.69655135489628,"negative",0,0,0.00581891427,"J572J257",NA,NA,40.55,"J572J257_2014",210.425,-10.8468045286807,"J572J257_2015",2013,"NA_2013",NA,NA,0.00581891427,NA,NA,NA,NA,1,1,1,3,NA,NA,NA,NA,NA,-9.68358982087142,-2.85542168674699,-9.69655135489628,"J572 J257",-0.0735833528437624,NA,NA,NA,4,2,474.9,2,474.9,-0.586471525383964,-1.22498221450294
"A",19,"A19",2016,"06/06/2016","Z16","J257","EY40949",12.6,0.1155,0.1107,110.7,3,1.5,0.25,1,718.2,0.0718,3.24,3.24,"Z","M",NA,"Z16_2016","2015",7,10,3,"J257_2014","J257_2015","J257_2016",NA,NA,NA,NA,43.1,257.2,43.1,257.2,"Z16","Z16_2015","owner",NA,"J572","J572",NA,"J572 J257","J572 J257_2015",0.00581891427,21.0120040324411,"positive",1,1,0.00581891427,"J572J257",3,"Medium",43.5,"J572J257_2015",258.4,20.9195814239232,"J572J257_2016",2014,"NA_2014",NA,0.00581891427,NA,NA,NA,NA,NA,1,1,1,3,"Medium",NA,NA,NA,NA,21.024965566466,-1.85542168674699,21.0120040324411,"J572 J257",-0.0735833528437624,4,2,474.9,4,2,467.8,2,471.35,1.27334427159793,-0.795980004360561
"A",21,"A21",2016,"07/06/2016","Z06","J241","EY40903",12.2,0.0927,0.081,81,3,1.5,0.25,1,597.3,0.0597,3.69,3.69,"Z","F",NA,"Z06_2016","2015",7,12,5,"J241_2014","J241_2015","J241_2016",NA,NA,NA,NA,42.4,226.9,42.4,226.9,"Z06","Z06_2015","owner","J271","J271","J271","J241 J271","J241 J271","J241 J271_2015",0.3006367076,-4.52851785090208,"negative",0,0,0.150884058928,"J241J271",4,"Medium",43.45,"J241J271_2015",223,-14.1179844396803,"J241J271_2016",2014,"J241J271_2014",0.1131410256,0.3006367076,NA,NA,NA,NA,NA,1,1,1,3,"Low",NA,NA,NA,NA,-4.51555631687722,0.144578313253012,-4.52851785090208,"J241 J271",0.0714817918142376,6,3,669.6,6,3,717.4,3,693.5,-0.273477630724126,0.0620244159241996
"A",25,"A25",2016,"18/06/2016","Y35","J1352","EY69999",11.6,0.1003,0.0962,96.2,3,2,0.25,1,1005.6,0.1006,3.92,3.92,"Y","M",0.6,"Y35_2016","2015",7,10,3,"J1352_2014","J1352_2015","J1352_2016",NA,NA,41.3,225.8,42.4,224.1,41.85,224.95,"Y35","Y35_2015","owner",NA,"J793","J793",NA,"J793 J1352","J793 J1352_2015",0.0599936092,-2.73892790210031,"negative",0,1,0.0832618606,"J793J1352",1,"Low",42.2846153846154,"J793J1352_2015",227.65,-1.02048110674539,"J793J1352_2016",2014,"NA_2014",NA,0.0832618606,NA,NA,NA,NA,NA,1,1,1,3,"Low",NA,NA,NA,NA,-2.72596636807545,-1.85542168674699,-2.73892790210031,"J793 J1352",0.00385959348623764,5,4,891,6,3,599.7,3.5,745.35,-0.165093904595675,-0.795980004360561
"A",26,"A26",2015,"16/06/2015","Y32","J16","EY40779",11.1,0.0862,0.0658,65.8,3,2,0.25,1,578.1,0.0578,3.29,3.29,"Y","F",0.25,"Y32_2015","2014",8,11,3,"J16_2013","J16_2014","J16_2015",44.7,215,NA,NA,42.6,219.4,43.65,217.2,NA,"NA_2014","non-owner",NA,NA,"J562",NA,NA,"NA_2014",NA,-22.7275859163607,"negative",0,0,NA,NA,NA,NA,42.4545454545455,"NA_2014",223.718181818182,-3.68459151160452,"J16J562_2015",2013,"NA_2013",NA,NA,NA,NA,2018,NA,-4,1,1,1,3,NA,NA,NA,NA,NA,-22.7146243823358,-1.85542168674699,-22.7275859163607,"J16 J562",NA,NA,NA,NA,6,3,714.7,3,714.7,-1.37567582440553,-0.795980004360561
"A",27,"A27",2016,"10/06/2016","Y29","J361","EY40559",11.3,0.0988,0.0899,89.9,3,2,0.25,1,698.2,0.0698,2.91,2.91,"Y","M",NA,"Y29_2016","2015",7,12,5,"J361_2014","J361_2015","J361_2016",NA,NA,NA,NA,43.9,243.7,43.9,243.7,"Y29","Y29_2015","owner","J247","J247","J1909","J247 J361","J247 J361","J247 J361_2015",NA,2.07260047054765,"positive",1,1,NA,"J247J361",3,"Medium",44.3666666666667,"J247J361_2015",240.733333333333,-3.02927694028348,"J1909J361_2016",2014,"J247J361_2014",NA,NA,NA,NA,2016,NA,-1,1,2,2,5,"Low",NA,NA,NA,NA,2.08556200457251,0.144578313253012,2.07260047054765,"J1909 J361",NA,6,3,635.2,5,3,516.2,3,575.7,0.126308812406349,0.0620244159241996
"A",28,"A28",2015,"21/05/2015","Y22","J510","EY40714",10.6,0.0779,0.0612,61.2,3,2,0.25,1,350.6,0.0351,2.15,2.15,"Y","F",NA,"Y22_2015","2014",8,10,2,"J510_2013","J510_2014","J510_2015",39.6,176.9,NA,NA,39.8,199.6,39.7,188.25,NA,"NA_2014","non-owner",NA,NA,"J516",NA,NA,"NA_2014",NA,-24.8205308295117,"negative",0,0,0.00823417769,NA,NA,NA,39.7,"NA_2014",194.955555555556,-10.4174353398754,"J510J516_2015",2013,"NA_2013",NA,NA,0.00823417769,NA,NA,NA,NA,1,1,1,3,NA,NA,NA,NA,NA,-24.8075692954868,-2.85542168674699,-24.8205308295117,"J510 J516",-0.0711680894237624,NA,NA,NA,3,2,472.4,2,472.4,-1.50243177116349,-1.22498221450294
"A",31,"A31",2016,"25/05/2016","Y22","J516","EY40720",12.3,0.1014,0.0863,86.3,3,2,0.25,1,565.5,0.0566,2.46,2.46,"Y","M",2.5,"Y22_2016","2015",7,10,3,"J516_2014","J516_2015","J516_2016",NA,NA,NA,NA,44.2,255,44.2,255,"Y22","Y22_2015","owner",NA,"J510","J510",NA,"J510 J516","J510 J516_2015",0.00915640949,11.3328241348376,"positive",1,1,0.00823417769,"J510J516",2,"Low",43.8857142857143,"J510J516_2015",236.514285714286,5.61026640539919,"J510J516_2016",2014,"NA_2014",NA,0.00823417769,NA,NA,2022,NA,-7,1,1,1,3,"Medium",NA,NA,NA,NA,11.3457856688625,-1.85542168674699,11.3328241348376,"J510 J516",-0.0711680894237624,3,2,472.4,5,2,439.6,2,456,0.687139826343708,-0.795980004360561
"A",32,"A32",2016,"07/06/2016","Y19","J1903","EZ25887",10.4,0.0828,0.0813,81.3,3,2,0.25,1,667.4,0.0667,3.08,3.08,"Y","F",NA,"Y19_2016","2015",7,9,2,"J1903_2014","J1903_2015","J1903_2016",NA,NA,NA,NA,41.1,221,41.1,221,"Y19","Y19_2015","owner",NA,NA,"J469",NA,NA,"NA_2015",NA,-1.58948706282523,"negative",0,0,NA,NA,1,"Low",41.0333333333333,"NA_2015",223.433333333333,3.83299881948606,"J1903J469_2016",2014,"NA_2014",NA,NA,NA,NA,2021,NA,-6,1,1,1,3,"Medium",NA,NA,NA,NA,-1.57652552880037,-2.85542168674699,-1.58948706282523,"J1903 J469",NA,5,4,695,5,3,580.3,3.5,637.65,-0.0954798115972978,-1.22498221450294
"A",33,"A33",2016,"19/06/2016","Y19","J469","EY40670",11.1,0.0937,0.091,91,3,2,0.25,1,611.4,0.0611,2.52,2.52,"Y","M",2,"Y19_2016","2015",7,12,5,"J469_2014","J469_2015","J469_2016",NA,NA,NA,NA,44.7,256.7,44.7,256.7,"Y19","Y19_2015","owner",NA,NA,"J1903",NA,NA,"NA_2015",NA,9.63319690865416,"positive",1,1,NA,NA,1,"Low",44.4,"NA_2015",249.9,5.89576696878552,"J1903J469_2016",2014,"NA_2014",NA,NA,NA,NA,NA,NA,NA,1,1,1,3,"Medium",NA,NA,NA,NA,9.64615844267902,0.144578313253012,9.63319690865416,"J1903 J469",NA,5,4,695,5,3,580.3,3.5,637.65,0.584204552301481,0.0620244159241996
"A",35,"A35",2015,"10/06/2015","Y10","J1359","EZ25513",11.6,0.1002,0.0953,95.3,3,2,0.25,1,679.8,0.068,2.67,2.67,"Y","M",NA,"Y10_2015","2014",8,10,2,"J1359_2013","J1359_2014","J1359_2015",NA,NA,NA,NA,NA,NA,NA,NA,NA,"NA_2014","non-owner",NA,NA,"J407",NA,NA,"NA_2014",NA,NA,NA,NA,1,NA,NA,NA,NA,43.5,"NA_2014",236.65,-0.830418576076751,"J407J1359_2015",2013,"NA_2013",NA,NA,NA,NA,NA,NA,NA,1,1,1,3,NA,NA,NA,NA,NA,-0.817457042051891,-2.85542168674699,-0.830418576076751,"J407 J1359",NA,NA,NA,NA,4,2,400.2,2,400.2,-0.049508011724612,-1.22498221450294
"A",36,"A36",2016,"07/06/2016","Y09","J314","EY40512",12.2,0.1054,0.0974,97.4,3,2,0.25,1,716.3,0.0716,2.76,2.76,"Y","M",NA,"Y09_2016","2015",7,12,5,"J314_2014","J314_2015","J314_2016",NA,NA,NA,NA,45.3,231.4,45.3,231.4,"Y09","Y09_2015","owner","UNM.Y09.14","UNM.Y09.15","J1372","UNM.Y09.14 J314","UNM.Y09.15 J314","UNM.Y09.15 J314_2015",0.05577416595,-19.7463557627659,"negative",0,1,NA,"UNM.Y09.15J314",2,"Low",45.25,"UNM.Y09.15J314_2015",230.95,-19.2156133499557,"J1372J314_2016",2014,"UNM.Y09.14J314_2014",NA,NA,NA,NA,2017,NA,-2,2,2,2,6,"Medium",NA,NA,NA,NA,-19.733394228741,0.144578313253012,-19.7463557627659,"J1372 J314",NA,5,3,691.1,5,2,426.5,2.5,558.8,-1.19512226647487,0.0620244159241996
"A",37,"A37",2015,"16/06/2015","Y07","J290","EY40986",12.1,0.1117,0.1112,111.2,3,2,0.25,1,684.5,0.0685,2.31,2.31,"Y","M",NA,"Y07_2015","2014",8,12,4,"J290_2013","J290_2014","J290_2015",NA,NA,NA,NA,44.7,235.6,44.7,235.6,"Y07","Y07_2014","owner","J250","J250","J250","J250 J290","J250 J290","J250 J290_2014",0.05531112508,-11.4668030913458,"negative",0,1,0.0527448435475,"J250J290",3,"Medium",44.94,"J250J290_2014",241.233333333333,-6.68518837096382,"J250J290_2015",2013,"J250J290_2013",NA,0.05531112508,0.050178562015,NA,NA,NA,NA,1,1,1,3,"Medium",NA,NA,NA,NA,-11.4538415573209,-0.855421686746988,-11.4668030913458,"J250 J290",-0.0266574235662624,4,1,270.3,4,3,732.1,2,501.2,-0.693684062820389,-0.366977794218181
"A",38,"A38",2016,"18/06/2016","Y07","J290","EY40986",12.4,0.1111,0.1152,115.2,3,2,0.25,1,604.9,0.0605,1.97,1.97,"Y","M",NA,"Y07_2016","2015",7,12,5,"J290_2014","J290_2015","J290_2016",NA,NA,NA,NA,44.3,244.6,44.3,244.6,"Y07","Y07_2015","owner","J250","J250","J250","J250 J290","J250 J290","J250 J290_2015",0.05682370083,0.252898689600935,"positive",1,1,0.0253658366329,"J250J290",3,"Medium",44.94,"J250J290_2015",241.233333333333,-6.68518837096382,"J250J290_2016",2014,"J250J290_2014",0.05531112508,0.050178562015,NA,NA,NA,NA,NA,1,1,1,3,"Medium",NA,NA,NA,NA,0.265860223625795,0.144578313253012,0.252898689600935,"J250 J290",-0.0540364304808624,4,3,732.1,4,2,485.2,2.5,608.65,0.0161014100940833,0.0620244159241996
"A",39,"A39",2016,"02/06/2016","Y06","J515","EY40719",12.2,0.1029,0.0993,99.3,3,2,0.25,1,603.9,0.0604,2.28,2.28,"Y","M",0.75,"Y06_2016","2015",7,10,3,"J515_2014","J515_2015","J515_2016",NA,NA,NA,NA,44.6,240.4,44.6,240.4,"Y06","Y06_2015","owner",NA,"J1315","J1315",NA,"J1315 J515","J1315 J515_2015",NA,-5.98687764610913,"negative",0,1,NA,"J1315J515",4,"Medium",44.66,"J1315J515_2015",229.94,-9.52910130400759,"J1315J515_2016",2014,"NA_2014",NA,NA,NA,NA,NA,NA,NA,1,1,1,3,"Medium",NA,NA,NA,NA,-5.97391611208427,-1.85542168674699,-5.98687764610913,"J1315 J515",NA,3,2,491.8,5,3,620.1,2.5,555.95,-0.361800918830598,-0.795980004360561
"A",40,"A40",2018,"22/05/2018","Z33","J908","EY69739",11.8,0.0925,0.0855,85.5,3,2,0.25,1,474,0.0474,2.08,2.08,"Z","F",1.5,"Z33_2018","2017",5,9,4,"J908_2016","J908_2017","J908_2018",NA,NA,NA,NA,43.5,228.4,43.5,228.4,"Z33","Z33_2017","owner","J587","J587","J587","J908 J587","J908 J587","J908 J587_2017",NA,-10.5076977485056,"negative",0,0,0.01169799116,"J908J587",1,"Low",42.6,"J908J587_2017",229.885714285714,-0.848665969226348,"J908J587_2018",2016,"J908J587_2016",NA,NA,0.01169799116,NA,NA,NA,NA,1,1,1,3,"Medium",NA,NA,NA,NA,-10.4947362144807,-0.855421686746988,-10.5076977485056,"J908 J587",-0.0677042759537624,4,1,215.1,5,1,223.9,1,219.5,-0.635597342520956,-0.366977794218181
"A",42,"A42",2018,"11/06/2018","Z25","J1360","EZ25517",11.1,0.0977,0.0933,93.3,3,2,0.25,1,851.8,0.0852,3.42,3.42,"Z","M",1.75,"Z25_2018","2017",5,9,4,"J1360_2016","J1360_2017","J1360_2018",NA,NA,NA,NA,42.2,239.7,42.2,239.7,"Z25","Z25_2017","owner","J912","J912","J912","J912 J1360","J912 J1360","J912 J1360_2017",NA,9.63133303957124,"positive",1,1,0.08057138889,"J912J1360",5,"Medium",42.7,"J912J1360_2017",230.1,-2.85012359832685,"J912J1360_2018",2016,"J912J1360_2016",NA,NA,0.08057138889,NA,NA,NA,NA,1,1,1,3,"High",NA,NA,NA,NA,9.6442945735961,-0.855421686746988,9.63133303957124,"J912 J1360",0.00116912177623765,5,3,518,5,3,519.1,3,518.55,0.584091669975361,-0.366977794218181
"A",43,"A43",2017,"23/06/2017","Z25","J1360","EZ25517",11.6,0.1016,0.0976,97.6,3,2,0.25,1,1346.6,0.1347,5.17,5.17,"Z","M",1.75,"Z25_2017","2016",6,9,3,"J1360_2015","J1360_2016","J1360_2017",42.4,233,NA,NA,42.9,223.6,42.65,228.3,"Z25","Z25_2016","owner","J912","J912","J912","J912 J1360","J912 J1360","J912 J1360_2016",NA,-4.82833146399379,"negative",0,1,0.0005770141264,"J912J1360",5,"Medium",42.7,"J912J1360_2016",230.1,-2.85012359832685,"J912J1360_2017",2015,"J912J1360_2015",0.05770141264,NA,NA,NA,NA,NA,NA,1,1,1,3,"High",NA,NA,NA,NA,-4.81536992996893,-1.85542168674699,-4.82833146399379,"J912 J1360",-0.0788252529873624,5,2,420.6,5,3,518,2.5,469.3,-0.291635374934005,-0.795980004360561
"A",44,"A44",2018,"20/05/2018","Z16","J572","EY69519",11,0.0822,0.0931,93.1,3,2,0.25,1,549.8,0.055,2.21,2.21,"Z","F",NA,"Z16_2018","2017",5,10,5,"J572_2016","J572_2017","J572_2018",NA,NA,NA,NA,40.5,213.9,40.5,213.9,"Z16","Z16_2017","owner","J257","J257","J257","J572 J257","J572 J257","J572 J257_2017",NA,-4.60993439140512,"negative",0,0,0.08418737505,"J572J257",3,"Medium",40.55,"J572J257_2017",210.425,-10.8468045286807,"J572J257_2018",2016,"J572J257_2016",NA,NA,0.08418737505,NA,NA,NA,NA,1,1,1,3,"Medium",NA,NA,NA,NA,-4.59697285738026,0.144578313253012,-4.60993439140512,"J572 J257",0.00478510793623764,5,2,467.4,5,1,224.4,1.5,345.9,-0.278408496609976,0.0620244159241996
"A",45,"A45",2019,"04/06/2019","Z16","J257","EY40949",12.1,0.106,0.0985,98.5,3,2,0.25,1,781,0.0781,2.97,2.97,"Z","M",NA,"Z16_2019","2018",4,10,6,"J257_2017","J257_2018","J257_2019",NA,NA,NA,NA,43.9,259.6,43.9,259.6,"Z16","Z16_2018","owner","J572","J572","J572","J572 J257","J572 J257","J572 J257_2018",0.08418737505,17.9726004705477,"positive",1,1,0.08418737505,"J572J257",3,"Medium",43.5,"J572J257_2018",258.4,20.9195814239232,"J572J257_2019",2017,"J572J257_2017",NA,0.08418737505,NA,NA,NA,NA,NA,1,1,1,3,"Medium",NA,NA,NA,NA,17.9855620045726,1.14457831325301,17.9726004705477,"J572 J257",0.00478510793623764,5,1,224.4,5,2,382,1.5,303.2,1.08926753185838,0.49102662606658
"A",46,"A46",2018,"02/05/2018","Z15","J164","EY40955",12.3,0.1072,0.1045,104.5,3,2,0.25,1,1618.1,0.1618,5.81,5.81,"Z","F",NA,"Z15_2018","2017",5,10,5,"J164_2016","J164_2017","J164_2018",NA,NA,NA,NA,42.1,217.3,42.1,217.3,NA,"NA_2017","non-owner","J831",NA,"J831","J164 J831",NA,"NA_2017",NA,-12.088741515192,"negative",0,0,0.2850213897,NA,NA,NA,43,"NA_2017",220.6,-13.2560772121113,"J164J831_2018",2016,"J164J831_2016",NA,NA,0.2850213897,NA,NA,NA,NA,1,1,1,3,NA,16.31784567,1,"Z","same_site",-12.0757799811671,0.144578313253012,-12.088741515192,"J164 J831",0.205619122586238,NA,NA,NA,5,2,418.1,2,418.1,-0.731350794154034,0.0620244159241996
"A",47,"A47",2018,"21/05/2018","Z10","J42","EY40834",10.9,0.082,0.0703,70.3,3,2,0.25,1,1023.2,0.1023,5.46,5.46,"Z","F",0,"Z10_2018","2017",5,11,6,"J42_2016","J42_2017","J42_2018",40.6,209.7,NA,NA,40,204.9,40.3,207.3,"Z10","Z10_2017","owner","J1351","J1351","J1351","J42 J1351","J42 J1351","J42 J1351_2017",NA,-9.85008350093172,"negative",0,0,0.08947889065,"J42J1351",4,"Medium",41.1166666666667,"J42J1351_2017",201.516666666667,-14.5440015561048,"J42J1351_2018",2016,"J42J1351_2016",NA,NA,0.08947889065,NA,NA,NA,NA,1,1,1,3,"Medium",NA,NA,NA,NA,-9.83712196690686,1.14457831325301,-9.85008350093172,"J42 J1351",0.0100766235362376,4,3,654.1,4,2,510.1,2.5,582.1,-0.595769960524908,0.49102662606658
"A",48,"A48",2018,"20/05/2018","Z05","J2951","EZ62436",11.7,0.1005,0.0929,92.9,3,2,0.25,1,886.8,0.0887,3.58,3.58,"Z","F",0.5,"Z05_2018","2017",5,7,2,"J2951_2016","J2951_2017","J2951_2018",NA,NA,NA,NA,44.5,250.6,44.5,250.6,NA,"NA_2017","non-owner",NA,NA,"J2966",NA,NA,"NA_2017",NA,4.89304779912755,"positive",1,0,0.05423181974,NA,NA,NA,43.25,"NA_2017",241.175,5.506752105906,"J2951J2966_2018",2016,"NA_2016",NA,NA,0.05423181974,NA,2020,NA,-3,1,1,1,3,NA,NA,NA,NA,NA,4.90600933315241,-2.85542168674699,4.89304779912755,"J2951 J2966",-0.0251704473737624,NA,NA,NA,5,2,475,2,475,0.297124809124034,-1.22498221450294
"A",49,"A49",2018,"21/05/2018","Y35","J793","EY69525",11.5,0.0939,0.0818,81.8,3,2,0.25,1,1171.2,0.1171,5.37,5.37,"Y","F",NA,"Y35_2018","2017",5,11,6,"J793_2016","J793_2017","J793_2018",NA,NA,NA,NA,43.3,235.7,43.3,235.7,"Y35","Y35_2017","owner","J1352","J1352","J1352","J793 J1352","J793 J1352","J793 J1352_2017",NA,-1.84784685803224,"negative",0,0,0.07756252855,"J793J1352",1,"Low",43,"J793J1352_2017",240.133333333333,6.27725612122202,"J793J1352_2018",2016,"J793J1352_2016",NA,NA,0.07756252855,NA,NA,NA,NA,1,1,1,3,"Low",NA,NA,NA,NA,-1.83488532400738,1.14457831325301,-1.84784685803224,"J793 J1352",-0.00183973856376236,5,2,478.8,6,3,578.2,2.5,528.5,-0.111126969933803,0.49102662606658
"A",50,"A50",2019,"16/05/2019","Y35","J793","EY69525",11.1,0.0843,0.0648,64.8,3,2,0.25,1,424.1,0.0424,2.45,2.45,"Y","F",NA,"Y35_2019","2018",4,11,7,"J793_2017","J793_2018","J793_2019",NA,NA,NA,NA,42.7,246.9,42.7,246.9,"Y35","Y35_2018","owner","J1352","J1352","J1352","J793 J1352","J793 J1352","J793 J1352_2018",0.07756252855,13.4317058133878,"positive",1,0,0.093272187125,"J793J1352",1,"Low",43,"J793J1352_2018",240.133333333333,6.27725612122202,"J793J1352_2019",2017,"J793J1352_2017",NA,0.07756252855,0.1089818457,NA,NA,NA,NA,1,1,1,3,"Low",NA,NA,NA,NA,13.4446673474127,2.14457831325301,13.4317058133878,"J793 J1352",0.0138699200112376,6,3,578.2,5,2,394.4,2.5,486.3,0.814255324045471,0.920028836208961
"A",51,"A51",2019,"27/05/2019","Y35","J1352","EY69999",11.8,0.1006,0.0953,95.3,3,2,0.25,1,642.8,0.0643,2.53,2.53,"Y","M",0.6,"Y35_2019","2018",4,10,6,"J1352_2017","J1352_2018","J1352_2019",NA,NA,NA,NA,41.4,223.4,41.4,223.4,"Y35","Y35_2018","owner","J793","J793","J793","J793 J1352","J793 J1352","J793 J1352_2018",0.07756252855,-1.22926339853525,"negative",0,1,0.093272187125,"J793J1352",1,"Low",42.2846153846154,"J793J1352_2018",227.65,-1.02048110674539,"J793J1352_2019",2017,"J793J1352_2017",NA,0.07756252855,0.1089818457,NA,NA,NA,NA,1,1,1,3,"Low",NA,NA,NA,NA,-1.21630186451039,1.14457831325301,-1.22926339853525,"J793 J1352",0.0138699200112376,6,3,578.2,5,2,394.4,2.5,486.3,-0.0736634267871723,0.49102662606658
"A",52,"A52",2017,"01/07/2017","Y35","J1352","EY69999",11.4,0.0962,0.0945,94.5,3,2,0.25,1,1185.9,0.1186,4.71,4.71,"Y","M",0.6,"Y35_2017","2016",6,10,4,"J1352_2015","J1352_2016","J1352_2017",41.3,225.8,NA,NA,42.1,221.5,41.7,223.65,"Y35","Y35_2016","owner","J793","J793","J793","J793 J1352","J793 J1352","J793 J1352_2016",NA,-3.01903973424533,"negative",0,1,0.000832618606,"J793J1352",1,"Low",42.2846153846154,"J793J1352_2016",227.65,-1.02048110674539,"J793J1352_2017",2015,"J793J1352_2015",0.0832618606,NA,NA,NA,NA,NA,NA,1,1,1,3,"Low",NA,NA,NA,NA,-3.00607820022047,-0.855421686746988,-3.01903973424533,"J793 J1352",-0.0785696485077624,6,3,599.7,5,2,478.8,2.5,539.25,-0.182058441148237,-0.366977794218181
"A",53,"A53",2018,"20/05/2018","Y17","J792","EY69524",11.6,0.084,0.0761,76.1,3,2,0.25,1,444.3,0.0444,2.19,2.19,"Y","F",NA,"Y17_2018","2017",5,11,6,"J792_2016","J792_2017","J792_2018",NA,NA,NA,NA,39.8,199.2,39.8,199.2,"Y17","Y17_2017","owner","J312","J1895","J1895","J792 J312","J792 J1895","J792 J1895_2017",NA,-14.5504562747483,"negative",0,0,0.414281051,"J792J1895",2,"Low",40.325,"J792J1895_2017",200.55,-13.9158509148963,"J792J1895_2018",2016,"J792J312_2016",NA,NA,0.414281051,NA,2017,NA,0,2,1,2,5,"Low",NA,NA,NA,NA,-14.5374947407234,1.14457831325301,-14.5504562747483,"J792 J1895",0.334878783886238,4,2,404.9,5,2,371.8,2,388.35,-0.880440711922493,0.49102662606658
"A",54,"A54",2019,"15/05/2019","Y17","J792","EY69524",11.1,0.0831,0.0835,83.5,3,2,0.25,1,533.2,0.0533,2.39,2.39,"Y","F",NA,"Y17_2019","2018",4,11,7,"J792_2017","J792_2018","J792_2019",NA,NA,NA,NA,40.1,199,40.1,199,"Y17","Y17_2018","owner","J1895","J1895","J1895","J792 J1895","J792 J1895","J792 J1895_2018",0.414281051,-16.7902326104584,"negative",0,0,0.2593856479,"J792J1895",2,"Low",40.325,"J792J1895_2018",200.55,-13.9158509148963,"J792J1895_2019",2017,"J792J1895_2017",NA,0.414281051,0.1044902448,NA,2017,NA,1,1,1,1,3,"Low",NA,NA,NA,NA,-16.7772710764335,2.14457831325301,-16.7902326104584,"J792 J1895",0.179983380786238,5,2,371.8,5,2,404.4,2,388.1,-1.01608927494729,0.920028836208961
"A",55,"A55",2018,"20/05/2018","Y16","J1319","EY69816",11.1,0.0841,0.085,85,3,2,0.25,1,432.9,0.0433,1.91,1.91,"Y","F",NA,"Y16_2018","2017",5,10,5,"J1319_2016","J1319_2017","J1319_2018",NA,NA,NA,NA,42.2,217.6,42.2,217.6,"Y16","Y16_2017","owner","J416","J416","J416","J1319 J416","J1319 J416","J1319 J416_2017",NA,-12.4686669604288,"negative",0,0,0.02985090814,"J1319J416",2,"Low",41.9,"J1319J416_2017",214.966666666667,-10.9158595447207,"J1319J416_2018",2016,"J1319J416_2016",NA,NA,0.02985090814,NA,NA,NA,NA,1,1,1,3,"Low",NA,NA,NA,NA,-12.4557054264039,0.144578313253012,-12.4686669604288,"J1319 J416",-0.0495513589737624,4,2,442.7,4,2,445.8,2,444.25,-0.754360386621485,0.0620244159241996
"A",56,"A56",2019,"15/05/2019","Y16","J1319","EY69816",11.3,0.0773,0.0774,77.4,3,2,0.25,1,410.6,0.0411,1.99,1.99,"Y","F",NA,"Y16_2019","2018",4,10,6,"J1319_2017","J1319_2018","J1319_2019",NA,NA,NA,NA,42.3,212.6,42.3,212.6,"Y16","Y16_2018","owner","J416","J416","J416","J1319 J416","J1319 J416","J1319 J416_2018",0.02985090814,-18.1485924056654,"negative",0,0,0.044087554795,"J1319J416",2,"Low",41.9,"J1319J416_2018",214.966666666667,-10.9158595447207,"J1319J416_2019",2017,"J1319J416_2017",NA,0.02985090814,0.05832420145,NA,NA,NA,NA,1,1,1,3,"Low",NA,NA,NA,NA,-18.1356308716405,1.14457831325301,-18.1485924056654,"J1319 J416",-0.0353147123187624,4,2,445.8,2,2,461.5,2,453.65,-1.09835621890627,0.49102662606658
"A",57,"A57",2018,"01/06/2018","Y16","J416","EY40616",12.4,0.1105,0.1006,100.6,3,2,0.25,1,719.9,0.072,2.68,2.68,"Y","M",0,"Y16_2018","2017",5,12,7,"J416_2016","J416_2017","J416_2018",NA,NA,NA,NA,44.8,261.8,44.8,261.8,"Y16","Y16_2017","owner","J1319","J1319","J1319","J1319 J416","J1319 J416","J1319 J416_2017",NA,14.0532714634175,"positive",1,1,0.02985090814,"J1319J416",2,"Low",44.35,"J1319J416_2017",247.525,3.88320110518204,"J1319J416_2018",2016,"J1319J416_2016",NA,NA,0.02985090814,NA,NA,NA,NA,1,1,1,3,"Low",NA,NA,NA,NA,14.0662329974424,2.14457831325301,14.0532714634175,"J1319 J416",-0.0495513589737624,4,2,442.7,4,2,445.8,2,444.25,0.851899478913897,0.920028836208961
"A",58,"A58",2018,"20/05/2018","Y07","J2403","EZ62146",11.5,0.091,0.0897,89.7,3,2,0.25,1,555.1,0.0555,2.32,2.32,"Y","F",0.333333333333333,"Y07_2018","2017",5,8,3,"J2403_2016","J2403_2017","J2403_2018",NA,NA,42.2,224,41.8,230.5,42,227.25,"Y06","Y06_2017","owner",NA,"UNM.Y06.17","J2965",NA,"J2403 UNM.Y06.17","J2403 UNM.Y06.17_2017",NA,-1.45881606995537,"negative",0,0,0.03804297991,"J2403UNM.Y06.17",4,"Medium",41.975,"J2403UNM.Y06.17_2017",229.3,2.87382258401782,"J2403J2965_2018",2016,"NA_2016",NA,NA,0.03804297991,NA,2020,NA,-3,1,2,1,4,"Medium",NA,NA,NA,NA,-1.44585453593051,-1.85542168674699,-1.45881606995537,"J2403 J2965",-0.0413592872037624,4,3,637.4,3,3,502.2,3,569.8,-0.0875659265681478,-0.795980004360561
"A",61,"A61",2018,"20/05/2018","Y09","J250","EY40922",11.9,0.0886,0.0828,82.8,3,2,0.25,1,456.2,0.0456,2.07,2.07,"Y","F",NA,"Y09_2018","2017",5,12,7,"J250_2016","J250_2017","J250_2018",NA,NA,NA,NA,43.7,236.8,43.7,236.8,"Y07","Y07_2017","owner","J290","J290","J290","J250 J290","J250 J290","J250 J290_2017",NA,-3.46754863897899,"negative",0,0,NA,"J250J290",3,"Medium",43.8,"J250J290_2017",232.8,-6.85502339445595,"J250J290_2018",2016,"J250J290_2016",NA,NA,NA,NA,2020,NA,-3,1,1,1,3,"Medium",NA,NA,NA,NA,-3.45458710495413,2.14457831325301,-3.46754863897899,"J250 J290",NA,5,2,457,4,2,525.6,2,491.3,-0.209221683951077,0.920028836208961
"A",71,"A71",2018,"14/05/2018","Z02","J39","EY40831",10.8,0.0827,0.0829,82.9,3,2,0.25,1,562.6,0.0563,2.54,2.54,"Z","F",NA,"Z02_2018","2017",5,12,7,"J39_2016","J39_2017","J39_2018",NA,NA,NA,NA,41.2,232.3,41.2,232.3,"Z02","Z02_2017","owner",NA,NA,"J267",NA,NA,"NA_2017",NA,9.03058749193809,"positive",1,0,0.1400456442,NA,2,"Low",42.1,"NA_2017",225.2,-2.13226275697353,"J39J267_2018",2016,"NA_2016",NA,NA,0.1400456442,NA,NA,NA,NA,1,1,1,3,"Medium",NA,NA,NA,NA,9.04354902596295,2.14457831325301,9.03058749193809,"J39 J267",0.0606433770862376,4,0,0,5,0,0,0,0,0.547708452159932,0.920028836208961
"A",74,"A74",2018,"06/06/2018","Z06","J41","EY40833",11.5,0.0915,0.0873,87.3,3,2,0.25,1,1116.2,0.1116,4.79,4.79,"Z","F",3,"Z06_2018","2017",5,11,6,"J41_2016","J41_2017","J41_2018",NA,NA,NA,NA,42.3,223.7,42.3,223.7,"Z05","Z05_2017","owner","J1341","J323","J323","J41 J1341","J41 J323","J41 J323_2017",NA,-7.04859240566541,"negative",0,0,0.06718340717,"J41J323",2,"Low",41.6,"J41J323_2017",218.5,0.799928940566524,"J41J323_2018",2016,"J41J1341_2016",NA,NA,0.06718340717,NA,2017,NA,0,2,1,2,5,"Low",NA,NA,NA,NA,-7.03563087164055,1.14457831325301,-7.04859240566541,"J41 J323",-0.0122188599437624,5,1,281.4,5,3,589.4,2,435.4,-0.426102018534097,0.49102662606658
"A",76,"A76",2018,"07/06/2018","Z06","J323","EY40521",12.5,0.109,0.1014,101.4,3,2,0.25,1,772.5,0.0773,2.86,2.86,"Z","M",4.5,"Z06_2018","2017",5,12,7,"J323_2016","J323_2017","J323_2018",45.2,243,NA,NA,44.3,238.8,44.75,240.9,"Z05","Z05_2017","owner",NA,"J41","J41",NA,"J41 J323","J41 J323_2017",NA,-6.50676581396415,"negative",0,1,0.06718340717,"J41J323",2,"Low",45.125,"J41J323_2017",244.55,-4.70952800896435,"J41J323_2018",2016,"NA_2016",NA,NA,0.06718340717,NA,NA,NA,NA,1,1,1,3,"Low",NA,NA,NA,NA,-6.49380427993929,2.14457831325301,-6.50676581396415,"J41 J323",-0.0122188599437624,5,1,281.4,5,3,589.4,2,435.4,-0.393287135458015,0.920028836208961
"A",79,"A79",2018,"07/06/2018","Z13","J837","EY69668",12.6,0.1152,0.1158,115.8,3,2,0.25,1,2410.2,0.241,7.81,7.81,"Z","M",1,"Z13_2018","2017",5,10,5,"J837_2016","J837_2017","J837_2018",NA,NA,NA,NA,45.1,249,45.1,249,"Z13","Z13_2017","owner","UNM.Z13.16","J2375","J2375","UNM.Z13.16 J837","J2375 J837","J2375 J837_2017",NA,-0.786504872292553,"negative",0,1,NA,"J2375J837",6,"High",44.98,"J2375J837_2017",258.4,13.3214256048201,"J2375J837_2018",2016,"UNM.Z13.16J837_2016",NA,NA,NA,NA,NA,NA,NA,2,1,2,5,"Medium",NA,NA,NA,NA,-0.773543338267693,0.144578313253012,-0.786504872292553,"J2375 J837",NA,5,1,239,5,3,687.8,2,463.4,-0.0468484466955286,0.0620244159241996
"A",84,"A84",2018,"20/05/2018","Z23","J796","EY69528",11.2,0.0902,0.0866,86.6,3,2,0.25,1,842.4,0.0842,3.65,3.65,"Z","F",NA,"Z23_2018","2017",5,11,6,"J796_2016","J796_2017","J796_2018",NA,NA,NA,NA,43.2,204.1,43.2,204.1,"Z23","Z23_2017","owner","J1346","J1346","J1346","J796 J1346","J796 J1346","J796 J1346_2017",NA,-32.7679214127956,"negative",0,0,NA,"J796J1346",7,"High",42.6333333333333,"J796J1346_2017",207.833333333333,-23.3648935452033,"J796J1346_2018",2016,"J796J1346_2016",NA,NA,NA,NA,NA,NA,NA,1,1,1,3,"High",NA,NA,NA,NA,-32.7549598787707,1.14457831325301,-32.7679214127956,"J796 J1346",NA,5,2,474,5,3,709.8,2.5,591.9,-1.98375309563293,0.49102662606658
"A",91,"A91",2018,"04/06/2018","Z27","J899","EY69730",12,0.108,0.091,91,3,2,0.25,1,874.6,0.0875,3.6,3.6,"Z","M",4.66666666666667,"Z27_2018","2017",5,9,4,"J899_2016","J899_2017","J899_2018",NA,NA,NA,NA,44.8,251.1,44.8,251.1,"Z27","Z27_2017","owner","J692","J692","J692","J692 J899","J692 J899","J692 J899_2017",NA,3.35327146341752,"positive",1,1,0.1545230857,"J692J899",2,"Low",44.18,"J692J899_2017",239.32,-0.0980159630162292,"J692J899_2018",2016,"J692J899_2016",NA,NA,0.1545230857,NA,2016,NA,1,1,1,1,3,"Medium",NA,NA,NA,NA,3.36623299744238,-0.855421686746988,3.35327146341752,"J692 J899",0.0751208185862376,4,1,265.1,4,2,592.3,1.5,428.7,0.203870655131715,-0.366977794218181
"A",94,"A94",2019,"05/06/2019","Z33","J1458","EZ25615",11.8,0.1036,0.0949,94.9,3,2,0.25,1,677,0.0677,2.68,2.68,"Z","M",NA,"Z33_2019","2018",4,8,4,"J1458_2017","J1458_2018","J1458_2019",NA,NA,NA,NA,39.9,218.3,39.9,218.3,NA,"NA_2018","non-owner",NA,NA,"J1908",NA,NA,"NA_2018",NA,3.869618280015,"positive",1,1,0.00992585573,NA,NA,NA,40.8,"NA_2018",200.26,6.91483924447436,"J1908J1458_2019",2017,"NA_2017",NA,NA,0.00992585573,2019,NA,-1,NA,1,1,1,3,NA,NA,NA,NA,NA,3.88257981403986,-0.855421686746988,3.869618280015,"J1908 J1458",-0.0694764113837624,NA,NA,NA,4,2,421.9,2,421.9,0.235142395339504,-0.366977794218181
"A",97,"A97",2018,"04/06/2018","Y07","J1896","EZ25876",12.7,0.1159,0.1029,102.9,3,2,0.25,1,652.6,0.0653,2.38,2.38,"Y","M",3,"Y07_2018","2017",5,9,4,"J1896_2016","J1896_2017","J1896_2018",NA,NA,NA,NA,NA,NA,NA,NA,"Y08","Y08_2017","owner","J1349","J1349","J1349","J1349 J1896","J1349 J1896","J1349 J1896_2017",NA,NA,NA,NA,1,0.2371046782,"J1349J1896",4,"Medium",44.4333333333333,"J1349J1896_2017",237.066666666667,-7.17918912214555,"J1349J1896_2018",2016,"J1349J1896_2016",NA,NA,0.2371046782,NA,2020,NA,-3,1,1,1,3,"Medium",NA,NA,NA,NA,-7.16622758812069,-0.855421686746988,-7.17918912214555,"J1349 J1896",0.157702411086238,5,3,649.9,4,2,455.4,2.5,552.65,-0.434011405129465,-0.366977794218181
"A",98,"A98",2019,"27/05/2019","Y12","J469","EY40670",11.9,0.102,0.0893,89.3,3,2,0.25,1,460,0.046,1.93,1.93,"Y","M",2,"Y12_2019","2018",4,12,8,"J469_2017","J469_2018","J469_2019",NA,NA,NA,NA,44.4,258.6,44.4,258.6,"Y19","Y19_2018","owner","J1903","J1903","J1903","J1903 J469","J1903 J469","J1903 J469_2018",NA,13.5729732443643,"positive",1,1,0.061666186,"J1903J469",1,"Low",44.4,"J1903J469_2018",249.9,5.89576696878552,"J1903J469_2019",2017,"J1903J469_2017",NA,NA,0.061666186,NA,NA,NA,NA,1,1,1,3,"Medium",NA,NA,NA,NA,13.5859347783892,3.14457831325301,13.5729732443643,"J1903 J469",-0.0177360811137624,2,2,391.2,5,1,269.3,1.5,330.25,0.822810965833736,1.34903104635134
"A",16,"A16",2015,"09/06/2015","Z20","J1358","EY70000",11.1,0.0856,0.0731,73.1,3,2,0.25,1,832.3,0.0832,4.27,4.27,"Z","F",NA,"Z20_2015","2014",8,10,2,"J1358_2013","J1358_2014","J1358_2015",NA,NA,NA,NA,43.1,252,43.1,252,NA,"NA_2014","non-owner",NA,NA,"J234",NA,NA,"NA_2014",NA,15.8120040324411,"positive",1,0,NA,NA,NA,NA,43.1,"NA_2014",252,17.4190545150956,"J1358J234_2015",2013,"NA_2013",NA,NA,NA,NA,NA,NA,NA,1,1,1,3,NA,NA,NA,NA,NA,15.824965566466,-2.85542168674699,15.8120040324411,"J1358 J234",NA,NA,NA,NA,5,2,406.3,2,406.3,0.958414375928081,-1.22498221450294
"A",23,"A23",2015,"13/06/2015","Z03","J1363","EZ25520",12.5,0.1066,0.1027,102.7,3,2,0.25,1,468.6,0.0469,1.71,1.71,"Z","M",1,"Z03_2015","2014",8,10,2,"J1363_2013","J1363_2014","J1363_2015",NA,NA,NA,NA,43.6,245,43.6,245,NA,"NA_2014","non-owner",NA,NA,"J795",NA,NA,"NA_2014",NA,5.41237680625769,"positive",1,1,NA,NA,NA,NA,43.8333333333333,"NA_2014",245.1,5.2033538479463,"J795J1363_2015",2013,"NA_2013",NA,NA,NA,NA,2020,NA,-6,1,1,1,3,NA,NA,NA,NA,NA,5.42533834028255,-2.85542168674699,5.41237680625769,"J795 J1363",NA,NA,NA,NA,5,3,649,3,649,0.328577161053615,-1.22498221450294
"A",24,"A24",2015,"06/06/2015","Y35","J1352","EY69999",11.9,0.1025,0.1035,103.5,3,2,0.25,1,806.7,0.0807,2.92,2.92,"Y","M",0.6,"Y35_2015","2014",8,10,2,"J1352_2013","J1352_2014","J1352_2015",NA,NA,NA,NA,41.3,225.8,41.3,225.8,NA,"NA_2014","non-owner",NA,NA,"J793",NA,NA,"NA_2014",NA,1.85066204670144,"positive",1,1,0.0832618606,NA,NA,NA,42.2846153846154,"NA_2014",227.65,-1.02048110674539,"J793J1352_2015",2013,"NA_2013",NA,NA,0.0832618606,NA,NA,NA,NA,1,1,1,3,NA,NA,NA,NA,NA,1.8636235807263,-2.85542168674699,1.85066204670144,"J793 J1352",0.00385959348623764,NA,NA,NA,5,4,891,4,891,0.112867457662692,-1.22498221450294
"A",29,"A29",2015,"16/06/2015","Y22","J510","EY40714",10.6,0.0791,0.0659,65.9,3,2,0.25,1,1560.7,0.1561,8.88,8.88,"Y","F",NA,"Y22_2015","2014",8,10,2,"J510_2013","J510_2014","J510_2015",39.6,176.9,NA,NA,39.8,199.6,39.7,188.25,NA,"NA_2014","non-owner",NA,NA,"J516",NA,NA,"NA_2014",NA,-24.8205308295117,"negative",0,0,0.00823417769,NA,NA,NA,39.7,"NA_2014",194.955555555556,-10.4174353398754,"J510J516_2015",2013,"NA_2013",NA,NA,0.00823417769,NA,NA,NA,NA,1,1,1,3,NA,NA,NA,NA,NA,-24.8075692954868,-2.85542168674699,-24.8205308295117,"J510 J516",-0.0711680894237624,NA,NA,NA,3,2,472.4,2,472.4,-1.50243177116349,-1.22498221450294
"A",34,"A34",2015,"21/05/2015","Y16","J1319","EY69816",10.8,0.072,0.07,70,3,2,0.25,1,326.6,0.0327,1.75,1.75,"Y","F",NA,"Y16_2015","2014",8,10,2,"J1319_2013","J1319_2014","J1319_2015",NA,NA,NA,NA,41.2,214.7,41.2,214.7,NA,"NA_2014","non-owner",NA,NA,"J416",NA,NA,"NA_2014",NA,-8.56941250806193,"negative",0,0,0.08865470224,NA,NA,NA,41.9,"NA_2014",214.966666666667,-10.9158595447207,"J1319J416_2015",2013,"NA_2013",NA,NA,0.08865470224,NA,NA,NA,NA,1,1,1,3,NA,NA,NA,NA,NA,-8.55645097403707,-2.85542168674699,-8.56941250806193,"J1319 J416",0.00925243512623763,NA,NA,NA,5,2,438.9,2,438.9,-0.518208117799547,-1.22498221450294
"A",60,"A60",2020,"27/07/2020","Y07","J1896","EZ25876",12.8,0.1164,0.1151,115.1,3,2,0.25,1,651.3,0.0651,2.12,2.12,"Y","M",3,"Y07_2020","2019",3,9,6,"J1896_2018","J1896_2019","J1896_2020",44.6,232.1,NA,NA,44.2,235.5,44.4,233.8,"Y08","Y08_2019","owner","J1349","J1349","J3472","J1349 J1896","J1349 J1896","J1349 J1896_2019",0.04876345605,-11.2270267556358,"negative",0,1,0.025567251416,"J1349J1896",4,"Medium",44.4333333333333,"J1349J1896_2019",237.066666666667,-7.17918912214555,"J3472J1896_2020",2018,"J1349J1896_2018",0.2371046782,0.04876345605,NA,NA,2020,NA,-1,1,2,2,5,"Medium",NA,NA,NA,NA,-11.2140652216109,1.14457831325301,-11.2270267556358,"J3472 J1896",-0.0538350156977624,5,2,392.9,NA,3,NA,2.5,392.9,-0.679162382745534,0.49102662606658
"A",62,"A62",2018,"21/05/2018","Y12","J1903","EZ25887",10.9,0.0781,0.0694,69.4,3,2,0.25,1,517.3,0.0517,2.8,2.8,"Y","F",NA,"Y12_2018","2017",5,9,4,"J1903_2016","J1903_2017","J1903_2018",NA,NA,NA,NA,40.8,225.8,40.8,225.8,"Y19","Y19_2017","owner","J469","J469","J469","J1903 J469","J1903 J469","J1903 J469_2017",NA,5.25028927288486,"positive",1,0,NA,"J1903J469",1,"Low",41.0333333333333,"J1903J469_2017",223.433333333333,3.83299881948606,"J1903J469_2018",2016,"J1903J469_2016",NA,NA,NA,NA,2021,NA,-4,1,1,1,3,"Medium",NA,NA,NA,NA,5.26325080690972,-0.855421686746988,5.25028927288486,"J1903 J469",NA,6,3,527.7,2,2,391.2,2.5,459.45,0.318760582212367,-0.366977794218181
"A",65,"A65",2019,"17/09/2019","Y20","J1323","EY69820",9.8,0.0697,0.0649,64.9,3,2,0.25,1,373.8,0.0374,2.16,2.16,"Y","F",NA,"Y20_2019","2018",4,10,6,"J1323_2017","J1323_2018","J1323_2019",NA,NA,NA,NA,42.4,229.2,42.4,229.2,"Y20","Y20_2018","owner","J1340","J1340","J1340","J1323 J1340","J1323 J1340","J1323 J1340_2018",0.01484414054,-2.2285178509021,"negative",0,0,0.011794964045,"J1323J1340",3,"Medium",42.9,"J1323J1340_2018",225.9,-7.23120893931823,"J1323J1340_2019",2017,"J1323J1340_2017",NA,0.01484414054,0.00874578755,NA,NA,NA,NA,1,1,1,3,"Medium",NA,NA,NA,NA,-2.21555631687724,1.14457831325301,-2.2285178509021,"J1323 J1340",-0.0676073030687624,3,3,665,3,0,0,1.5,332.5,-0.134181715331696,0.49102662606658
"A",66,"A66",2020,"09/06/2020","Y21","J2409","EZ62211",11.2,0.0868,0.0848,84.8,3,2,0.25,1,611.4,0.0611,2.7,2.7,"Y","F",0,"Y21_2020","2019",3,8,5,"J2409_2018","J2409_2019","J2409_2020",NA,NA,NA,NA,42.6,218.7,42.6,218.7,"Y21","Y21_2019","owner","J2402","J2402","J2402","J2409 J2402","J2409 J2402","J2409 J2402_2019",0.03135479178,-14.0883687413755,"negative",0,0,0.03135479178,"J2409J2402",2,"Low",41.8555555555556,"J2409J2402_2019",231.6,6.03963746540956,"J2409J2402_2020",2018,"J2409J2402_2018",NA,0.03135479178,NA,NA,NA,NA,NA,1,1,1,3,"Medium",NA,NA,NA,NA,-14.0754072073506,0.144578313253012,-14.0883687413755,"J2409 J2402",-0.0480474753337624,9,2,412.8,NA,0,NA,1,412.8,-0.852455100638756,0.0620244159241996
"A",68,"A68",2020,"09/06/2020","Y22","J1507","EZ25665",12.9,0.1138,0.1043,104.3,3,2,0.25,1,933.6,0.0934,3.36,3.36,"Y","M",1,"Y22_2020","2019",3,8,5,"J1507_2018","J1507_2019","J1507_2020",NA,NA,NA,NA,46.6,243.2,46.6,243.2,"Y22","Y22_2019","owner","J1915","J1915","J1915","J1915 J1507","J1915 J1507","J1915 J1507_2019",0.0073222827,-16.7853865508428,"negative",0,1,0.0045301896675,"J1915J1507",2,"Low",46.1714285714286,"J1915J1507_2019",246.5,-6.20667752340039,"J1915J1507_2020",2018,"J1915J1507_2018",0.1738096635,0.0073222827,NA,NA,NA,NA,NA,1,1,1,3,"Medium",NA,NA,NA,NA,-16.7724250168179,0.144578313253012,-16.7853865508428,"J1915 J1507",-0.0748720774462624,5,2,407,NA,2,NA,2,407,-1.01579578089938,0.0620244159241996
"A",69,"A69",2020,"21/05/2020","Y24","J1318","EY69815",10.8,0.0698,0.0647,64.7,3,2,0.25,1,344.3,0.0344,2,2,"Y","F",2,"Y24_2020","2019",3,10,7,"J1318_2018","J1318_2019","J1318_2020",NA,NA,NA,NA,42.9,221.3,42.9,221.3,"Y24","Y24_2019","owner","J494","J494","J494","J1318 J494","J1318 J494","J1318 J494_2019",0.1526382465,-13.5281450770855,"negative",0,0,0.1526382465,"J1318J494",3,"Medium",42.975,"J1318J494_2019",213.75,-19.924860143913,"J1318J494_2020",2018,"J1318J494_2018",NA,0.1526382465,NA,NA,NA,NA,NA,1,1,1,3,"Low",NA,NA,NA,NA,-13.5151835430606,2.14457831325301,-13.5281450770855,"J1318 J494",0.0732359793862376,5,2,454.4,NA,3,NA,2.5,454.4,-0.818526027533635,0.920028836208961
"A",70,"A70",2020,"06/06/2020","Y24","J494","EY40698",11.8,0.1005,0.0868,86.8,3,2,0.25,1,942.3,0.0942,4.07,4.07,"Y","M",3,"Y24_2020","2019",3,10,7,"J494_2018","J494_2019","J494_2020",NA,NA,NA,NA,43.7,226.8,43.7,226.8,"Y24","Y24_2019","owner","J1318","J1318","J1318","J1318 J494","J1318 J494","J1318 J494_2019",0.1526382465,-13.467548638979,"negative",0,1,0.1526382465,"J1318J494",3,"Medium",42.8444444444444,"J1318J494_2019",225.522222222222,-0.77680077277222,"J1318J494_2020",2018,"J1318J494_2018",NA,0.1526382465,NA,NA,NA,NA,NA,1,1,1,3,"Low",NA,NA,NA,NA,-13.4545871049541,2.14457831325301,-13.467548638979,"J1318 J494",0.0732359793862376,5,2,454.4,NA,3,NA,2.5,454.4,-0.81485609870078,0.920028836208961
"A",77,"A77",2020,"23/05/2020","Z06","J323","EY40521",12.7,0.1133,0.0575,57.5,3,2,0.25,1,425.4,0.0425,2.77,2.77,"Z","M",4.5,"Z06_2020","2019",3,12,9,"J323_2018","J323_2019","J323_2020",NA,NA,NA,NA,45.5,253,45.5,253,"Z06","Z06_2019","owner","J41","J41","J41","J41 J323","J41 J323","J41 J323_2019",0.02569736874,0.493793346760724,"positive",1,1,0.01318460140585,"J41J323",4,"Medium",45.125,"J41J323_2019",244.55,-4.70952800896435,"J41J323_2020",2018,"J41J323_2018",0.06718340717,0.02569736874,NA,NA,NA,NA,NA,1,1,1,3,"Low",NA,NA,NA,NA,0.506754880785584,4.14457831325301,0.493793346760724,"J41 J323",-0.0662176657079124,5,3,478.3,NA,2,NA,2.5,478.3,0.0306908195646133,1.77803325649372
"A",78,"A78",2020,"26/05/2020","Z13","J2375","EZ62023",11.4,0.0887,0.0811,81.1,3,2,0.25,1,1555.2,0.1555,7.19,7.19,"Z","F",1,"Z13_2020","2019",3,8,5,"J2375_2018","J2375_2019","J2375_2020",NA,NA,NA,NA,43,216.6,43,216.6,"Z13","Z13_2019","owner","J837","J837","J837","J2375 J837","J2375 J837","J2375 J837_2019",0.01121809522,-18.9080705223222,"negative",0,0,0.00560904761,"J2375J837",6,"High",42.95,"J2375J837_2019",219.55,-13.9436430757148,"J2375J837_2020",2018,"J2375J837_2018",NA,0.00560904761,NA,NA,NA,NA,NA,1,1,1,3,"Medium",NA,NA,NA,NA,-18.8951089882973,0.144578313253012,-18.9080705223222,"J2375 J837",-0.0737932195037624,5,3,602.3,NA,3,NA,3,602.3,-1.14435282737593,0.0620244159241996
"A",80,"A80",2020,"22/05/2020","Z13","J837","EY69668",13,0.1209,0.1155,115.5,3,2,0.25,1,904.9,0.0905,2.94,2.94,"Z","M",1,"Z13_2020","2019",3,10,7,"J837_2018","J837_2019","J837_2020",NA,NA,NA,NA,45.5,248,45.5,248,"Z13","Z13_2019","owner","J2375","J2375","J2375","J2375 J837","J2375 J837","J2375 J837_2019",0.01121809522,-4.50620665323928,"negative",0,1,0.00560904761,"J2375J837",6,"High",44.98,"J2375J837_2019",258.4,13.3214256048201,"J2375J837_2020",2018,"J2375J837_2018",NA,0.00560904761,NA,NA,NA,NA,NA,1,1,1,3,"Medium",NA,NA,NA,NA,-4.49324511921442,2.14457831325301,-4.50620665323928,"J2375 J837",-0.0737932195037624,5,3,602.3,NA,3,NA,3,602.3,-0.272126387810239,0.920028836208961
"A",81,"A81",2018,"22/05/2018","Z15","J831","EY69662",10.9,0.0898,0.0874,87.4,3,2,0.25,1,680.3,0.068,2.92,2.92,"Z","M",1.66666666666667,"Z15_2018","2017",5,10,5,"J831_2016","J831_2017","J831_2018",NA,NA,NA,NA,NA,NA,NA,NA,NA,"NA_2017","non-owner","J164",NA,"J164","J164 J831",NA,"NA_2017",NA,NA,NA,NA,1,0.2850213897,NA,NA,NA,44.46,"NA_2017",242.42,2.43902299175961,"J164J831_2018",2016,"J164J831_2016",NA,NA,0.2850213897,NA,NA,NA,NA,1,1,1,3,NA,NA,NA,NA,NA,2.45198452578447,0.144578313253012,2.43902299175961,"J164 J831",0.205619122586238,NA,NA,NA,5,2,418.1,2,418.1,0.148500621324881,0.0620244159241996
"A",82,"A82",2019,"01/06/2019","Z19","J1337","EY69858",10.3,0.0814,0.0769,76.9,3,2,0.25,1,1085.5,0.1086,5.29,5.29,"Z","F",1,"Z19_2019","2018",4,8,4,"J1337_2017","J1337_2018","J1337_2019",NA,NA,NA,NA,42.7,214.2,42.7,214.2,"Z19","Z19_2018","owner","J1259","J1259","J1259","J1337 J1259","J1337 J1259","J1337 J1259_2018",0.169529425,-19.2682941866122,"negative",0,0,0.08968386911,"J1337J1259",6,"High",42.75,"J1337J1259_2018",230.35,-1.69390653012859,"J1337J1259_2019",2017,"J1337J1259_2017",NA,0.169529425,0.00983831322,NA,NA,NA,NA,1,1,1,3,"High",NA,NA,NA,NA,-19.2553326525873,-0.855421686746988,-19.2682941866122,"J1337 J1259",0.0102816019962376,4,2,438.1,5,3,521.8,2.5,479.95,-1.16616921218606,-0.366977794218181
"A",83,"A83",2019,"29/05/2019","Z19","J1259","EY69979",12,0.1014,0.1023,102.3,3,2,0.25,1,1896.4,0.1896,6.95,6.95,"Z","M",3.33333333333333,"Z19_2019","2018",4,8,4,"J1259_2017","J1259_2018","J1259_2019",NA,NA,NA,NA,45,237.8,45,237.8,"Z19","Z19_2018","owner","J1337","J1337","J1337","J1337 J1259","J1337 J1259","J1337 J1259_2018",0.169529425,-11.3065794270558,"negative",0,1,0.08968386911,"J1337J1259",6,"High",45.025,"J1337J1259_2018",234.666666666667,-10.403442667973,"J1337J1259_2019",2017,"J1337J1259_2017",NA,0.169529425,0.00983831322,NA,NA,NA,NA,1,1,1,3,"High",-35.83614777,2,"Z","same_site",-11.2936178930309,-0.855421686746988,-11.3065794270558,"J1337 J1259",0.0102816019962376,4,2,438.1,5,3,521.8,2.5,479.95,-0.683980366305257,-0.366977794218181
"A",87,"A87",2018,"21/05/2018","Z24","J218","EY40872",11.5,0.1011,0.0947,94.7,3,2,0.25,1,755.7,0.0756,2.99,2.99,"Z","F",NA,"Z24_2018","2017",5,12,7,"J218_2016","J218_2017","J218_2018",NA,NA,NA,NA,42.2,234.9,42.2,234.9,"Z24","Z24_2017","owner","J289","J289","J289","J218 J289","J218 J289","J218 J289_2017",NA,4.83133303957125,"positive",1,0,NA,"J218J289",7,"High",42.9666666666667,"J218J289_2017",234.1,0.485545545486373,"J218J289_2018",2016,"J218J289_2016",NA,NA,NA,NA,NA,NA,NA,1,1,1,3,"High",NA,NA,NA,NA,4.84429457359611,2.14457831325301,4.83133303957125,"J218 J289",NA,6,3,722.6,3,2,487.2,2.5,604.9,0.293387150895504,0.920028836208961
"A",88,"A88",2020,"23/05/2020","Z24","J289","EY40985",12.6,0.1196,0.1133,113.3,3,2,0.25,1,817.8,0.0818,2.71,2.71,"Z","M",NA,"Z24_2020","2019",3,12,9,"J289_2018","J289_2019","J289_2020",NA,NA,NA,NA,44.1,263.3,44.1,263.3,"Z24","Z24_2019","owner","J218","J218","J218","J218 J289","J218 J289","J218 J289_2019",0.0265936815,20.3127495800743,"positive",1,1,0.0265936815,"J218J289",7,"High",45,"J218J289_2019",259.833333333333,11.4798906653604,"J218J289_2020",2018,"J218J289_2018",NA,0.0265936815,NA,NA,NA,NA,NA,1,1,1,3,"High",NA,NA,NA,NA,20.3257111140992,4.14457831325301,20.3127495800743,"J218 J289",-0.0528085856137624,5,3,703.6,NA,3,NA,3,703.6,1.2309950154959,1.77803325649372
"A",89,"A89",2018,"04/06/2018","Z27","J692","EY69606",11,0.0741,0.0575,57.5,3,2,0.25,1,524.8,0.0525,3.42,3.42,"Z","F",1,"Z27_2018","2017",5,9,4,"J692_2016","J692_2017","J692_2018",NA,NA,NA,NA,43.5,221.7,43.5,221.7,"Z27","Z27_2017","owner","J899","J899","J899","J692 J899","J692 J899","J692 J899_2017",NA,-17.2076977485056,"negative",0,0,0.1545230857,"J692J899",2,"Low",43.4,"J692J899_2017",213.066666666667,-14.818247894094,"J692J899_2018",2016,"J692J899_2016",NA,NA,0.1545230857,NA,NA,NA,NA,1,1,1,3,"Medium",1.376971076,2,"Z","same_site",-17.1947362144807,-0.855421686746988,-17.2076977485056,"J692 J899",0.0751208185862376,4,1,265.1,4,2,592.3,1.5,428.7,-1.04137240040326,-0.366977794218181
"A",90,"A90",2018,"28/05/2018","Z27","J692","EY69606",11.3,0.0796,0.0731,73.1,3,2,0.25,1,647.7,0.0648,3.32,3.32,"Z","F",1,"Z27_2018","2017",5,9,4,"J692_2016","J692_2017","J692_2018",NA,NA,NA,NA,43.5,221.7,43.5,221.7,"Z27","Z27_2017","owner","J899","J899","J899","J692 J899","J692 J899","J692 J899_2017",NA,-17.2076977485056,"negative",0,0,0.1545230857,"J692J899",2,"Low",43.4,"J692J899_2017",213.066666666667,-14.818247894094,"J692J899_2018",2016,"J692J899_2016",NA,NA,0.1545230857,NA,NA,NA,NA,1,1,1,3,"Medium",1.376971076,2,"Z","same_site",-17.1947362144807,-0.855421686746988,-17.2076977485056,"J692 J899",0.0751208185862376,4,1,265.1,4,2,592.3,1.5,428.7,-1.04137240040326,-0.366977794218181
"A",92,"A92",2020,"26/05/2020","Z27","J899","EY69730",12.5,0.1218,0.1218,121.8,3,2,0.25,1,1390.1,0.139,4.28,4.28,"Z","M",4.66666666666667,"Z27_2020","2019",3,9,6,"J899_2018","J899_2019","J899_2020",NA,NA,NA,NA,44.4,249.2,44.4,249.2,"Z27","Z27_2019","owner","J692","J692","J692","J692 J899","J692 J899","J692 J899_2019",0.04855008288,4.17297324436424,"positive",1,1,0.0250476568685,"J692J899",2,"Low",44.18,"J692J899_2019",239.32,-0.0980159630162292,"J692J899_2020",2018,"J692J899_2018",0.1545230857,0.04855008288,NA,NA,2016,NA,3,1,1,1,3,"Medium",NA,NA,NA,NA,4.1859347783891,1.14457831325301,4.17297324436424,"J692 J899",-0.0543546102452624,5,3,572.2,NA,3,NA,3,572.2,0.253514615969011,0.49102662606658
"A",93,"A93",2020,"22/05/2020","Z30","J1463","EZ25620",11.9,0.1058,0.1029,102.9,3,2,0.25,1,1050,0.105,3.83,3.83,"Z","M",2.33333333333333,"Z30_2020","2019",3,8,5,"J1463_2018","J1463_2019","J1463_2020",NA,NA,NA,NA,42.9,237.5,42.9,237.5,"Z30","Z30_2019","owner","J2157","J2377","J2377","J2157 J1463","J2377 J1463","J2377 J1463_2019",0.03940972784,2.67185492291449,"positive",1,1,0.03940972784,"J2377J1463",1,"Low",42.3666666666667,"J2377J1463_2019",233.566666666667,10.8309617426645,"J2377J1463_2020",2018,"J2157J1463_2018",NA,0.03940972784,NA,2018,2018,1,1,2,1,2,5,"Medium",NA,NA,NA,NA,2.68481645693935,0.144578313253012,2.67185492291449,"J2377 J1463",-0.0399925392737624,5,0,0,NA,2,NA,1,0,0.162601724360883,0.0620244159241996
"A",95,"A95",2020,"25/05/2020","Z37","J933","EY69765",12.7,0.1213,0.1169,116.9,3,2,0.25,1,788.9,0.0789,2.53,2.53,"Z","M",2.125,"Z37_2020","2019",3,10,7,"J933_2018","J933_2019","J933_2020",NA,NA,NA,NA,44.1,239.9,44.1,239.9,"Z37","Z37_2019","owner","J1355","J1355","J1355","J1355 J933","J1355 J933","J1355 J933_2019",0.0442002929,-3.08725041992572,"negative",0,1,0.0442002929,"J1355J933",NA,NA,42.6444444444444,"J1355J933_2019",240.455555555556,9.94035320856534,"J1355J933_2020",2018,"J1355J933_2018",NA,0.0442002929,NA,NA,2023,NA,-4,1,1,1,3,NA,NA,NA,NA,NA,-3.07428888590086,2.14457831325301,-3.08725041992572,"J1355 J933",-0.0352019742137624,4,0,0,NA,3,NA,1.5,0,-0.186189515018408,0.920028836208961
"A",96,"A96",2019,"30/05/2019","Z39","J1345","EY69967",12.3,0.1078,0.1063,106.3,3,2,0.25,1,1232.7,0.1233,4.35,4.35,"Z","M",0.5,"Z39_2019","2018",4,10,6,"J1345_2017","J1345_2018","J1345_2019",NA,NA,NA,NA,44,239.4,44,239.4,"Z39","Z39_2018","owner","J56","J56","J56","J56 J1345","J56 J1345","J56 J1345_2018",NA,-2.90732497468902,"negative",0,1,0,"J56J1345",2,"Low",43.5666666666667,"J56J1345_2018",251.266666666667,13.3030025753945,"J56J1345_2019",2017,"J56J1345_2017",NA,NA,0,NA,NA,NA,NA,1,1,1,3,"Low",NA,NA,NA,NA,-2.89436344066416,1.14457831325301,-2.90732497468902,"J56 J1345",-0.0794022671137624,4,2,537.5,4,0,230.2,1,383.85,-0.175292610845958,0.49102662606658
"A",99,"A99",2019,"12/06/2019","Z25","J1360","EZ25517",9.6,0.0776,0.0699,69.9,3,2,0.25,1,572.8,0.0573,3.07,3.07,"Z","M",1.75,"Z25_2019","2018",4,9,5,"J1360_2017","J1360_2018","J1360_2019",NA,NA,NA,NA,NA,NA,NA,NA,"Z25","Z25_2018","owner","J912","J912","J912","J912 J1360","J912 J1360","J912 J1360_2018",0.08057138889,NA,NA,NA,1,0.092451802595,"J912J1360",5,"Medium",42.7,"J912J1360_2018",230.1,-2.85012359832685,"J912J1360_2019",2017,"J912J1360_2017",NA,0.08057138889,0.1043322163,NA,NA,NA,NA,1,1,1,3,"High",NA,NA,NA,NA,-2.83716206430199,0.144578313253012,-2.85012359832685,"J912 J1360",0.0130495354812376,5,3,519.1,5,2,320.8,2.5,419.95,-0.17182829863636,0.0620244159241996
"A",100,"A100",2019,"19/05/2019","Y08","J1349","EY69975",10.8,0.09,0.0803,80.3,3,2,0.25,1,541.1,0.0541,2.53,2.53,"Y","F",NA,"Y08_2019","2018",4,10,6,"J1349_2017","J1349_2018","J1349_2019",NA,NA,43.7,219.1,NA,NA,43.7,219.1,"Y08","Y08_2018","owner","J1896","J1896","J1896","J1349 J1896","J1349 J1896","J1349 J1896_2018",0.2371046782,-21.167548638979,"negative",0,0,0.142934067125,"J1349J1896",4,"Medium",42.8333333333333,"J1349J1896_2018",218.333333333333,-14.3146300907895,"J1349J1896_2019",2017,"J1349J1896_2017",NA,0.2371046782,0.04876345605,NA,NA,NA,NA,1,1,1,3,"Medium",NA,NA,NA,NA,-21.1545871049541,1.14457831325301,-21.167548638979,"J1349 J1896",0.0635318000112376,4,2,455.4,5,2,392.9,2,424.15,-1.28119459805805,0.49102662606658
"A",101,"A101",2018,"03/06/2018","Z15","J831","EY69662",12.4,0.1041,0.0987,98.7,3,2,0.25,1,648.9,0.0649,2.47,2.47,"Z","M",1.66666666666667,"Z15_2018","2017",5,10,5,"J831_2016","J831_2017","J831_2018",NA,NA,NA,NA,NA,NA,NA,NA,NA,"NA_2017","non-owner","J164",NA,"J164","J164 J831",NA,"NA_2017",NA,NA,NA,NA,1,0.2850213897,NA,NA,NA,44.46,"NA_2017",242.42,2.43902299175961,"J164J831_2018",2016,"J164J831_2016",NA,NA,0.2850213897,NA,NA,NA,NA,1,1,1,3,NA,NA,NA,NA,NA,2.45198452578447,0.144578313253012,2.43902299175961,"J164 J831",0.205619122586238,NA,NA,NA,5,2,418.1,2,418.1,0.148500621324881,0.0620244159241996
"B",1,"B1",2023,"05/06/2023","Y07","J2391","EZ62127",11.8,0.1032,0.0941,94.1,3,2,0.25,1,806.6,0.0807,3.21,3.21,"Y","M",0.5,"Y07_2023","2022",0,8,8,"J2391_2021","J2391_2022","J2391_2023",NA,NA,NA,NA,42.5,244.4,42.5,244.4,"Y07","Y07_2022","owner","J896","J3492","J3019","J896 J2391","J3492 J2391","J3492 J2391_2022",NA,12.2915567038612,"positive",1,1,NA,"J3492J2391",3,"Medium",43,"J3492J2391_2022",242.366666666667,8.51058945455537,"J3019J2391_2023",2021,"J896J2391_2021",NA,NA,NA,NA,2022,NA,0,2,2,2,6,"Medium",NA,NA,NA,NA,12.3045182378861,3.14457831325301,12.2915567038612,"J3019 J2391",NA,4,0,NA,5,3,561,1.5,561,0.745203970177917,1.34903104635134
"B",2,"B2",2023,"17/05/2023","Z44","J587","EY69550",12.1,0.1073,0.0975,97.5,3,2,0.25,1,742.9,0.0743,2.86,2.86,"Z","M",4.33333333333333,"Z44_2023","2022",0,9,9,"J587_2021","J587_2022","J587_2023",NA,NA,NA,NA,44.4,252.7,44.4,252.7,"Z44","Z44_2022","owner","J908","J908","J908","J908 J587","J908 J587","J908 J587_2022",NA,7.67297324436424,"positive",1,1,NA,"J908J587",1,"Low",44.48,"J908J587_2022",257.68,13.9334645595959,"J908J587_2023",2021,"J908J587_2021",NA,NA,NA,NA,NA,NA,NA,1,1,1,3,"Low",8.836855508,3,"Z","same_site",7.6859347783891,4.14457831325301,7.67297324436424,"J908 J587",NA,5,0,NA,5,0,NA,0,NA,0.465486661131407,1.77803325649372
"B",3,"B3",2023,"25/05/2023","Y01","J1171","EA78531",12.4,0.1088,0.0936,93.6,3,2,0.25,1,751.3,0.0751,3.01,3.01,"Y","M",1.9,"Y01_2023","2022",0,8,8,"J1171_2021","J1171_2022","J1171_2023",NA,NA,NA,NA,43.7,262.7,43.7,262.7,"Y01","Y01_2022","owner","J1031","J1031","J1031","J1031 J1171","J1031 J1171","J1031 J1171_2022",NA,22.432451361021,"positive",1,1,NA,"J1031J1171",1,"Low",43.88125,"J1031J1171_2022",240.7,9.64742896082616,"J1031J1171_2023",2021,"J1031J1171_2021",NA,NA,NA,2019,NA,3,NA,1,1,1,3,"High",44.08571697,2,"Y","same_site",22.4454128950459,3.14457831325301,22.432451361021,"J1031 J1171",NA,4,2,462.7,3,2,478.4,2,470.55,1.35937145025065,1.34903104635134
"B",4,"B4",2023,"25/06/2023","Y26","J2941","EA78777",12.4,0.1122,0.103,103,3,2,0.25,1,898.4,0.0898,3.27,3.27,"Y","M",3.66666666666667,"Y26_2023","2022",0,7,7,"J2941_2021","J2941_2022","J2941_2023",NA,NA,NA,NA,45.6,257.2,45.6,257.2,"Y26","Y26_2022","owner","J2952","J2952","J2952","J2952 J2941","J2952 J2941","J2952 J2941_2022",0.028,4.01386790152402,"positive",1,1,0.028,"J2952J2941",2,"Low",45.325,"J2952J2941_2022",255.2625,4.55323544544944,"J2952J2941_2023",2021,"J2952J2941_2021",NA,0.028,NA,NA,NA,NA,NA,1,1,1,3,"Low",NA,NA,NA,NA,4.02682943554888,2.14457831325301,4.01386790152402,"J2952 J2941",-0.0514022671137624,5,3,594.2,5,2,457.3,2.5,525.75,0.243878648849552,0.920028836208961
"B",5,"B5",2023,"11/04/2023","Z17","J909","EY69740",12.3,0.1084,0.1103,110.3,3,2,0.25,1,556,0.0556,1.89,1.89,"Z","M",1.5,"Z17_2023","2022",0,9,9,"J909_2021","J909_2022","J909_2023",NA,NA,NA,NA,45.4,278.5,45.4,278.5,"Z17","Z17_2022","owner","J990","J990","J990","J990 J909","J990 J909","J990 J909_2022",NA,26.6737187919974,"positive",1,1,NA,"J990J909",2,"Low",44.78,"J990J909_2022",253.5,11.5026426730183,"J990J909_2023",2021,"J990J909_2021",NA,NA,NA,NA,NA,NA,NA,1,1,1,3,"Medium",NA,NA,NA,NA,26.6866803260223,4.14457831325301,26.6737187919974,"J990 J909",NA,2,0,NA,4,2,468.3,1,468.3,1.61623720208629,1.77803325649372
"B",6,"B6",2023,"18/05/2023","Z31","J2701","EZ62561",11.1,0.085,0.076,76,3,2,0.25,1,656.8,0.0657,3.24,3.24,"Z","F",0,"Z31_2023","2022",0,5,5,"J2701_2021","J2701_2022","J2701_2023",NA,NA,NA,NA,43.3,203.7,43.3,203.7,NA,"NA_2022","non-owner",NA,NA,"J2396",NA,NA,"NA_2022",NA,-33.8478468580322,"negative",0,0,NA,NA,NA,NA,42.9,"NA_2022",199.1,-31.5685113485078,"J2701J2396_2023",2021,"NA_2021",NA,NA,NA,2020,NA,2,NA,1,1,1,3,NA,3.153588284,2,"Z","same_site",-33.8348853240073,0.144578313253012,-33.8478468580322,"J2701 J2396",NA,NA,NA,NA,4,2,439.1,2,439.1,-2.04915709713285,0.0620244159241996
"B",7,"B7",2023,"13/04/2023","Z06","J3702","EY24317",11.3,0.0951,0.0813,81.3,3,2,0.25,1,843.8,0.0844,3.89,3.89,"Z","M",2,"Z06_2023","2022",0,3,3,"J3702_2021","J3702_2022","J3702_2023",NA,NA,NA,NA,45.3,252.6,45.3,252.6,NA,"NA_2022","non-owner",NA,"J3715","J3715",NA,"J3715 J3702","J3715 J3702_2022",NA,1.4536442372341,"positive",1,1,NA,"J3715J3702",NA,NA,45.3,"J3715J3702_2022",252.6,2.07195251364775,"J3715J3702_2023",2021,"NA_2021",NA,NA,NA,2022,NA,0,NA,1,1,1,3,NA,-23.05877154,3,"Z","same_site",1.46660577125896,-1.85542168674699,1.4536442372341,"J3715 J3702",NA,NA,NA,NA,NA,NA,NA,NA,NA,0.0888226927944957,-0.795980004360561
"B",8,"B8",2023,"21/04/2023","X38","J5319","EA79224",11.9,0.1047,0.0925,92.5,3,2,0.25,1,796,0.0796,3.23,3.23,"X","M",NA,"X38_2023","2022",0,2,2,"J5319_2021","J5319_2022","J5319_2023",NA,NA,NA,NA,42,255.8,42,255.8,NA,"NA_2022","non-owner",NA,NA,NA,NA,NA,"NA_2022",NA,27.0911839300446,"positive",1,1,NA,NA,NA,NA,42,"NA_2022",255.8,29.1926055158196,"NA_2023",2021,"NA_2021",NA,NA,NA,NA,NA,NA,NA,1,1,1,3,NA,NA,NA,NA,NA,27.1041454640695,-2.85542168674699,27.0911839300446,"NA J5319",NA,NA,NA,NA,NA,NA,NA,NA,NA,1.64152032754225,-1.22498221450294
"B",9,"B9",2023,"14/06/2023","Z27","J1222","EY69962",11.3,0.09,0.0802,80.2,3,2,0.25,1,993.1,0.0993,4.64,4.64,"Z","F",1.5,"Z27_2023","2022",0,8,8,"J1222_2021","J1222_2022","J1222_2023",42,215.5,NA,NA,42,216.5,42,216,NA,"NA_2022","non-owner","J1155",NA,"J899","J1222 J1155",NA,"NA_2022",NA,-12.7088160699554,"negative",0,0,NA,NA,NA,NA,42.04,"NA_2022",208.3,-13.3322627569735,"J1222J899_2023",2021,"J1222J1155_2021",NA,NA,NA,NA,2023,NA,-1,1,1,2,4,NA,27.63533746,4,"Z","same_site",-12.6958545359305,3.14457831325301,-12.7088160699554,"J1222 J899",NA,NA,NA,NA,4,2,459,2,459,-0.768904643161565,1.34903104635134
"B",10,"B10",2023,"15/04/2023","X35","J3479","EZ62847",10.7,0.0869,0.074,74,3,1.5,0.25,1,618.4,0.0618,4.18,4.18,"X","F",0,"X35_2023","2022",0,6,6,"J3479_2021","J3479_2022","J3479_2023",NA,NA,NA,NA,41.3,252.1,41.3,252.1,"X35","X35_2022","owner","J3470","J3470","J3470","J3479 J3470","J3479 J3470","J3479 J3470_2022",NA,28.1506620467014,"positive",1,0,NA,"J3479J3470",3,"Medium",41.3,"J3479J3470_2022",228.8,7.26668342537118,"J3479J3470_2023",2021,"J3479J3470_2021",NA,NA,NA,2019,NA,3,NA,1,1,1,3,"",NA,NA,NA,NA,28.1636235807263,1.14457831325301,28.1506620467014,"J3479 J3470",NA,5,2,305,4,1,197,1.5,251,1.70568596845441,0.49102662606658
"B",11,"B11",2023,"21/04/2023","Y33","J1902","EZ25884",10.6,0.0818,0.0758,75.8,3,1.5,0.25,1,562.6,0.0563,3.71,3.71,"Y","F",0.333333333333333,"Y33_2023","2022",0,9,9,"J1902_2021","J1902_2022","J1902_2023",NA,NA,NA,NA,41.3,248.6,41.3,248.6,"Y33","Y33_2022","owner","J1368","J1368","J1368","J1902 J1368","J1902 J1368","J1902 J1368_2022",0.017,24.6506620467014,"positive",1,0,0.017,"J1902J1368",0,"Low",41.32,"J1902J1368_2022",226,4.32170977081253,"J1902J1368_2023",2021,"J1902J1368_2021",NA,0.017,NA,NA,2019,NA,3,1,1,1,3,"Low",NA,NA,NA,NA,24.6636235807263,4.14457831325301,24.6506620467014,"J1902 J1368",-0.0624022671137624,4,2,443.6,3,2,388.9,2,416.25,1.49371392329201,1.77803325649372
"B",12,"B12",2023,"17/06/2023","Y19","J3987","EA78622",11.5,0.0916,0.0889,88.9,3,1.5,0.25,1,1077.6,0.1078,6.06,6.06,"Y","F",0,"Y19_2023","2022",0,5,5,"J3987_2021","J3987_2022","J3987_2023",NA,NA,NA,NA,42.9,225.5,42.9,225.5,"Y19","Y19_2022","owner","UNM6.21.Y19","J4574","J4574","J3987 UNM6.21.Y19","J3987 J4574","J3987 J4574_2022",NA,-9.3281450770855,"negative",0,0,NA,"J3987J4574",1,"Low",42.8285714285714,"J3987J4574_2022",230.7375,-1.87594588732315,"J3987J4574_2023",2021,"J3987UNM6.21.Y19_2021",NA,NA,NA,NA,NA,NA,NA,2,1,2,5,"Medium",NA,NA,NA,NA,-9.31518354306064,0.144578313253012,-9.3281450770855,"J3987 J4574",NA,NA,NA,NA,5,3,702.8,3,702.8,-0.56415957333876,0.0620244159241996
"B",13,"B13",2023,"21/04/2023","X38","J5320","EA79225",10.2,0.0775,0.0676,67.6,3,1.5,0.25,1,724,0.0724,5.36,5.36,"X","F",NA,"X38_2023","2022",0,2,2,"J5320_2021","J5320_2022","J5320_2023",NA,NA,NA,NA,41.4,248.1,41.4,248.1,NA,"NA_2022","non-owner",NA,NA,"J4166",NA,NA,"NA_2022",NA,23.4707366014647,"positive",1,0,NA,NA,NA,NA,41.4,"NA_2022",248.1,25.8418151525781,"J5320J4166_2023",2021,"NA_2021",NA,NA,NA,NA,NA,NA,NA,1,1,1,3,NA,NA,NA,NA,NA,23.4836981354896,-2.85542168674699,23.4707366014647,"J5320 J4166",NA,NA,NA,NA,NA,NA,NA,NA,NA,1.42225357764459,-1.22498221450294
"B",14,"B14",2023,"17/06/2023","Y22","J4646","EA78774",11.8,0.0981,0.0975,97.5,3,1.5,0.25,1,783.8,0.0784,4.02,4.02,"Y","M",0.1,"Y22_2023","2022",0,3,3,"J4646_2021","J4646_2022","J4646_2023",NA,NA,NA,NA,45.2,256.9,45.2,256.9,"Y22","Y22_2022","owner",NA,"J4645","J4645",NA,"J4645 J4646","J4645 J4646_2022",0.029,6.43356968247073,"positive",1,1,0.029,"J4645J4646",2,"Low",44.7666666666667,"J4645J4646_2022",253.344444444444,6.6823610796553,"J4645J4646_2023",2021,"NA_2021",NA,0.029,NA,NA,NA,NA,NA,1,1,1,3,"Medium",NA,NA,NA,NA,6.44653121649559,-1.85542168674699,6.43356968247073,"J4645 J4646",-0.0504022671137624,3,2,449.4,4,3,637,2.5,543.2,0.3904241160468,-0.795980004360561
"B",15,"B15",2023,"09/04/2023","Y17","J3693","EY24307",11.7,0.1023,0.0947,94.7,3,1.5,0.25,1,589.2,0.0589,3.11,3.11,"Y","M",1,"Y17_2023","2022",0,5,5,"J3693_2021","J3693_2022","J3693_2023",NA,NA,NA,NA,44,260.1,44,260.1,"Y14","Y14_2022","owner","J1325","J1325","J5090","J1325 J3693","J1325 J3693","J1325 J3693_2022",0.158,17.792675025311,"positive",1,1,0.158,"J1325J3693",NA,NA,44.25,"J1325J3693_2022",246.6,3.68306937797516,"J5090J3693_2023",2021,"J1325J3693_2021",NA,0.158,NA,NA,2023,NA,-1,1,2,2,5,NA,NA,NA,NA,NA,17.8056365593359,0.144578313253012,17.792675025311,"J5090 J3693",0.0785977328862376,5,3,492.5,6,2,491.8,2.5,492.15,1.07837062768593,0.0620244159241996
"B",16,"B16",2023,"07/04/2023","Z19","J2680","EZ62560",11.5,0.0851,0.0746,74.6,3,1.5,0.25,1,467.4,0.0467,3.13,3.13,"Z","F",0.333333333333333,"Z19_2023","2022",0,5,5,"J2680_2021","J2680_2022","J2680_2023",NA,NA,NA,NA,45.2,236.2,45.2,236.2,NA,"NA_2022","non-owner","J2619",NA,"J2619","J2680 J2619",NA,"NA_2022",NA,-14.2664303175293,"negative",0,0,NA,NA,NA,NA,44.5333333333333,"NA_2022",226,-20.27857439518,"J2680J2619_2023",2021,"J2680J2619_2021",NA,NA,NA,2021,NA,1,NA,1,1,1,3,NA,-14.57264941,2,"Z","same_site",-14.2534687835044,0.144578313253012,-14.2664303175293,"J2680 J2619",NA,NA,NA,NA,4,4,779,4,779,-0.863239122485087,0.0620244159241996
"B",17,"B17",2023,"07/04/2023","Z19","J2619","EZ62475",11.9,0.1047,0.0924,92.4,3,1.5,0.25,1,418.4,0.0418,2.26,2.26,"Z","M",0,"Z19_2023","2022",0,5,5,"J2619_2021","J2619_2022","J2619_2023",NA,NA,NA,NA,43.5,250.7,43.5,250.7,NA,"NA_2022","non-owner","J2680",NA,"J2680","J2680 J2619",NA,"NA_2022",NA,11.7923022514944,"positive",1,1,NA,NA,NA,NA,43.3,"NA_2022",236.9,13.2195814239233,"J2680J2619_2023",2021,"J2680J2619_2021",NA,NA,NA,2021,NA,1,NA,1,1,1,3,NA,12.44484238,3,"Z","same_site",11.8052637855193,0.144578313253012,11.7923022514944,"J2680 J2619",NA,NA,NA,NA,4,4,779,4,779,0.714967402370882,0.0620244159241996
"B",18,"B18",2023,"25/05/2023","MW06","J5463","EA79237",11.1,0.0905,0.0837,83.7,3,1.5,0.25,1,763.4,0.0763,4.56,4.56,"MW","M",NA,"MW06_2023","2022",0,2,2,"J5463_2021","J5463_2022","J5463_2023",NA,NA,NA,NA,41.6,240.4,41.6,240.4,NA,"NA_2022","non-owner",NA,NA,"unm6.MW06.23",NA,NA,"NA_2022",NA,14.4108857109914,"positive",1,1,NA,NA,NA,NA,41.6,"NA_2022",240.4,16.6920786069919,"unm6.MW06.23J5463_2023",2021,"NA_2021",NA,NA,NA,NA,NA,NA,NA,1,1,1,3,NA,NA,NA,NA,NA,14.4238472450163,-2.85542168674699,14.4108857109914,"unm6.MW06.23 J5463",NA,NA,NA,NA,NA,0,NA,0,NA,0.873557828467454,-1.22498221450294
"B",19,"B19",2023,"16/05/2023","Y09","J2403","EZ62146",11.4,0.0909,0.084,84,3,1.5,0.25,1,646,0.0646,3.85,3.85,"Y","F",0.333333333333333,"Y09_2023","2022",0,8,8,"J2403_2021","J2403_2022","J2403_2023",NA,NA,NA,NA,41.5,241.2,41.5,241.2,"Y09","Y09_2022","owner","J3467","J3467","J3467","J2403 J3467","J2403 J3467","J2403 J3467_2022",NA,15.890811156228,"positive",1,0,NA,"J2403J3467",2,"Low",41.975,"J2403J3467_2022",229.3,2.87382258401782,"J2403J3467_2023",2021,"J2403J3467_2021",NA,NA,NA,NA,2020,NA,2,1,1,1,3,"Medium",NA,NA,NA,NA,15.9037726902529,3.14457831325301,15.890811156228,"J2403 J3467",NA,3,0,NA,4,0,NA,0,NA,0.96318720655736,1.34903104635134
"B",20,"B20",2023,"20/04/2023","Z32","J1093","EY69938",11.6,0.1001,0.0907,90.7,3,1.5,0.25,1,522.9,0.0523,2.88,2.88,"Z","M",1.25,"Z32_2023","2022",0,8,8,"J1093_2021","J1093_2022","J1093_2023",NA,NA,NA,NA,45.2,270.7,45.2,270.7,"Z32","Z32_2022","owner","J1916","J1916","J1916","J1916 J1093","J1916 J1093","J1916 J1093_2022",NA,20.2335696824707,"positive",1,1,NA,"J1916J1093",2,"Low",44.8363636363636,"J1916J1093_2022",223.784615384615,-3.47344266797301,"J1916J1093_2023",2021,"J1916J1093_2021",NA,NA,NA,NA,NA,NA,NA,1,1,1,3,"Medium",6.190848946,2,"Z","same_site",20.2465312164956,3.14457831325301,20.2335696824707,"J1916 J1093",NA,4,0,NA,4,2,443.6,1,443.6,1.22619960840139,1.34903104635134
"B",21,"B21",2023,"17/06/2023","Y05","J4111","EY24334",11.5,0.1017,0.0917,91.7,3,1.5,0.25,1,1169.2,0.1169,6.38,6.38,"Y","M",0,"Y05_2023","2022",0,2,2,"J4111_2021","J4111_2022","J4111_2023",NA,NA,45.8,254.3,NA,NA,45.8,254.3,NA,"NA_2022","non-owner",NA,NA,"J4109",NA,NA,"NA_2022",NA,-0.245982988949296,"negative",0,1,NA,NA,NA,NA,45.6333333333333,"NA_2022",244.9,-6.45238885031768,"J4109J4111_2023",2021,"NA_2021",NA,NA,NA,2023,NA,-1,NA,1,1,1,3,NA,3.845601407,2,"Y","same_site",-0.233021454924436,-2.85542168674699,-0.245982988949296,"J4109 J4111",NA,NA,NA,NA,4,2,364.7,2,364.7,-0.0141125812477285,-1.22498221450294
"B",22,"B22",2023,"09/04/2023","Y17","J5090","EA79221",10.4,0.0769,0.0693,69.3,3,1.5,0.25,1,288.6,0.0289,2.08,2.08,"Y","F",NA,"Y17_2023","2022",0,2,2,"J5090_2021","J5090_2022","J5090_2023",NA,NA,NA,NA,42.1,258.2,42.1,258.2,NA,"NA_2022","non-owner",NA,NA,"J3693",NA,NA,"NA_2022",NA,28.8112584848079,"positive",1,0,NA,NA,NA,NA,42.1,"NA_2022",258.2,30.8677372430264,"J5090J3693_2023",2021,"NA_2021",NA,NA,NA,NA,NA,NA,NA,1,1,1,3,NA,NA,NA,NA,NA,28.8242200188328,-2.85542168674699,28.8112584848079,"J5090 J3693",NA,NA,NA,NA,6,2,491.8,2,491.8,1.74569396217225,-1.22498221450294
"B",23,"B23",2023,"03/06/2023","X36","J5496","EA79359",11.8,0.1029,0.0971,97.1,3,1.5,0.25,1,860.4,0.086,4.43,4.43,"X","M",NA,"X36_2023","2022",0,2,2,"J5496_2021","J5496_2022","J5496_2023",NA,NA,NA,NA,NA,NA,NA,NA,NA,"NA_2022","non-owner",NA,NA,"J5126",NA,NA,"NA_2022",NA,NA,NA,NA,1,NA,NA,NA,NA,43.1,"NA_2022",252.5,17.9190545150956,"J5126J5496_2023",2021,"NA_2021",NA,NA,NA,NA,NA,NA,NA,1,1,1,3,NA,NA,NA,NA,NA,17.9320160491205,-2.85542168674699,17.9190545150956,"J5126 J5496",NA,NA,NA,NA,2,1,212.9,1,212.9,1.08602460451914,-1.22498221450294
"B",24,"B24",2023,"15/04/2023","X35","J3470","EZ62794",12,0.1088,0.0979,97.9,3,1.5,0.25,1,993.1,0.0993,5.07,5.07,"X","M",1,"X35_2023","2022",0,6,6,"J3470_2021","J3470_2022","J3470_2023",NA,NA,NA,NA,43.6,266.4,43.6,266.4,"X35","X35_2022","owner","J3479","J3479","J3479","J3479 J3470","J3479 J3470","J3479 J3470_2022",NA,26.8123768062577,"positive",1,1,NA,"J3479J3470",3,"Medium",43.6,"J3479J3470_2022",257.5,19.2947131511302,"J3479J3470_2023",2021,"J3479J3470_2021",NA,NA,NA,2019,NA,3,NA,1,1,1,3,"",NA,NA,NA,NA,26.8253383402826,1.14457831325301,26.8123768062577,"J3479 J3470",NA,5,2,305,4,1,197,1.5,251,1.62463480861798,0.49102662606658
"B",25,"B25",2023,"25/05/2023","MW02","J5462","EA79236",11.2,0.0803,0.0792,79.2,3,1.5,0.25,1,353.6,0.0354,2.23,2.23,"MW","M",NA,"MW02_2023","2022",0,2,2,"J5462_2021","J5462_2022","J5462_2023",NA,NA,NA,NA,42.5,250.6,42.5,250.6,NA,"NA_2022","non-owner",NA,NA,"J3866",NA,NA,"NA_2022",NA,18.4915567038612,"positive",1,1,NA,NA,NA,NA,42.5,"NA_2022",250.6,20.3682641518541,"J3866J5462_2023",2021,"NA_2021",NA,NA,NA,NA,NA,NA,NA,1,1,1,3,NA,NA,NA,NA,NA,18.5045182378861,-2.85542168674699,18.4915567038612,"J3866 J5462",NA,NA,NA,NA,NA,2,705.8,2,705.8,1.12069730732273,-1.22498221450294
"B",26,"B26",2023,"01/06/2023","Y20","J792","EY69524",11.4,0.0906,0.0832,83.2,3,1.5,0.25,1,563.8,0.0564,3.39,3.39,"Y","F",NA,"Y20_2023","2022",0,11,11,"J792_2021","J792_2022","J792_2023",NA,NA,NA,NA,41.3,207.5,41.3,207.5,NA,"NA_2022","non-owner",NA,NA,"J5503",NA,NA,"NA_2022",NA,-16.4493379532986,"negative",0,0,NA,NA,NA,NA,40.325,"NA_2022",200.55,-13.9158509148963,"J792J5503_2023",2021,"NA_2021",NA,NA,NA,NA,2017,NA,5,1,1,1,3,NA,NA,NA,NA,NA,-16.4363764192737,6.14457831325301,-16.4493379532986,"J792 J5503",NA,NA,NA,NA,5,1,269.9,1,269.9,-0.995443521329267,2.63603767677848
"B",27,"B27",2023,"06/06/2023","X25","J3461","EZ62871",10.6,0.0815,0.0791,79.1,3,1.5,0.25,1,749.3,0.0749,4.74,4.74,"X","M",0,"X25_2023","2022",0,6,6,"J3461_2021","J3461_2022","J3461_2023",NA,NA,NA,NA,43.7,252,43.7,252,"X25","X25_2022","owner","J2964","J4949","J4949","J2964 J3461","J4949 J3461","J4949 J3461_2022",NA,11.732451361021,"positive",1,1,NA,"J4949J3461",2,"Low",44.5,"J4949J3461_2022",250.35,5.62089869599242,"J4949J3461_2023",2021,"J2964J3461_2021",NA,NA,NA,2019,2022,3,0,2,1,2,5,"",NA,NA,NA,NA,11.7454128950459,1.14457831325301,11.732451361021,"J4949 J3461",NA,4,2,428,3,2,517.2,2,472.6,0.711342626468472,0.49102662606658
"B",28,"B28",2023,"27/05/2023","Y25","J972","EY69806",11,0.0963,0.1042,104.2,3,1.5,0.25,1,409.2,0.0409,1.96,1.96,"Y","M",1.35294117647059,"Y25_2023","2022",0,9,9,"J972_2021","J972_2022","J972_2023",NA,NA,NA,NA,44.7,234.8,44.7,234.8,"Y25","Y25_2022","owner","J1893","J1893","J1893","J1893 J972","J1893 J972","J1893 J972_2022",0.023,-12.2668030913458,"negative",0,1,0.023,"J1893J972",3,"Medium",45.19,"J1893J972_2022",234.631578947368,-13.9361224814775,"J1893J972_2023",2021,"J1893J972_2021",NA,0.023,NA,NA,2018,NA,4,1,1,1,3,"Low",NA,NA,NA,NA,-12.2538415573209,4.14457831325301,-12.2668030913458,"J1893 J972",-0.0564022671137624,4,2,417.1,4,2,430,2,423.55,-0.742134816000366,1.77803325649372
"B",29,"B29",2023,"25/05/2023","Y03","J4666","EA78775",12.1,0.0978,0.0933,93.3,3,1.5,0.25,1,537.3,0.0537,2.88,2.88,"Y","M",1.4,"Y03_2023","2022",0,3,3,"J4666_2021","J4666_2022","J4666_2023",NA,NA,43.6,252.6,41.7,232.3,42.65,242.45,"Y03","Y03_2022","owner",NA,"J3283","J3283",NA,"J3283 J4666","J3283 J4666_2022",NA,9.32166853600614,"positive",1,1,NA,"J3283J4666",3,"Medium",42.02,"J3283J4666_2022",229.82,3.0676318612609,"J3283J4666_2023",2021,"NA_2021",NA,NA,NA,NA,NA,NA,NA,1,1,1,3,"Medium",NA,NA,NA,NA,9.334630070031,-1.85542168674699,9.32166853600614,"J3283 J4666",NA,2,0,NA,4,2,556.4,1,556.4,0.56533732193682,-0.795980004360561
"B",30,"B30",2023,"27/05/2023","Y05","J4109","EY24333",10.4,0.0827,0.0778,77.8,3,1.5,0.25,1,650.5,0.0651,4.18,4.18,"Y","F",0.5,"Y05_2023","2022",0,2,2,"J4109_2021","J4109_2022","J4109_2023",NA,NA,43.4,212.2,43.8,229.1,43.6,220.65,NA,"NA_2022","non-owner",NA,NA,"J4111",NA,NA,"NA_2022",NA,-18.9376231937423,"negative",0,0,NA,NA,NA,NA,43.6,"NA_2022",220.65,-10.555023394456,"J4109J4111_2023",2021,"NA_2021",NA,NA,NA,NA,NA,NA,NA,1,1,1,3,NA,-3.027401874,2,"Y","same_site",-18.9246616597174,-2.85542168674699,-18.9376231937423,"J4109 J4111",NA,NA,NA,NA,4,2,364.7,2,364.7,-1.14614263886191,-1.22498221450294
"B",31,"B31",2023,"17/06/2023","Z05","J2149","EZ62091",11.9,0.0951,0.0861,86.1,3,1.5,0.25,1,775.8,0.0776,4.51,4.51,"Z","M",2.25,"Z05_2023","2022",0,6,6,"J2149_2021","J2149_2022","J2149_2023",NA,NA,NA,NA,45.4,238.4,45.4,238.4,"Z05","Z05_2022","owner","J2951","J2951","J2951","J2951 J2149","J2951 J2149","J2951 J2149_2022",NA,-13.4262812080026,"negative",0,1,NA,"J2951J2149",2,"Low",45.3,"J2951J2149_2022",243,-1.61561334995571,"J2951J2149_2023",2021,"J2951J2149_2021",NA,NA,NA,2020,NA,2,NA,1,1,1,3,"Low",14.97335715,1,"Z","same_site",-13.4133196739777,1.14457831325301,-13.4262812080026,"J2951 J2149",NA,5,2,494.7,5,2,456.6,2,475.65,-0.812356801060019,0.49102662606658
"B",32,"B32",2023,"16/06/2023","Z22","J5516","EA79429",11.1,0.0835,0.0762,76.2,3,1.5,0.25,1,913.4,0.0913,5.99,5.99,"Z","F",NA,"Z22_2023","2022",0,2,2,"J5516_2021","J5516_2022","J5516_2023",NA,NA,NA,NA,43.5,223.2,43.5,223.2,NA,"NA_2022","non-owner",NA,NA,"J3716",NA,NA,"NA_2022",NA,-15.7076977485056,"negative",0,0,NA,NA,NA,NA,43.5,"NA_2022",223.2,-14.2804185760767,"J5516J3716_2023",2021,"NA_2021",NA,NA,NA,NA,NA,NA,NA,1,1,1,3,NA,NA,NA,NA,NA,-15.6947362144807,-2.85542168674699,-15.7076977485056,"J5516 J3716",NA,NA,NA,NA,NA,NA,NA,NA,NA,-0.950527238190801,-1.22498221450294
"B",33,"B33",2023,"16/05/2023","Y09","J3467","EZ62773",11.7,0.1006,0.0869,86.9,3,1.5,0.25,1,584.6,0.0585,3.36,3.36,"Y","M",0,"Y09_2023","2022",0,5,5,"J3467_2021","J3467_2022","J3467_2023",NA,NA,NA,NA,45.2,258.3,45.2,258.3,"Y09","Y09_2022","owner","J2403","J2403","J2403","J2403 J3467","J2403 J3467","J2403 J3467_2022",NA,7.83356968247076,"positive",1,1,NA,"J2403J3467",2,"Low",46.4,"J2403J3467_2022",248.5,8.49682078644081,"J2403J3467_2023",2021,"J2403J3467_2021",NA,NA,NA,NA,NA,NA,NA,1,1,1,3,"Medium",NA,NA,NA,NA,7.84653121649562,0.144578313253012,7.83356968247076,"J2403 J3467",NA,3,0,NA,4,0,NA,0,NA,0.47521293411176,0.0620244159241996
"B",34,"B34",2023,"08/06/2023","Y32","J1529","EA79410",12.1,0.1011,0.0955,95.5,3,1.5,0.25,1,551.1,0.0551,2.89,2.89,"Y","M",1.2,"Y32_2023","2022",0,8,8,"J1529_2021","J1529_2022","J1529_2023",44.3,239.1,NA,NA,43.3,253.8,43.8,246.45,"Y32","Y32_2022","owner","J1046","J1046","J1046","J1046 J1529","J1046 J1529","J1046 J1529_2022",NA,5.50252591578434,"positive",1,1,NA,"J1046J1529",0,"Low",43.3,"J1046J1529_2022",232.142857142857,2.2792652786267,"J1046J1529_2023",2021,"J1046J1529_2021",NA,NA,NA,NA,NA,NA,NA,1,1,1,3,"Low",NA,NA,NA,NA,5.5154874498092,3.14457831325301,5.50252591578434,"J1046 J1529",NA,6,3,581.9,4,1,216.3,2,399.1,0.334036901372453,1.34903104635134
"B",35,"B35",2023,"30/05/2023","Y02","J2488","EA79274",12.5,0.1143,0.1025,102.5,3,1.5,0.25,1,479.3,0.0479,2.34,2.34,"Y","M",4.5,"Y02_2023","2022",0,6,6,"J2488_2021","J2488_2022","J2488_2023",NA,NA,NA,NA,44.2,250.2,44.2,250.2,NA,"NA_2022","non-owner","J3899",NA,"J3899","J3899 J2488",NA,"NA_2022",NA,6.53282413483757,"positive",1,1,NA,NA,NA,NA,44.9666666666667,"NA_2022",239.533333333333,0.308728014009701,"J3899J2488_2023",2021,"J3899J2488_2021",NA,NA,NA,2021,NA,1,NA,1,1,1,3,NA,NA,NA,NA,NA,6.54578566886243,1.14457831325301,6.53282413483757,"J3899 J2488",NA,NA,NA,NA,5,2,484.3,2,484.3,0.396435307263849,0.49102662606658
"B",36,"B36",2023,"15/04/2023","X32","J5124","EA79223",12,0.1081,0.1121,112.1,3,1.5,0.25,1,950.3,0.095,4.24,4.24,"X","M",NA,"X32_2023","2022",0,2,2,"J5124_2021","J5124_2022","J5124_2023",NA,NA,NA,NA,43.3,265.6,43.3,265.6,NA,"NA_2022","non-owner",NA,NA,"J5123",NA,NA,"NA_2022",NA,28.0521531419678,"positive",1,1,NA,NA,NA,NA,43.3,"NA_2022",265.6,29.5693179695095,"J5123J5124_2023",2021,"NA_2021",NA,NA,NA,NA,NA,NA,NA,1,1,1,3,NA,NA,NA,NA,NA,28.0651146759927,-2.85542168674699,28.0521531419678,"J5123 J5124",NA,NA,NA,NA,4,2,472,2,472,1.69971993016781,-1.22498221450294
"B",37,"B37",2023,"10/04/2023","Z13","J837","EY69668",12.8,0.117,0.106,106,3,1.5,0.25,1,385.3,0.0385,1.82,1.82,"Z","M",1,"Z13_2023","2022",0,10,10,"J837_2021","J837_2022","J837_2023",NA,NA,NA,NA,44.2,290.5,44.2,290.5,"Z13","Z13_2022","owner","J2375","J2375","J2375","J2375 J837","J2375 J837","J2375 J837_2022",NA,46.8328241348376,"positive",1,1,NA,"J2375J837",6,"High",44.98,"J2375J837_2022",258.4,13.3214256048201,"J2375J837_2023",2021,"J2375J837_2021",NA,NA,NA,NA,NA,NA,NA,1,1,1,3,"Medium",NA,NA,NA,NA,46.8457856688625,5.14457831325301,46.8328241348376,"J2375 J837",NA,5,2,480.8,4,0,172.5,1,326.65,2.83714199870515,2.2070354666361
"B",38,"B38",2023,"10/06/2023","Z23","J2500","EA79415",11.3,0.0857,0.0752,75.2,3,1.5,0.25,1,824.4,0.0824,5.48,5.48,"Z","F",NA,"Z23_2023","2022",0,6,6,"J2500_2021","J2500_2022","J2500_2023",NA,NA,NA,NA,41.6,225.5,41.6,225.5,"Z25","Z25_2022","owner","J2168","J2168","J2168","J2500 J2168","J2500 J2168","J2500 J2168_2022",NA,-0.489114289008645,"negative",0,0,NA,"J2500J2168",5,"Medium",41.6666666666667,"J2500J2168_2022",225.666666666667,0.716946879784964,"J2500J2168_2023",2021,"J2500J2168_2021",NA,NA,NA,NA,NA,NA,NA,1,1,1,3,"High",NA,NA,NA,NA,-0.476152754983785,1.14457831325301,-0.489114289008645,"J2500 J2168",NA,5,2,543.2,5,2,356.5,2,449.85,-0.0288374495096063,0.49102662606658
"B",39,"B39",2023,"17/06/2023","Z38","J933","EY69765",12.5,0.1194,0.1053,105.3,3,1.5,0.25,1,1082.7,0.1083,5.14,5.14,"Z","M",2.125,"Z38_2023","2022",0,10,10,"J933_2021","J933_2022","J933_2023",NA,NA,NA,NA,42.8,241.8,42.8,241.8,"Z38","Z38_2022","owner","J1355","J1355","J4940","J1355 J933","J1355 J933","J1355 J933_2022",NA,7.6517803681512,"positive",1,1,NA,"J1355J933",1,"Low",42.6444444444444,"J1355J933_2022",240.455555555556,9.94035320856534,"J4940J933_2023",2021,"J1355J933_2021",NA,NA,NA,NA,2023,NA,-1,1,2,2,5,"Low",NA,NA,NA,NA,7.66474190217606,5.14457831325301,7.6517803681512,"J4940 J933",NA,4,2,435.4,5,3,611,2.5,523.2,0.464203147613192,2.2070354666361
"B",40,"B40",2023,"17/06/2023","Y35","J2126","EA79134",11.4,0.0933,0.086,86,3,1.5,0.25,1,667.6,0.0668,3.88,3.88,"Y","M",2.66666666666667,"Y35_2023","2022",0,6,6,"J2126_2021","J2126_2022","J2126_2023",NA,NA,43.6,210.5,43.6,221.9,43.6,216.2,NA,"NA_2022","non-owner","UNM6.J2126.2021",NA,"J5088","UNM6.J2126.2021 J2126",NA,"NA_2022",NA,-23.3876231937423,"negative",0,1,NA,NA,NA,NA,43.8333333333333,"NA_2022",219.711111111111,-19.5360428718439,"J5088J2126_2023",2021,"UNM6.J2126.2021J2126_2021",NA,NA,NA,2018,2021,4,1,1,1,2,4,NA,15.13172354,1,"Y","same_site",-23.3746616597174,1.14457831325301,-23.3876231937423,"J5088 J2126",NA,NA,NA,NA,5,1,230.3,1,230.3,-1.41564995342553,0.49102662606658
"B",41,"B41",2023,"17/06/2023","Y27","J4521","EA78845",11.3,0.0963,0.0938,93.8,3,1.5,0.25,1,1035.3,0.1035,5.52,5.52,"Y","M",2.4,"Y27_2023","2022",0,4,4,"J4521_2021","J4521_2022","J4521_2023",45.2,270.1,NA,NA,44.8,258.2,45,264.15,"Y27","Y27_2022","owner","J1056","J1056","J1056","J1056 J4521","J1056 J4521","J1056 J4521_2022",0.039,15.0434205729441,"positive",1,1,0.039,"J1056J4521",2,"Low",44.675,"J1056J4521_2022",262.15,16.1523792186045,"J1056J4521_2023",2021,"J1056J4521_2021",NA,0.039,NA,NA,NA,NA,NA,1,1,1,3,"Low",NA,NA,NA,NA,15.056382106969,-0.855421686746988,15.0434205729441,"J1056 J4521",-0.0404022671137624,5,2,462.9,4,2,390.8,2,426.85,0.911866316560205,-0.366977794218181
"B",42,"B42",2023,"19/06/2023","NO","J1076","EY69846",11.1,0.0852,0.0681,68.1,3,1.5,0.25,1,646.3,0.0646,4.75,4.75,"Z","F",NA,"NO_2023","2022",0,8,8,"J1076_2021","J1076_2022","J1076_2023",NA,NA,NA,NA,42.2,243.7,42.2,243.7,NA,"NA_2022","non-owner",NA,NA,"J3477",NA,NA,"NA_2022",NA,13.6313330395712,"positive",1,0,NA,NA,NA,NA,42.3,"NA_2022",225.5,15.6428689702333,"J1076J3477_2023",2021,"NA_2021",NA,NA,NA,2023,NA,-1,NA,1,1,1,3,NA,43.36746615,3,"Z","same_site",13.6442945735961,3.14457831325301,13.6313330395712,"J1076 J3477",NA,NA,NA,NA,NA,NA,NA,NA,NA,0.82634543587524,1.34903104635134
"B",43,"B43",2023,"25/06/2023","Z03","J2395","EZ62132",12,0.1129,0.1136,113.6,3,1.5,0.25,1,1091.3,0.1091,4.8,4.8,"Z","M",5.25,"Z03_2023","2022",0,8,8,"J2395_2021","J2395_2022","J2395_2023",44.8,258.1,NA,NA,45.2,251.4,45,254.75,"Z03","Z03_2022","owner","J1154","J1154","J1154","J1154 J2395","J1154 J2395","J1154 J2395_2022",0.096,5.64342057294414,"positive",1,1,0.096,"J1154J2395",0,"Low",44.7333333333333,"J1154J2395_2022",249.433333333333,3.01287272614189,"J1154J2395_2023",2021,"J1154J2395_2021",NA,0.096,NA,NA,2018,NA,4,1,1,1,3,"Medium",NA,NA,NA,NA,5.656382106969,3.14457831325301,5.64342057294414,"J1154 J2395",0.0165977328862376,4,2,437.7,4,3,639,2.5,538.35,0.342569966695486,1.34903104635134
"B",44,"B44",2023,"03/04/2023","Y16","J5087","EA79218",10.5,0.072,0.0733,73.3,3,1.5,0.25,1,411,0.0411,2.8,2.8,"Y","M",NA,"Y16_2023","2022",0,2,2,"J5087_2021","J5087_2022","J5087_2023",NA,NA,NA,NA,39.6,213.4,39.6,213.4,NA,"NA_2022","non-owner",NA,NA,"J4104",NA,NA,"NA_2022",NA,1.00939461572502,"positive",1,1,NA,NA,NA,NA,39.6,"NA_2022",213.4,4.18944406285359,"J4104J5087_2023",2021,"NA_2021",NA,NA,NA,NA,NA,NA,NA,1,1,1,3,NA,NA,NA,NA,NA,1.02235614974988,-2.85542168674699,1.00939461572502,"J4104 J5087",NA,NA,NA,NA,2,0,NA,0,NA,0.0619174068419528,-1.22498221450294
"B",45,"B45",2023,"13/04/2023","Z06","J3715","EY24330",11.2,0.0859,0.0835,83.5,3,1.5,0.25,1,637.6,0.0638,3.82,3.82,"Z","F",NA,"Z06_2023","2022",0,3,3,"J3715_2021","J3715_2022","J3715_2023",NA,NA,NA,NA,43.3,248.4,43.3,248.4,NA,"NA_2022","non-owner",NA,"J3702","J3702",NA,"J3715 J3702","J3715 J3702_2022",NA,10.8521531419678,"positive",1,0,NA,"J3715J3702",NA,NA,43.3,"J3715J3702_2022",248.4,12.3693179695095,"J3715J3702_2023",2021,"NA_2021",NA,NA,NA,2022,2023,0,-1,1,1,1,3,NA,-37.40915105,3,"Z","same_site",10.8651146759927,-1.85542168674699,10.8521531419678,"J3715 J3702",NA,NA,NA,NA,NA,NA,NA,NA,NA,0.658028736798322,-0.795980004360561
"B",46,"B46",2023,"05/06/2023","Y20","J5503","EA79401",12.6,0.1134,0.123,123,3,1.5,0.25,1,602.3,0.0602,2.45,2.45,"Y","M",NA,"Y20_2023","2022",0,2,2,"J5503_2021","J5503_2022","J5503_2023",NA,NA,NA,NA,44.3,269.8,44.3,269.8,NA,"NA_2022","non-owner",NA,NA,"J792",NA,NA,"NA_2022",NA,25.4528986896009,"positive",1,1,NA,NA,NA,NA,44.3,"NA_2022",269.8,26.5206352415786,"J792J5503_2023",2021,"NA_2021",NA,NA,NA,NA,NA,NA,NA,1,1,1,3,NA,NA,NA,NA,NA,25.4658602236258,-2.85542168674699,25.4528986896009,"J792 J5503",NA,NA,NA,NA,5,1,269.9,1,269.9,1.54230013526333,-1.22498221450294
"B",47,"B47",2023,"09/04/2023","Z41","J2969","EZ62569",10.9,0.0847,0.0782,78.2,3,1.5,0.25,1,478,0.0478,3.06,3.06,"Z","F",1.5,"Z41_2023","2022",0,5,5,"J2969_2021","J2969_2022","J2969_2023",NA,NA,NA,NA,43.4,254.6,43.4,254.6,"Z41","Z41_2022","owner","J2331","J2331","J2331","J2969 J2331","J2969 J2331","J2969 J2331_2022",0.046,16.3722276967311,"positive",1,0,0.046,"J2969J2331",0,"Low",43.7,"J2969J2331_2022",222.85,-7.8470852427434,"J2969J2331_2023",2021,"J2969J2331_2021",NA,0.046,NA,2020,NA,2,NA,1,1,1,3,"Medium",-15.86827646,2,"Z","same_site",16.385189230756,0.144578313253012,16.3722276967311,"J2969 J2331",-0.0334022671137624,5,0,NA,5,1,217.8,0.5,217.8,0.992343449033202,0.0620244159241996
"B",48,"B48",2023,"17/06/2023","Y02","J3899","EA78532",11.2,0.0881,0.0839,83.9,3,1.5,0.25,1,596.9,0.0597,3.56,3.56,"Y","F",0,"Y02_2023","2022",0,5,5,"J3899_2021","J3899_2022","J3899_2023",NA,NA,NA,NA,42.2,213.6,42.2,213.6,NA,"NA_2022","non-owner","J2488",NA,"J2488","J3899 J2488",NA,"NA_2022",NA,-16.4686669604288,"negative",0,0,NA,NA,NA,NA,42.65,"NA_2022",216.15,-15.1690382573356,"J3899J2488_2023",2021,"J3899J2488_2021",NA,NA,NA,2021,NA,1,NA,1,1,1,3,NA,NA,NA,NA,NA,-16.4557054264039,0.144578313253012,-16.4686669604288,"J3899 J2488",NA,NA,NA,NA,5,2,484.3,2,484.3,-0.996614152521366,0.0620244159241996
"B",49,"B49",2023,"07/04/2023","Y31","J5088","EA79219",11.1,0.0898,0.0926,92.6,3,1.5,0.25,1,631.9,0.0632,3.41,3.41,"Y","F",NA,"Y31_2023","2022",0,2,2,"J5088_2021","J5088_2022","J5088_2023",NA,NA,NA,NA,42.1,250.3,42.1,250.3,NA,"NA_2022","non-owner",NA,NA,"J2072",NA,NA,"NA_2022",NA,20.9112584848079,"positive",1,0,NA,NA,NA,NA,42.1,"NA_2022",250.3,22.9677372430265,"J5088J2072_2023",2021,"NA_2021",NA,NA,NA,NA,NA,NA,NA,1,1,1,3,NA,NA,NA,NA,NA,20.9242200188328,-2.85542168674699,20.9112584848079,"J5088 J2072",NA,NA,NA,NA,5,0,NA,0,NA,1.26724277451998,-1.22498221450294
"B",50,"B50",2023,"10/04/2023","NO","J3342","EZ62921",11.2,0.0973,0.0965,96.5,3,1.5,0.25,1,592.2,0.0592,3.07,3.07,"Z","M",3,"NO_2023","2022",0,4,4,"J3342_2021","J3342_2022","J3342_2023",NA,NA,NA,NA,42.6,244.2,42.6,244.2,NA,"NA_2022","non-owner",NA,NA,"UNMARKED",NA,NA,"NA_2022",NA,11.4116312586245,"positive",1,1,NA,NA,NA,NA,42.6,"NA_2022",244.2,13.243395879061,"UNMARKEDJ3342_2023",2021,"NA_2021",NA,NA,NA,NA,NA,NA,NA,1,1,1,3,NA,10.33533746,2,"Z","same_site",11.4245927926494,-0.855421686746988,11.4116312586245,"UNMARKED J3342",NA,NA,NA,NA,NA,NA,NA,NA,NA,0.691912656972987,-0.366977794218181
"B",51,"B51",2023,"18/05/2023","X36","J5126","EA79226",10.4,0.0777,0.0687,68.7,3,1.5,0.25,1,585.6,0.0586,4.26,4.26,"X","F",NA,"X36_2023","2022",0,2,2,"J5126_2021","J5126_2022","J5126_2023",NA,NA,NA,NA,41.7,207.1,41.7,207.1,NA,"NA_2022","non-owner",NA,NA,"J5496",NA,NA,"NA_2022",NA,-19.5690397342453,"negative",0,0,NA,NA,NA,NA,41.7,"NA_2022",207.1,-17.3327896658012,"J5126J5496_2023",2021,"NA_2021",NA,NA,NA,NA,NA,NA,NA,1,1,1,3,NA,NA,NA,NA,NA,-19.5560782002204,-2.85542168674699,-19.5690397342453,"J5126 J5496",NA,NA,NA,NA,2,1,212.9,1,212.9,-1.18438339755899,-1.22498221450294
"B",52,"B52",2023,"21/04/2023","Y33","J1368","EZ25525",11.9,0.1013,0.0999,99.9,3,1.5,0.25,1,555.1,0.0555,2.78,2.78,"Y","M",1.2,"Y33_2023","2022",0,9,9,"J1368_2021","J1368_2022","J1368_2023",NA,NA,NA,NA,45,279.2,45,279.2,"Y33","Y33_2022","owner","J1902","J1902","J1902","J1902 J1368","J1902 J1368","J1902 J1368_2022",0.017,30.0934205729441,"positive",1,1,0.017,"J1902J1368",0,"Low",44.78,"J1902J1368_2022",257.76,15.7087280140097,"J1902J1368_2023",2021,"J1902J1368_2021",NA,0.017,NA,NA,2019,NA,3,1,1,1,3,"Low",NA,NA,NA,NA,30.106382106969,4.14457831325301,30.0934205729441,"J1902 J1368",-0.0624022671137624,4,2,443.6,3,2,388.9,2,416.25,1.82334611075851,1.77803325649372
"B",53,"B53",2023,"20/04/2023","Z10","J1351","EY69980",11.5,0.1085,0.0977,97.7,3,1.5,0.25,1,646.7,0.0647,3.31,3.31,"Z","M",3.5,"Z10_2023","2022",0,10,10,"J1351_2021","J1351_2022","J1351_2023",NA,NA,NA,NA,43.7,267.2,43.7,267.2,"Z10","Z10_2022","owner","J42","J42","J42","J42 J1351","J42 J1351","J42 J1351_2022",0.314,26.932451361021,"positive",1,1,0.314,"J42J1351",4,"Medium",43.4333333333333,"J42J1351_2022",244,7.00282693911864,"J42J1351_2023",2021,"J42J1351_2021",NA,0.314,NA,NA,NA,NA,NA,1,1,1,3,"Medium",NA,NA,NA,NA,26.9454128950459,5.14457831325301,26.932451361021,"J42 J1351",0.234597732886238,5,2,490.3,4,1,440.3,1.5,465.3,1.63190693688802,2.2070354666361
"B",54,"B54",2023,"29/05/2023","MW01","J5469","EA79266",10.8,0.0817,0.0777,77.7,3,1.5,0.25,1,713.4,0.0713,4.59,4.59,"MW","F",NA,"MW01_2023","2022",0,2,2,"J5469_2021","J5469_2022","J5469_2023",NA,NA,NA,NA,42.1,194.7,42.1,194.7,NA,"NA_2022","non-owner",NA,NA,"J5504",NA,NA,"NA_2022",NA,-34.6887415151921,"negative",0,0,NA,NA,NA,NA,42.1,"NA_2022",194.7,-32.6322627569736,"J5469J5504_2023",2021,"NA_2021",NA,NA,NA,NA,NA,NA,NA,1,1,1,3,NA,NA,NA,NA,NA,-34.6757799811672,-2.85542168674699,-34.6887415151921,"J5469 J5504",NA,NA,NA,NA,NA,1,224.5,1,224.5,-2.10008457148837,-1.22498221450294
"B",55,"B55",2023,"13/04/2023","Z17","J990","EY69888",11.1,0.0853,0.0771,77.1,3,1.5,0.25,1,312,0.0312,2.02,2.02,"Z","F",0.5,"Z17_2023","2022",0,8,8,"J990_2021","J990_2022","J990_2023",NA,NA,NA,NA,42.8,254.8,42.8,254.8,"Z17","Z17_2022","owner","J909","J909","J909","J990 J909","J990 J909","J990 J909_2022",NA,20.6517803681512,"positive",1,0,NA,"J990J909",2,"Low",43.0666666666667,"J990J909_2022",236.866666666667,2.52734393935996,"J990J909_2023",2021,"J990J909_2021",NA,NA,NA,NA,NA,NA,NA,1,1,1,3,"Medium",19.57697108,4,"Z","same_site",20.6647419021761,3.14457831325301,20.6517803681512,"J990 J909",NA,2,0,NA,4,2,468.3,1,468.3,1.25152788678781,1.34903104635134
"B",56,"B56",2023,"08/04/2023","Y35","J5089","EA79220",11.3,0.0875,0.0836,83.6,3,1.5,0.25,1,372.7,0.0373,2.23,2.23,"Y","F",1,"Y35_2023","2022",0,2,2,"J5089_2021","J5089_2022","J5089_2023",NA,NA,NA,NA,42.8,258.6,42.8,258.6,NA,"NA_2022","non-owner",NA,NA,"J2126",NA,NA,"NA_2022",NA,24.4517803681512,"positive",1,0,NA,NA,NA,NA,42.8,"NA_2022",258.6,26.1936593334749,"J5089J2126_2023",2021,"NA_2021",NA,NA,NA,NA,NA,NA,NA,1,1,1,3,NA,NA,NA,NA,NA,24.4647419021761,-2.85542168674699,24.4517803681512,"J5089 J2126",NA,NA,NA,NA,5,1,230.3,1,230.3,1.48166896439269,-1.22498221450294
"B",57,"B57",2023,"06/06/2023","X23","J3326","EZ62929",11,0.0855,0.079,79,3,1.5,0.25,1,723.7,0.0724,4.58,4.58,"X","F",NA,"X23_2023","2022",0,4,4,"J3326_2021","J3326_2022","J3326_2023",NA,NA,NA,NA,40.8,203.6,40.8,203.6,NA,"NA_2022","non-owner",NA,NA,"UNM6.X23.23",NA,NA,"NA_2022",NA,-16.9497107271152,"negative",0,0,NA,NA,NA,NA,40.8,"NA_2022",203.6,-14.3089752106634,"J3326UNM6.X23.23_2023",2021,"NA_2021",NA,NA,NA,NA,NA,NA,NA,1,1,1,3,NA,7.908340745,3,"Z","diff_site",-16.9367491930903,-0.855421686746988,-16.9497107271152,"J3326 UNM6.X23.23",NA,NA,NA,NA,4,2,411.1,2,411.1,-1.02574781853198,-0.366977794218181
"B",58,"B58",2023,"18/05/2023","Z45","J3508","EZ62980",11.2,0.0917,0.08,80,3,1.5,0.25,1,750.6,0.0751,4.69,4.69,"Z","F",1,"Z45_2023","2022",0,5,5,"J3508_2021","J3508_2022","J3508_2023",NA,NA,NA,NA,43.1,231.1,43.1,231.1,"Z45","Z45_2022","owner","J2783","J2783","J2783","J3508 J2783","J3508 J2783","J3508 J2783_2022",NA,-5.0879959675589,"negative",0,0,NA,"J3508J2783",1,"Low",43.525,"J3508J2783_2022",221.875,-13.4134006368583,"J3508J2783_2023",2021,"J3508J2783_2021",NA,NA,NA,NA,NA,NA,NA,1,1,1,3,"Low",NA,NA,NA,NA,-5.07503443353404,0.144578313253012,-5.0879959675589,"J3508 J2783",NA,6,2,743,5,3,627.8,2.5,685.4,-0.307361550898798,0.0620244159241996
"B",59,"B59",2023,"17/04/2023","Y30","J2460","EZ62190",11.4,0.0801,0.0682,68.2,3,1.5,0.25,1,412.9,0.0413,3.03,3.03,"Y","F",1.5,"Y30_2023","2022",0,8,8,"J2460_2021","J2460_2022","J2460_2023",NA,NA,NA,NA,40.7,251.8,40.7,251.8,"Y30","Y30_2022","owner","J625","J625","J625","J2460 J625","J2460 J625","J2460 J625_2022",0.076,31.9302147181215,"positive",1,0,0.076,"J2460J625",2,"Low",41.025,"J2460J625_2022",216.125,-3.41492882444786,"J2460J625_2023",2021,"J2460J625_2021",NA,0.076,NA,NA,NA,NA,NA,1,1,1,3,"Low",NA,NA,NA,NA,31.9431762521464,3.14457831325301,31.9302147181215,"J2460 J625",-0.00340226711376236,5,2,446.6,4,2,439.4,2,443,1.93458868547153,1.34903104635134
"B",60,"B60",2023,"27/05/2023","Y22","J4645","EA78773",10,0.0704,0.0644,64.4,3,1.5,0.25,1,424.4,0.0424,3.3,3.3,"Y","F",0.666666666666667,"Y22_2023","2022",0,3,3,"J4645_2021","J4645_2022","J4645_2023",NA,NA,NA,NA,42,202.3,42,202.3,"Y22","Y22_2022","owner",NA,"J4646","J4646",NA,"J4645 J4646","J4645 J4646_2022",0.029,-26.4088160699554,"negative",0,0,0.029,"J4645J4646",2,"Low",42.0428571428571,"J4645J4646_2022",207.4,-19.5180523153775,"J4646J4645_2023",2021,"NA_2021",NA,0.029,NA,NA,NA,NA,NA,1,1,1,3,"Medium",NA,NA,NA,NA,-26.3958545359305,-1.85542168674699,-26.4088160699554,"J4645 J4646",-0.0504022671137624,3,2,449.4,4,3,637,2.5,543.2,-1.59862379136866,-0.795980004360561
"B",61,"B61",2023,"27/05/2023","Y03","J3283","EZ62832",9.9,0.0724,0.0701,70.1,3,1.5,0.25,1,592.2,0.0592,4.22,4.22,"Y","F",1.4,"Y03_2023","2022",0,4,4,"J3283_2021","J3283_2022","J3283_2023",NA,NA,43.4,273,42.5,241.9,42.95,257.45,"Y03","Y03_2022","owner",NA,"J4666","J4666",NA,"J3283 J4666","J3283 J4666_2022",NA,22.2818922002961,"positive",1,0,NA,"J3283J4666",3,"Medium",42.5833333333333,"J3283J4666_2022",223.35,9.49365933347489,"J3283J4666_2023",2021,"NA_2021",NA,NA,NA,NA,NA,NA,NA,1,1,1,3,"Medium",-5.609151054,2,"Y","same_site",22.294853734321,-0.855421686746988,22.2818922002961,"J3283 J4666",NA,2,0,NA,4,2,556.4,1,556.4,1.35025306933157,-0.366977794218181
"B",62,"B62",2023,"17/06/2023","Z38","J4940","EA78778",7,0.0446,0.0348,34.8,3,1.5,0.25,1,284.6,0.0285,4.09,4.09,"Z","F",0.5,"Z38_2023","2022",0,3,3,"J4940_2021","J4940_2022","J4940_2023",NA,NA,NA,NA,41.8,215.8,41.8,215.8,"Z06","Z06_2022","owner",NA,"J1879","J933",NA,"J4940 J1879","J4940 J1879_2022",NA,-11.548965179482,"negative",0,0,NA,"J4940J1879",4,"Medium",41.3,"J4940J1879_2022",226,4.46668342537116,"J4940J933_2023",2021,"NA_2021",NA,NA,NA,NA,2023,NA,-1,1,2,1,4,"Low",NA,NA,NA,NA,-11.5360036454571,-1.85542168674699,-11.548965179482,"J4940 J933",NA,5,0,NA,5,3,611,1.5,611,-0.698660081636687,-0.795980004360561
"B",63,"B63",2023,"15/04/2023","X32","J5123","EA79222",11.7,0.092,0.0833,83.3,3,1.5,0.25,1,613.7,0.0614,3.68,3.68,"X","F",NA,"X32_2023","2022",0,2,2,"J5123_2021","J5123_2022","J5123_2023",NA,NA,NA,NA,41.1,249.2,41.1,249.2,NA,"NA_2022","non-owner",NA,NA,"J5124",NA,NA,"NA_2022",NA,26.6105129371748,"positive",1,0,NA,NA,NA,NA,41.1,"NA_2022",249.2,29.1164199709573,"J5123J5124_2023",2021,"NA_2021",NA,NA,NA,NA,NA,NA,NA,1,1,1,3,NA,NA,NA,NA,NA,26.6234744711997,-2.85542168674699,26.6105129371748,"J5123 J5124",NA,NA,NA,NA,4,2,472,2,472,1.61240923799687,-1.22498221450294
"B",64,"B64",2023,"07/04/2023","Y31","J2072","EZ62119",12.3,0.1122,0.1058,105.8,3,1.5,0.25,1,527.4,0.0527,2.49,2.49,"Y","M",5.5,"Y31_2023","2022",0,6,6,"J2072_2021","J2072_2022","J2072_2023",NA,NA,NA,NA,43,267.9,43,267.9,NA,"NA_2022","non-owner",NA,NA,"J5088",NA,NA,"NA_2022",NA,32.3919294776778,"positive",1,1,NA,NA,NA,NA,43.525,"NA_2022",234.125,17.8693179695094,"J5088J2072_2023",2021,"NA_2021",NA,NA,NA,NA,NA,NA,NA,1,1,1,3,NA,33.15872026,2,"Y","same_site",32.4048910117027,1.14457831325301,32.3919294776778,"J5088 J2072",NA,NA,NA,NA,5,0,NA,0,NA,1.96255172029005,0.49102662606658
"B",65,"B65",2023,"19/05/2023","Z16","J1001","EY69903",11.4,0.0931,0.0836,83.6,3,1.5,0.25,1,710.1,0.071,4.25,4.25,"Z","F",NA,"Z16_2023","2022",0,8,8,"J1001_2021","J1001_2022","J1001_2023",NA,NA,NA,NA,42,235.4,42,235.4,"Z16","Z16_2022","owner","J2077","J2077","J2077","J1001 J2077","J1001 J2077","J1001 J2077_2022",0.019,6.69118393004464,"positive",1,0,0.019,"J1001J2077",3,"Medium",42.1,"J1001J2077_2022",232.166666666667,4.83440390969311,"J1001J2077_2023",2021,"J1001J2077_2021",NA,0.019,NA,NA,2020,NA,2,1,1,1,3,"Medium",-1.091659255,3,"Z","same_site",6.7041454640695,3.14457831325301,6.69118393004464,"J1001 J2077",-0.0604022671137624,4,2,439.7,4,2,369.9,2,404.8,0.406026121452861,1.34903104635134
"B",67,"B67",2019,"20/05/2019","X35","J803","EY69535",10.5,0.0817,0.0794,79.4,3,1.5,0.25,1,693.9,0.0694,4.37,4.37,"X","F",NA,"X35_2019","2018",4,11,7,"J803_2017","J803_2018","J803_2019",NA,NA,40.4,212.9,NA,NA,40.4,212.9,"X35","X35_2018","owner","J266","J266","J266","J803 J266","J803 J266","J803 J266_2018",0.7675097922,-4.93000894616842,"negative",0,0,0.7675097922,"J803J266",3,"Medium",40.9666666666667,"J803J266_2018",210.233333333333,-8.8837556653186,"J803J266_2019",2017,"J803J266_2017",NA,0.7675097922,NA,NA,NA,NA,NA,1,1,1,3,"",NA,NA,NA,NA,-4.91704741214356,2.14457831325301,-4.93000894616842,"J803 J266",0.688107525086238,5,2,448.9,4,2,364.5,2,406.7,-0.297793313175011,0.920028836208961
"B",68,"B68",2019,"19/05/2019","Z25","J912","EY69743",11,0.0809,0.0702,70.2,3,1.5,0.25,1,726.7,0.0727,5.18,5.18,"Z","F",NA,"Z25_2019","2018",4,9,5,"J912_2017","J912_2018","J912_2019",NA,NA,NA,NA,NA,NA,NA,NA,"Z25","Z25_2018","owner","J1360","J1360","J1360","J912 J1360","J912 J1360","J912 J1360_2018",0.08057138889,NA,NA,NA,0,0.092451802595,"J912J1360",5,"Medium",45.8333333333333,"J912J1360_2018",224.7,-20.2275205775246,"J912J1360_2019",2017,"J912J1360_2017",NA,0.08057138889,0.1043322163,NA,NA,NA,NA,1,1,1,3,"High",NA,NA,NA,NA,-20.2145590434997,0.144578313253012,-20.2275205775246,"J912 J1360",0.0130495354812376,5,3,519.1,5,2,320.8,2.5,419.95,-1.22426326357333,0.0620244159241996
"B",69,"B69",2020,"28/05/2020","Z15","J164","EY40955",11.3,0.0924,0.0867,86.7,3,1.5,0.25,1,655.9,0.0656,3.78,3.78,"Z","F",NA,"Z15_2020","2019",3,10,7,"J164_2018","J164_2019","J164_2020",NA,NA,NA,NA,43.4,216.3,43.4,216.3,"Z15","Z15_2019","owner","J831","J831","J831","J164 J831","J164 J831","J164 J831_2019",0.06077879084,-21.9277723032689,"negative",0,0,0.0318145023685,"J164J831",7,"High",43,"J164J831_2019",220.6,-13.2560772121113,"J164J831_2020",2018,"J164J831_2018",0.2850213897,0.06077879084,NA,NA,NA,NA,NA,1,1,1,3,"High",16.31784567,1,"Z","same_site",-21.914810769244,2.14457831325301,-21.9277723032689,"J164 J831",-0.0475877647452624,2,1,232.6,NA,3,NA,2,232.6,-1.32723635945816,0.920028836208961
"B",70,"B70",2019,"26/05/2019","Y02","J1366","EZ25523",11.3,0.0883,0.0816,81.6,3,1.5,0.25,1,523.7,0.0524,3.21,3.21,"Y","F",NA,"Y02_2019","2018",4,10,6,"J1366_2017","J1366_2018","J1366_2019",NA,NA,NA,NA,40.5,218.5,40.5,218.5,"Y02","Y02_2018","owner","J1890","J1890","J1890","J1366 J1890","J1366 J1890","J1366 J1890_2018",0.02856341594,-0.00993439140512131,"negative",0,0,0.02856341594,"J1366J1890",1,"Low",40.15,"J1366J1890_2018",210.45,-2.74733143750838,"J1366J1890_2019",2017,"J1366J1890_2017",NA,0.02856341594,NA,NA,2020,NA,-2,1,1,1,3,"Medium",NA,NA,NA,NA,0.00302714261973856,1.14457831325301,-0.00993439140512131,"J1366 J1890",-0.0508388511737624,5,3,600.8,5,2,488.1,2.5,544.45,0.000183334174886924,0.49102662606658
"B",71,"B71",2019,"19/05/2019","Z23","J796","EY69528",10.8,0.0897,0.0831,83.1,3,1.5,0.25,1,1061.2,0.1061,6.39,6.39,"Z","F",NA,"Z23_2019","2018",4,11,7,"J796_2017","J796_2018","J796_2019",NA,NA,NA,NA,NA,NA,NA,NA,"Z23","Z23_2018","owner","J1346","J1346","J1346","J796 J1346","J796 J1346","J796 J1346_2018",NA,NA,NA,NA,0,0.02951514813,"J796J1346",7,"High",42.6333333333333,"J796J1346_2018",207.833333333333,-23.3648935452033,"J796J1346_2019",2017,"J796J1346_2017",NA,NA,0.02951514813,NA,NA,NA,NA,1,1,1,3,"High",NA,NA,NA,NA,-23.3519320111784,2.14457831325301,-23.3648935452033,"J796 J1346",-0.0498871189837624,5,3,709.8,3,2,479.5,2.5,594.65,-1.41427336768649,0.920028836208961
"B",72,"B72",2019,"08/06/2019","Z45","J587","EY69550",10.9,0.0983,0.0888,88.8,3,1.5,0.25,1,586.2,0.0586,3.3,3.3,"Z","M",4.33333333333333,"Z45_2019","2018",4,9,5,"J587_2017","J587_2018","J587_2019",NA,NA,NA,NA,NA,NA,NA,NA,"Z33","Z33_2018","owner","J908","J908","J908","J908 J587","J908 J587","J908 J587_2018",0.01169799116,NA,NA,NA,1,0.025298575875,"J908J587",1,"Low",44.48,"J908J587_2018",257.68,13.9334645595959,"J908J587_2019",2017,"J908J587_2017",NA,0.01169799116,0.03889916059,NA,NA,NA,NA,1,1,1,3,"Medium",8.836855508,3,"Z","same_site",13.9464260936208,0.144578313253012,13.9334645595959,"J908 J587",-0.0541036912387624,5,1,223.9,5,2,412.7,1.5,318.3,0.844643560506,0.0620244159241996
"B",73,"B73",2019,"08/06/2019","Z28","J1388","EZ25545",11.2,0.0971,0.0933,93.3,3,1.5,0.25,1,669.6,0.067,3.59,3.59,"Z","M",1.5,"Z28_2019","2018",4,8,4,"J1388_2017","J1388_2018","J1388_2019",NA,NA,NA,NA,NA,NA,NA,NA,NA,"NA_2018","non-owner",NA,NA,"J1469",NA,NA,"NA_2018",NA,NA,NA,NA,1,0.0461141292,NA,NA,NA,43.625,"NA_2018",227.46,16.781752105906,"J1469J1388_2019",2017,"NA_2017",NA,NA,0.0461141292,2016,2019,2,-1,1,1,1,3,NA,NA,NA,NA,NA,16.7947136399309,-0.855421686746988,16.781752105906,"J1469 J1388",-0.0332881379137624,NA,NA,NA,4,0,365.2,0,365.2,1.01714565662084,-0.366977794218181
"B",74,"B74",2019,"27/05/2019","Y22","J1915","EZ25920",10.6,0.0824,0.0746,74.6,3,1.5,0.25,1,736.9,0.0737,4.94,4.94,"Y","F",1.5,"Y22_2019","2018",4,8,4,"J1915_2017","J1915_2018","J1915_2019",NA,NA,NA,NA,44.1,234.3,44.1,234.3,"Y22","Y22_2018","owner","J1507","J1507","J1507","J1915 J1507","J1915 J1507","J1915 J1507_2018",0.1738096635,-8.68725041992571,"negative",0,0,0.0905659731,"J1915J1507",2,"Low",44.4,"J1915J1507_2018",223.133333333333,-22.0391539948903,"J1915J1507_2019",2017,"J1915J1507_2017",NA,0.1738096635,0.0073222827,NA,2022,NA,-4,1,1,1,3,"Medium",NA,NA,NA,NA,-8.67428888590085,-0.855421686746988,-8.68725041992571,"J1915 J1507",0.0111637059862376,5,2,379.5,5,2,407,2,393.25,-0.525344787278242,-0.366977794218181
"B",75,"B75",2019,"19/05/2019","Z45","J908","EY69739",11,0.086,0.0783,78.3,3,1.5,0.25,1,656.5,0.0657,4.19,4.19,"Z","F",1.5,"Z45_2019","2018",4,9,5,"J908_2017","J908_2018","J908_2019",NA,NA,NA,NA,NA,NA,NA,NA,"Z33","Z33_2018","owner","J587","J587","J587","J908 J587","J908 J587","J908 J587_2018",0.01169799116,NA,NA,NA,0,0.025298575875,"J908J587",1,"Low",42.6,"J908J587_2018",229.885714285714,-0.848665969226348,"J908J587_2019",2017,"J908J587_2017",NA,0.01169799116,0.03889916059,NA,NA,NA,NA,1,1,1,3,"Medium",NA,NA,NA,NA,-0.835704435201488,0.144578313253012,-0.848665969226348,"J908 J587",-0.0541036912387624,5,1,223.9,5,2,412.7,1.5,318.3,-0.0506131366516984,0.0620244159241996
"B",76,"B76",2019,"19/05/2019","Z24","J218","EY40872",10.8,0.096,0.0877,87.7,3,1.5,0.25,1,1547.9,0.1548,8.82,8.82,"Z","F",NA,"Z24_2019","2018",4,12,8,"J218_2017","J218_2018","J218_2019",NA,NA,NA,NA,NA,NA,NA,NA,"Z24","Z24_2018","owner","J289","J289","J289","J218 J289","J218 J289","J218 J289_2018",NA,NA,NA,NA,0,0.0265936815,"J218J289",7,"High",42.9666666666667,"J218J289_2018",234.1,0.485545545486373,"J218J289_2019",2017,"J218J289_2017",NA,NA,0.0265936815,NA,NA,NA,NA,1,1,1,3,"High",NA,NA,NA,NA,0.498507079511233,3.14457831325301,0.485545545486373,"J218 J289",-0.0528085856137624,3,2,487.2,5,3,703.6,2.5,595.4,0.0301913043348369,1.34903104635134
"B",77,"B77",2020,"23/05/2020","Z17","J990","EY69888",11.6,0.0921,0.0875,87.5,3,1.5,0.25,1,631,0.0631,3.61,3.61,"Z","F",0.5,"Z17_2020","2019",3,8,5,"J990_2018","J990_2019","J990_2020",NA,NA,NA,NA,43.7,223,43.7,223,"Z17","Z17_2019","owner","J909","J909","J909","J990 J909","J990 J909","J990 J909_2019",NA,-17.267548638979,"negative",0,0,0.0009243398435,"J990J909",2,"Low",43.0666666666667,"J990J909_2019",236.866666666667,2.52734393935996,"J990J909_2020",2018,"J990J909_2018",0.09243398435,NA,NA,NA,NA,NA,NA,1,1,1,3,"Medium",19.57697108,4,"Z","same_site",-17.2545871049541,0.144578313253012,-17.267548638979,"J990 J909",-0.0784779272702624,4,2,435.1,NA,3,NA,2.5,435.1,-1.04499717630567,0.0620244159241996
"B",78,"B78",2020,"30/05/2020","Z10","J42","EY40834",10.7,0.0788,0.0699,69.9,3,1.5,0.25,1,862.1,0.0862,6.17,6.17,"Z","F",0,"Z10_2020","2019",3,11,8,"J42_2018","J42_2019","J42_2020",NA,NA,NA,NA,41.5,205.2,41.5,205.2,"Z10","Z10_2019","owner","J1351","J1351","J1351","J42 J1351","J42 J1351","J42 J1351_2019",NA,-20.109188843772,"negative",0,0,0.0008947889065,"J42J1351",4,"Medium",41.1166666666667,"J42J1351_2019",201.516666666667,-14.5440015561048,"J42J1351_2020",2018,"J42J1351_2018",0.08947889065,NA,NA,NA,NA,NA,NA,1,1,1,3,"Medium",NA,NA,NA,NA,-20.0962273097471,3.14457831325301,-20.109188843772,"J42 J1351",-0.0785074782072624,4,2,241.1,NA,2,NA,2,241.1,-1.21709668654157,1.34903104635134
"B",79,"B79",2020,"31/05/2020","Z44","J908","EY69739",11.4,0.0932,0.0836,83.6,3,1.5,0.25,1,649.9,0.065,3.89,3.89,"Z","F",1.5,"Z44_2020","2019",3,9,6,"J908_2018","J908_2019","J908_2020",NA,NA,NA,NA,NA,NA,NA,NA,"Z45","Z45_2019","owner","J587","J587","J587","J908 J587","J908 J587","J908 J587_2019",0.03889916059,NA,NA,NA,0,0.0195080702508,"J908J587",1,"Low",42.6,"J908J587_2019",229.885714285714,-0.848665969226348,"J908J587_2020",2018,"J908J587_2018",0.01169799116,0.03889916059,NA,NA,NA,NA,NA,1,1,1,3,"Low",NA,NA,NA,NA,-0.835704435201488,1.14457831325301,-0.848665969226348,"J908 J587",-0.0598941968629624,5,2,412.7,NA,2,NA,2,412.7,-0.0506131366516984,0.49102662606658
"B",80,"B80",2020,"25/05/2020","Z29","J1131B","EY69935",12.1,0.114,0.1076,107.6,3,1.5,0.25,1,1665.2,0.1665,7.74,7.74,"Z","M",NA,"Z29_2020","2019",3,8,5,"J1131B_2018","J1131B_2019","J1131B_2020",NA,NA,NA,NA,43.5,247.1,43.5,247.1,"Z29","Z29_2019","owner","J1979","J1979","J1979","J1979 J1131B","J1979 J1131B","J1979 J1131B_2019",NA,8.19230225149438,"positive",1,1,0.0007076417534,"J1979J1131B",2,"Low",43.3714285714286,"J1979J1131B_2019",239.085714285714,7.12804648446352,"J1979J1131B_2020",2018,"J1979J1131B_2018",0.07076417534,NA,NA,NA,2018,NA,1,1,1,1,3,"Medium",37.14997436,3,"Z","same_site",8.20526378551924,0.144578313253012,8.19230225149438,"J1979 J1131B",-0.0786946253603624,5,3,608.2,NA,3,NA,3,608.2,0.496939013060988,0.0620244159241996
"B",81,"B81",2020,"20/05/2020","Z17","J909","EY69740",12.4,0.1091,0.1055,105.5,3,1.5,0.25,1,951,0.0951,4.51,4.51,"Z","M",1.5,"Z17_2020","2019",3,9,6,"J909_2018","J909_2019","J909_2020",NA,NA,NA,NA,45.3,248.3,45.3,248.3,"Z17","Z17_2019","owner","J990","J990","J990","J990 J909","J990 J909","J990 J909_2019",NA,-2.84635576276588,"negative",0,1,0.0009243398435,"J990J909",2,"Low",44.78,"J990J909_2019",253.5,11.5026426730183,"J990J909_2020",2018,"J990J909_2018",0.09243398435,NA,NA,NA,NA,NA,NA,1,1,1,3,"Medium",NA,NA,NA,NA,-2.83339422874102,1.14457831325301,-2.84635576276588,"J990 J909",-0.0784779272702624,4,2,435.1,NA,3,NA,2.5,435.1,-0.171600105547875,0.49102662606658
